date,price
2008-05-21,2399
2008-05-22,2454
2008-05-23,2454
2008-05-24,2444
2008-05-25,2444
2008-05-26,2379
2008-05-27,2379
2008-05-28,2379
2008-05-29,2379
2008-05-30,2409
2008-05-31,2409
2008-06-01,2409
2008-06-02,2417
2008-06-03,2426
2008-06-04,2417
2008-06-05,2382
2008-06-06,2370
2008-06-07,2345
2008-06-08,2313
2008-06-09,2251
2008-06-10,2251
2008-06-11,2257
2008-06-12,2266
2008-06-13,2281
2008-06-14,2298
2008-06-15,2321
2008-06-16,2321
2008-06-17,2327
2008-06-18,2330
2008-06-19,2339
2008-06-20,2344
2008-06-21,2344
2008-06-22,2352
2008-06-23,2361
2008-06-24,2361
2008-06-25,2327
2008-06-26,2284
2008-06-27,2273
2008-06-28,2280
2008-06-29,2295
2008-06-30,2303
2008-07-01,2327
2008-07-02,2333
2008-07-03,2333
2008-07-04,2314
2008-07-05,2298
2008-07-06,2280
2008-07-07,2284
2008-07-08,2285
2008-07-09,2297
2008-07-10,2297
2008-07-11,2293
2008-07-12,2291
2008-07-13,2289
2008-07-14,2285
2008-07-15,2285
2008-07-16,2277
2008-07-17,2272
2008-07-18,2275
2008-07-19,2276
2008-07-20,2258
2008-07-21,2257
2008-07-22,2244
2008-07-23,2232
2008-07-24,2225
2008-07-25,2235
2008-07-26,2235
2008-07-27,2246
2008-07-28,2257
2008-07-29,2268
2008-07-30,2266
2008-07-31,2245
2008-08-01,2245
2008-08-02,2238
2008-08-03,2235
2008-08-04,2225
2008-08-05,2226
2008-08-06,2226
2008-08-07,2231
2008-08-08,2230
2008-08-09,2226
2008-08-10,2228
2008-08-11,2232
2008-08-12,2233
2008-08-13,2238
2008-08-14,2238
2008-08-15,2243
2008-08-16,2245
2008-08-17,2242
2008-08-18,2253
2008-08-19,2266
2008-08-20,2277
2008-08-21,2277
2008-08-22,2283
2008-08-23,2258
2008-08-24,2258
2008-08-25,2255
2008-08-26,2239
2008-08-27,2237
2008-08-28,2238
2008-08-29,2253
2008-08-30,2258
2008-08-31,2258
2008-09-01,2258
2008-09-02,2252
2008-09-03,2252
2008-09-04,2254
2008-09-05,2266
2008-09-06,2266
2008-09-07,2272
2008-09-08,2276
2008-09-09,2276
2008-09-10,2284
2008-09-11,2287
2008-09-12,2294
2008-09-13,2301
2008-09-14,2291
2008-09-15,2281
2008-09-16,2281
2008-09-17,2287
2008-09-18,2312
2008-09-19,2316
2008-09-20,2314
2008-09-21,2314
2008-09-22,2301
2008-09-23,2290
2008-09-24,2287
2008-09-25,2300
2008-09-26,2317
2008-09-27,2279
2008-09-28,2279
2008-09-29,2266
2008-09-30,2270
2008-10-01,2281
2008-10-02,2300
2008-10-03,2317
2008-10-04,2286
2008-10-05,2286
2008-10-06,2285
2008-10-07,2287
2008-10-08,2283
2008-10-09,2283
2008-10-10,2279
2008-10-11,2278
2008-10-12,2279
2008-10-13,2277
2008-10-14,2277
2008-10-15,2274
2008-10-16,2276
2008-10-17,2294
2008-10-18,2332
2008-10-19,2344
2008-10-20,2344
2008-10-21,2362
2008-10-22,2379
2008-10-23,2363
2008-10-24,2363
2008-10-25,2324
2008-10-26,2324
2008-10-27,2305
2008-10-28,2301
2008-10-29,2304
2008-10-30,2299
2008-10-31,2293
2008-11-01,2284
2008-11-02,2273
2008-11-03,2280
2008-11-04,2282
2008-11-05,2282
2008-11-06,2296
2008-11-07,2304
2008-11-08,2306
2008-11-09,2295
2008-11-10,2286
2008-11-11,2282
2008-11-12,2307
2008-11-13,2341
2008-11-14,2372
2008-11-15,2381
2008-11-16,2304
2008-11-17,2305
2008-11-18,2298
2008-11-19,2298
2008-11-20,2311
2008-11-21,2303
2008-11-22,2303
2008-11-23,2291
2008-11-24,2286
2008-11-25,2292
2008-11-26,2292
2008-11-27,2300
2008-11-28,2306
2008-11-29,2306
2008-11-30,2305
2008-12-01,2300
2008-12-02,2299
2008-12-03,2298
2008-12-04,2308
2008-12-05,2317
2008-12-06,2335
2008-12-07,2334
2008-12-08,2317
2008-12-09,2317
2008-12-10,2310
2008-12-11,2312
2008-12-12,2312
2008-12-13,2307
2008-12-14,2302
2008-12-15,2305
2008-12-16,2315
2008-12-17,2399
2008-12-18,2426
2008-12-19,2370
2008-12-20,2370
2008-12-21,2324
2008-12-22,2273
2008-12-23,2271
2008-12-24,2278
2008-12-25,2278
2008-12-26,2293
2008-12-27,2293
2008-12-28,2296
2008-12-29,2299
2008-12-30,2298
2008-12-31,2292
2009-01-01,2292
2009-01-02,2273
2009-01-03,2257
2009-01-04,2249
2009-01-05,2257
2009-01-06,2274
2009-01-07,2285
2009-01-08,2298
2009-01-09,2308
2009-01-10,2293
2009-01-11,2293
2009-01-12,2286
2009-01-13,2291
2009-01-14,2291
2009-01-15,2294
2009-01-16,2282
2009-01-17,2271
2009-01-18,2272
2009-01-19,2272
2009-01-20,2277
2009-01-21,2276
2009-01-22,2276
2009-01-23,2283
2009-01-24,2283
2009-01-25,2284
2009-01-26,2284
2009-01-27,2289
2009-01-28,2304
2009-01-29,2304
2009-01-30,2319
2009-01-31,2315
2009-02-01,2306
2009-02-02,2306
2009-02-03,2307
2009-02-04,2322
2009-02-05,2342
2009-02-06,2345
2009-02-07,2340
2009-02-08,2340
2009-02-09,2330
2009-02-10,2331
2009-02-11,2331
2009-02-12,2334
2009-02-13,2343
2009-02-14,2351
2009-02-15,2344
2009-02-16,2326
2009-02-17,2291
2009-02-18,2291
2009-02-19,2282
2009-02-20,2282
2009-02-21,2294
2009-02-22,2294
2009-02-23,2295
2009-02-24,2299
2009-02-25,2306
2009-02-26,2319
2009-02-27,2326
2009-02-28,2327
2009-03-01,2312
2009-03-02,2307
2009-03-03,2309
2009-03-04,2316
2009-03-05,2316
2009-03-06,2323
2009-03-07,2325
2009-03-08,2324
2009-03-09,2329
2009-03-10,2339
2009-03-11,2339
2009-03-12,2347
2009-03-13,2363
2009-03-14,2363
2009-03-15,2356
2009-03-16,2347
2009-03-17,2342
2009-03-18,2327
2009-03-19,2325
2009-03-20,2327
2009-03-21,2332
2009-03-22,2344
2009-03-23,2345
2009-03-24,2342
2009-03-25,2351
2009-03-26,2355
2009-03-27,2358
2009-03-28,2358
2009-03-29,2358
2009-03-30,2363
2009-03-31,2367
2009-04-01,2370
2009-04-02,2376
2009-04-03,2376
2009-04-04,2366
2009-04-05,2338
2009-04-06,2338
2009-04-07,2335
2009-04-08,2339
2009-04-09,2340
2009-04-10,2348
2009-04-11,2333
2009-04-12,2317
2009-04-13,2323
2009-04-14,2323
2009-04-15,2337
2009-04-16,2342
2009-04-17,2342
2009-04-18,2347
2009-04-19,2328
2009-04-20,2328
2009-04-21,2330
2009-04-22,2336
2009-04-23,2343
2009-04-24,2347
2009-04-25,2349
2009-04-26,2348
2009-04-27,2347
2009-04-28,2316
2009-04-29,2316
2009-04-30,2321
2009-05-01,2321
2009-05-02,2321
2009-05-03,2316
2009-05-04,2316
2009-05-05,2313
2009-05-06,2315
2009-05-07,2314
2009-05-08,2313
2009-05-09,2313
2009-05-10,2311
2009-05-11,2308
2009-05-12,2305
2009-05-13,2302
2009-05-14,2296
2009-05-15,2292
2009-05-16,2292
2009-05-17,2290
2009-05-18,2279
2009-05-19,2282
2009-05-20,2285
2009-05-21,2288
2009-05-22,2292
2009-05-23,2296
2009-05-24,2299
2009-05-25,2289
2009-05-26,2290
2009-05-27,2290
2009-05-28,2295
2009-05-29,2295
2009-05-30,2300
2009-05-31,2309
2009-06-01,2314
2009-06-02,2317
2009-06-03,2317
2009-06-04,2320
2009-06-05,2305
2009-06-06,2305
2009-06-07,2302
2009-06-08,2304
2009-06-09,2305
2009-06-10,2306
2009-06-11,2313
2009-06-12,2314
2009-06-13,2314
2009-06-14,2316
2009-06-15,2320
2009-06-16,2324
2009-06-17,2326
2009-06-18,2323
2009-06-19,2323
2009-06-20,2325
2009-06-21,2326
2009-06-22,2330
2009-06-23,2334
2009-06-24,2338
2009-06-25,2340
2009-06-26,2340
2009-06-27,2344
2009-06-28,2406
2009-06-29,2406
2009-06-30,2438
2009-07-01,2463
2009-07-02,2482
2009-07-03,2493
2009-07-04,2428
2009-07-05,2428
2009-07-06,2440
2009-07-07,2497
2009-07-08,2531
2009-07-09,2531
2009-07-10,2564
2009-07-11,2682
2009-07-12,2682
2009-07-13,2746
2009-07-14,2592
2009-07-15,2472
2009-07-16,2457
2009-07-17,2509
2009-07-18,2542
2009-07-19,2670
2009-07-20,2670
2009-07-21,2671
2009-07-22,2565
2009-07-23,2565
2009-07-24,2552
2009-07-25,2575
2009-07-26,2607
2009-07-27,2634
2009-07-28,2634
2009-07-29,2600
2009-07-30,2600
2009-07-31,2616
2009-08-01,2639
2009-08-02,2659
2009-08-03,2668
2009-08-04,2679
2009-08-05,2682
2009-08-06,2688
2009-08-07,2698
2009-08-08,2701
2009-08-09,2709
2009-08-10,2723
2009-08-11,2715
2009-08-12,2677
2009-08-13,2669
2009-08-14,2664
2009-08-15,2655
2009-08-16,2634
2009-08-17,2634
2009-08-18,2619
2009-08-19,2653
2009-08-20,2653
2009-08-21,2725
2009-08-22,2725
2009-08-23,2723
2009-08-24,2707
2009-08-25,2686
2009-08-26,2686
2009-08-27,2699
2009-08-28,2699
2009-08-29,2710
2009-08-30,2713
2009-08-31,2715
2009-09-01,2717
2009-09-02,2689
2009-09-03,2681
2009-09-04,2681
2009-09-05,2695
2009-09-06,2700
2009-09-07,2749
2009-09-08,2749
2009-09-09,2782
2009-09-10,2767
2009-09-11,2770
2009-09-12,2781
2009-09-13,2797
2009-09-14,2813
2009-09-15,2834
2009-09-16,2892
2009-09-17,2853
2009-09-18,2823
2009-09-19,2797
2009-09-20,2767
2009-09-21,2749
2009-09-22,2776
2009-09-23,2808
2009-09-24,2855
2009-09-25,2922
2009-09-26,2922
2009-09-27,2923
2009-09-28,2888
2009-09-29,2869
2009-09-30,2815
2009-10-01,2815
2009-10-02,2818
2009-10-03,2818
2009-10-04,2834
2009-10-05,2821
2009-10-06,2821
2009-10-07,2825
2009-10-08,2825
2009-10-09,2841
2009-10-10,2845
2009-10-11,2847
2009-10-12,2847
2009-10-13,2865
2009-10-14,2865
2009-10-15,2910
2009-10-16,2921
2009-10-17,2921
2009-10-18,3005
2009-10-19,2983
2009-10-20,2987
2009-10-21,3005
2009-10-22,3005
2009-10-23,3108
2009-10-24,3210
2009-10-25,3141
2009-10-26,3190
2009-10-27,3190
2009-10-28,3022
2009-10-29,3022
2009-10-30,2960
2009-10-31,2970
2009-11-01,2995
2009-11-02,3028
2009-11-03,3103
2009-11-04,3106
2009-11-05,3059
2009-11-06,3059
2009-11-07,3023
2009-11-08,3023
2009-11-09,3001
2009-11-10,3047
2009-11-11,3046
2009-11-12,3046
2009-11-13,3058
2009-11-14,3045
2009-11-15,3062
2009-11-16,3026
2009-11-17,3023
2009-11-18,3012
2009-11-19,3012
2009-11-20,2992
2009-11-21,2959
2009-11-22,2929
2009-11-23,2929
2009-11-24,2925
2009-11-25,2967
2009-11-26,2990
2009-11-27,2986
2009-11-28,2958
2009-11-29,2938
2009-11-30,2956
2009-12-01,2956
2009-12-02,2946
2009-12-03,2961
2009-12-04,2980
2009-12-05,2980
2009-12-06,2975
2009-12-07,2972
2009-12-08,2972
2009-12-09,2982
2009-12-10,2987
2009-12-11,2987
2009-12-12,2996
2009-12-13,3003
2009-12-14,3007
2009-12-15,3012
2009-12-16,3001
2009-12-17,2960
2009-12-18,2960
2009-12-19,2962
2009-12-20,2972
2009-12-21,2941
2009-12-22,2941
2009-12-23,2938
2009-12-24,2948
2009-12-25,2968
2009-12-26,3015
2009-12-27,3015
2009-12-28,3015
2009-12-29,3051
2009-12-30,3051
2009-12-31,3059
2010-01-01,3053
2010-01-02,3006
2010-01-03,2991
2010-01-04,2961
2010-01-05,2950
2010-01-06,2950
2010-01-07,2955
2010-01-08,2961
2010-01-09,2975
2010-01-10,3005
2010-01-11,3005
2010-01-12,3039
2010-01-13,3039
2010-01-14,3034
2010-01-15,3034
2010-01-16,3023
2010-01-17,3035
2010-01-18,3035
2010-01-19,3023
2010-01-20,3023
2010-01-21,3000
2010-01-22,2969
2010-01-23,2969
2010-01-24,3000
2010-01-25,3000
2010-01-26,3007
2010-01-27,2993
2010-01-28,2977
2010-01-29,2975
2010-01-30,2987
2010-01-31,2991
2010-02-01,2979
2010-02-02,2979
2010-02-03,2979
2010-02-04,2979
2010-02-05,2984
2010-02-06,2993
2010-02-07,2997
2010-02-08,2982
2010-02-09,2982
2010-02-10,2958
2010-02-11,2966
2010-02-13,3003
2010-02-14,2991
2010-02-15,2985
2010-02-16,2985
2010-02-17,2998
2010-02-18,3092
2010-02-19,3163
2010-02-20,3163
2010-02-21,3149
2010-02-22,3104
2010-02-23,3104
2010-02-24,3119
2010-02-25,3127
2010-02-26,3213
2010-02-27,3213
2010-02-28,3374
2010-03-01,3543
2010-03-02,3721
2010-03-03,3726
2010-03-04,3362
2010-03-05,3362
2010-03-06,3193
2010-03-07,3033
2010-03-08,3016
2010-03-09,3113
2010-03-10,3151
2010-03-11,3126
2010-03-12,3111
2010-03-13,3083
2010-03-14,3016
2010-03-15,3029
2010-03-16,3029
2010-03-17,3055
2010-03-18,3093
2010-03-19,3105
2010-03-20,3100
2010-03-21,3095
2010-03-22,3123
2010-03-23,3117
2010-03-24,3117
2010-03-25,3072
2010-03-26,3059
2010-03-27,3059
2010-03-28,3071
2010-03-29,3091
2010-03-30,3109
2010-03-31,3146
2010-04-01,3177
2010-04-02,3198
2010-04-03,3186
2010-04-04,3141
2010-04-05,3082
2010-04-06,3063
2010-04-07,3063
2010-04-08,3070
2010-04-09,3082
2010-04-10,3082
2010-04-11,3078
2010-04-12,3077
2010-04-13,3080
2010-04-14,3080
2010-04-15,3085
2010-04-16,3116
2010-04-17,3116
2010-04-18,3217
2010-04-19,3258
2010-04-20,3258
2010-04-21,3324
2010-04-22,3324
2010-04-23,3365
2010-04-24,3365
2010-04-25,3253
2010-04-26,3163
2010-04-27,3178
2010-04-28,3258
2010-04-29,3258
2010-04-30,3292
2010-05-01,3306
2010-05-02,3276
2010-05-03,3206
2010-05-04,3206
2010-05-05,3260
2010-05-06,3260
2010-05-07,3268
2010-05-08,3268
2010-05-09,3219
2010-05-10,3219
2010-05-11,3235
2010-05-12,3236
2010-05-13,3213
2010-05-14,3185
2010-05-15,3183
2010-05-16,3208
2010-05-17,3234
2010-05-18,3245
2010-05-19,3263
2010-05-20,3263
2010-05-21,3267
2010-05-22,3237
2010-05-23,3160
2010-05-24,3113
2010-05-25,3103
2010-05-26,3124
2010-05-27,3124
2010-05-28,3145
2010-05-29,3122
2010-05-30,3074
2010-05-31,3058
2010-06-01,3058
2010-06-02,3064
2010-06-03,3064
2010-06-04,3066
2010-06-05,3072
2010-06-06,3081
2010-06-07,3059
2010-06-08,3053
2010-06-09,3053
2010-06-10,3061
2010-06-11,3061
2010-06-12,3061
2010-06-13,3056
2010-06-14,3058
2010-06-15,3045
2010-06-16,3036
2010-06-17,3036
2010-06-18,3047
2010-06-19,3047
2010-06-20,3037
2010-06-21,3030
2010-06-22,3033
2010-06-23,3033
2010-06-24,3040
2010-06-25,3040
2010-06-26,3079
2010-06-27,3119
2010-06-28,3103
2010-06-29,3059
2010-06-30,3065
2010-07-01,3065
2010-07-02,3080
2010-07-03,3090
2010-07-04,3116
2010-07-05,3234
2010-07-06,3234
2010-07-07,3342
2010-07-08,3354
2010-07-09,3270
2010-07-10,3270
2010-07-11,3180
2010-07-12,3181
2010-07-13,3274
2010-07-14,3274
2010-07-15,3224
2010-07-16,3224
2010-07-17,3163
2010-07-18,3128
2010-07-19,3118
2010-07-20,3139
2010-07-21,3139
2010-07-22,3128
2010-07-23,3117
2010-07-24,3117
2010-07-25,3118
2010-07-26,3177
2010-07-27,3182
2010-07-28,3213
2010-07-29,3306
2010-07-30,3306
2010-07-31,3293
2010-08-01,3253
2010-08-02,3172
2010-08-03,3172
2010-08-04,3158
2010-08-05,3131
2010-08-06,3098
2010-08-07,3035
2010-08-08,2983
2010-08-09,2999
2010-08-10,3095
2010-08-11,3046
2010-08-12,3046
2010-08-13,3017
2010-08-14,3041
2010-08-15,3072
2010-08-16,3105
2010-08-17,3051
2010-08-18,3051
2010-08-19,3095
2010-08-20,3095
2010-08-21,3216
2010-08-22,3376
2010-08-23,3542
2010-08-24,3720
2010-08-25,3906
2010-08-26,3652
2010-08-27,3470
2010-08-28,3470
2010-08-29,3298
2010-08-30,3291
2010-08-31,3314
2010-09-01,3314
2010-09-02,3323
2010-09-03,3371
2010-09-04,3414
2010-09-05,3164
2010-09-06,3164
2010-09-07,3204
2010-09-08,3204
2010-09-09,3219
2010-09-10,3238
2010-09-11,3265
2010-09-12,3316
2010-09-13,3351
2010-09-14,3308
2010-09-15,3308
2010-09-16,3273
2010-09-17,3257
2010-09-18,3214
2010-09-19,3214
2010-09-20,3144
2010-09-21,3144
2010-09-22,3129
2010-09-23,3129
2010-09-24,3129
2010-09-25,3132
2010-09-26,3118
2010-09-27,3068
2010-09-28,3060
2010-09-29,3060
2010-09-30,3151
2010-10-01,3151
2010-10-02,3170
2010-10-03,3157
2010-10-04,3121
2010-10-05,3080
2010-10-06,3054
2010-10-07,3053
2010-10-08,3078
2010-10-09,3078
2010-10-10,3082
2010-10-11,3084
2010-10-12,3084
2010-10-13,3079
2010-10-14,3083
2010-10-15,3098
2010-10-16,3098
2010-10-17,3103
2010-10-18,3114
2010-10-19,3130
2010-10-20,3130
2010-10-21,3147
2010-10-22,3147
2010-10-23,3137
2010-10-24,3133
2010-10-25,3137
2010-10-26,3137
2010-10-27,3130
2010-10-28,3127
2010-10-29,3137
2010-10-30,3159
2010-10-31,3195
2010-11-01,3173
2010-11-02,3173
2010-11-03,3110
2010-11-04,3094
2010-11-05,3072
2010-11-06,3072
2010-11-07,3055
2010-11-08,3041
2010-11-09,3048
2010-11-10,3048
2010-11-11,3095
2010-11-12,3130
2010-11-13,3134
2010-11-14,3128
2010-11-15,3101
2010-11-16,3101
2010-11-17,3058
2010-11-18,3058
2010-11-19,3056
2010-11-20,3063
2010-11-21,3076
2010-11-22,3076
2010-11-23,3065
2010-11-24,3054
2010-11-25,3054
2010-11-26,3059
2010-11-27,3078
2010-11-28,3111
2010-11-29,3111
2010-11-30,3126
2010-12-01,3017
2010-12-02,3001
2010-12-03,3001
2010-12-04,3016
2010-12-05,3026
2010-12-06,3014
2010-12-07,3014
2010-12-08,3011
2010-12-09,3006
2010-12-10,3006
2010-12-11,3008
2010-12-12,3008
2010-12-13,3007
2010-12-14,3004
2010-12-15,2992
2010-12-16,2980
2010-12-17,2991
2010-12-18,2991
2010-12-19,2988
2010-12-20,2988
2010-12-21,2992
2010-12-22,2808
2010-12-23,2761
2010-12-24,2866
2010-12-25,2866
2010-12-26,2920
2010-12-27,2924
2010-12-28,2870
2010-12-29,2828
2010-12-30,2805
2010-12-31,2775
2011-01-01,2775
2011-01-02,2731
2011-01-03,2712
2011-01-04,2712
2011-01-05,2741
2011-01-06,2773
2011-01-07,2773
2011-01-08,2772
2011-01-09,2719
2011-01-10,2683
2011-01-11,2705
2011-01-12,2617
2011-01-13,2569
2011-01-14,2608
2011-01-15,2608
2011-01-16,2659
2011-01-17,2664
2011-01-18,2602
2011-01-19,2540
2011-01-20,2540
2011-01-21,2527
2011-01-22,2571
2011-01-23,2571
2011-01-24,2575
2011-01-25,2575
2011-01-26,2570
2011-01-27,2559
2011-01-28,2559
2011-01-29,2472
2011-01-30,2472
2011-01-31,2443
2011-02-01,2443
2011-02-02,2425
2011-02-03,2268
2011-02-04,2268
2011-02-05,2277
2011-02-06,2277
2011-02-07,2382
2011-02-08,2577
2011-02-09,2577
2011-02-10,2577
2011-02-11,2493
2011-02-12,2554
2011-02-13,2638
2011-02-14,2638
2011-02-15,2686
2011-02-16,2688
2011-02-17,2688
2011-02-18,2704
2011-02-19,2704
2011-02-20,2685
2011-02-21,2634
2011-02-22,2634
2011-02-23,2581
2011-02-24,2556
2011-02-25,2665
2011-02-26,2799
2011-02-27,2863
2011-02-28,2841
2011-03-01,2841
2011-03-02,2777
2011-03-03,2844
2011-03-04,2843
2011-03-05,2843
2011-03-06,2671
2011-03-07,2671
2011-03-08,2671
2011-03-09,2715
2011-03-10,2515
2011-03-11,2559
2011-03-12,2559
2011-03-13,2575
2011-03-14,2536
2011-03-15,2516
2011-03-16,2516
2011-03-17,2397
2011-03-18,2397
2011-03-19,2352
2011-03-20,2352
2011-03-21,2433
2011-03-22,2419
2011-03-23,2419
2011-03-24,2419
2011-03-25,2339
2011-03-26,2333
2011-03-27,2314
2011-03-28,2344
2011-03-29,2371
2011-03-30,2371
2011-03-31,2358
2011-04-01,2358
2011-04-02,2327
2011-04-03,2269
2011-04-04,2239
2011-04-05,2239
2011-04-06,2322
2011-04-07,2322
2011-04-08,2248
2011-04-09,2242
2011-04-10,2195
2011-04-11,2243
2011-04-12,2274
2011-04-13,2274
2011-04-14,2299
2011-04-15,2299
2011-04-16,2284
2011-04-17,2235
2011-04-18,2235
2011-04-19,2235
2011-04-20,2242
2011-04-21,2232
2011-04-22,2260
2011-04-23,2260
2011-04-24,2244
2011-04-25,2221
2011-04-26,2223
2011-04-27,2239
2011-04-28,2239
2011-04-29,2220
2011-04-30,2211
2011-05-01,2211
2011-05-02,2200
2011-05-03,2198
2011-05-04,2189
2011-05-05,2211
2011-05-06,2211
2011-05-07,2201
2011-05-08,2200
2011-05-09,2166
2011-05-10,2152
2011-05-11,2152
2011-05-12,2123
2011-05-13,2088
2011-05-14,2088
2011-05-15,2102
2011-05-16,2142
2011-05-17,2165
2011-05-18,2152
2011-05-19,2152
2011-05-20,2101
2011-05-21,2122
2011-05-22,2149
2011-05-23,2149
2011-05-24,2149
2011-05-25,2188
2011-05-26,2185
2011-05-27,2178
2011-05-28,2157
2011-05-29,2137
2011-05-30,2187
2011-05-31,2160
2011-06-01,2160
2011-06-02,2160
2011-06-03,2142
2011-06-04,2142
2011-06-05,2265
2011-06-06,2265
2011-06-07,2363
2011-06-08,2435
2011-06-09,2416
2011-06-10,2441
2011-06-11,2445
2011-06-12,2302
2011-06-13,2291
2011-06-14,2291
2011-06-15,2279
2011-06-16,2279
2011-06-17,2277
2011-06-18,2238
2011-06-19,2238
2011-06-20,2238
2011-06-21,2282
2011-06-22,2319
2011-06-23,2370
2011-06-24,2377
2011-06-25,2353
2011-06-26,2324
2011-06-27,2315
2011-06-28,2359
2011-06-29,2407
2011-06-30,2404
2011-07-01,2438
2011-07-02,2438
2011-07-03,2505
2011-07-04,2513
2011-07-05,2498
2011-07-06,2498
2011-07-07,2415
2011-07-08,2448
2011-07-09,2494
2011-07-10,2494
2011-07-11,2614
2011-07-12,2629
2011-07-13,2612
2011-07-14,2586
2011-07-15,2586
2011-07-16,2586
2011-07-17,2584
2011-07-18,2563
2011-07-19,2563
2011-07-20,2620
2011-07-21,2649
2011-07-22,2649
2011-07-23,2644
2011-07-24,2622
2011-07-25,2597
2011-07-26,2597
2011-07-27,2589
2011-07-28,2589
2011-07-29,2555
2011-07-30,2597
2011-07-31,2638
2011-08-01,2605
2011-08-02,2605
2011-08-03,2588
2011-08-04,2588
2011-08-05,2508
2011-08-06,2464
2011-08-07,2391
2011-08-08,2346
2011-08-09,2346
2011-08-10,2327
2011-08-11,2408
2011-08-12,2408
2011-08-13,2465
2011-08-14,2418
2011-08-15,2365
2011-08-16,2365
2011-08-17,2365
2011-08-18,2273
2011-08-19,2273
2011-08-20,2221
2011-08-21,2218
2011-08-22,2164
2011-08-23,2164
2011-08-24,2249
2011-08-25,2249
2011-08-26,2338
2011-08-27,2338
2011-08-28,2330
2011-08-29,2248
2011-08-30,2248
2011-08-31,2195
2011-09-01,2195
2011-09-02,2207
2011-09-03,2198
2011-09-04,2196
2011-09-05,2186
2011-09-06,2186
2011-09-07,2196
2011-09-08,2196
2011-09-09,2265
2011-09-10,2265
2011-09-11,2300
2011-09-12,2243
2011-09-13,2171
2011-09-14,2171
2011-09-15,2148
2011-09-16,2152
2011-09-17,2152
2011-09-18,2139
2011-09-19,2139
2011-09-20,2139
2011-09-21,2116
2011-09-22,2116
2011-09-23,2088
2011-09-24,2112
2011-09-25,2121
2011-09-26,2105
2011-09-27,2096
2011-09-28,2096
2011-09-29,2096
2011-09-30,2125
2011-10-01,2127
2011-10-02,2121
2011-10-03,2121
2011-10-04,2134
2011-10-05,2108
2011-10-06,2108
2011-10-07,2116
2011-10-08,2116
2011-10-09,2105
2011-10-10,2097
2011-10-11,2099
2011-10-12,2099
2011-10-13,2096
2011-10-14,2132
2011-10-15,2132
2011-10-16,2122
2011-10-17,2134
2011-10-18,2122
2011-10-19,2120
2011-10-20,2120
2011-10-21,2112
2011-10-22,2205
2011-10-23,2300
2011-10-24,2300
2011-10-25,2300
2011-10-26,2356
2011-10-27,2315
2011-10-28,2249
2011-10-29,2193
2011-10-30,2218
2011-10-31,2218
2011-11-01,2422
2011-11-02,2422
2011-11-03,2487
2011-11-04,2462
2011-11-05,2462
2011-11-06,2527
2011-11-07,2559
2011-11-08,2559
2011-11-09,2579
2011-11-10,2657
2011-11-11,2733
2011-11-12,2733
2011-11-13,2545
2011-11-14,2545
2011-11-15,2419
2011-11-16,2350
2011-11-17,2516
2011-11-18,2516
2011-11-19,2601
2011-11-20,2601
2011-11-21,2663
2011-11-22,2752
2011-11-23,2845
2011-11-24,2910
2011-11-25,2910
2011-11-26,2784
2011-11-27,2784
2011-11-28,2658
2011-11-29,2719
2011-11-30,2786
2011-12-01,2786
2011-12-02,2922
2011-12-03,2922
2011-12-04,2980
2011-12-05,3001
2011-12-06,3013
2011-12-07,3043
2011-12-08,3066
2011-12-09,3180
2011-12-10,3230
2011-12-11,3330
2011-12-12,3325
2011-12-13,3365
2011-12-14,3349
2011-12-15,3272
2011-12-16,3130
2011-12-17,3017
2011-12-18,3005
2011-12-19,3076
2011-12-20,3200
2011-12-21,3256
2011-12-22,3361
2011-12-23,3401
2011-12-24,3389
2011-12-25,3239
2011-12-26,3155
2011-12-27,3196
2011-12-28,3173
2011-12-29,3223
2011-12-30,3207
2011-12-31,3207
2012-01-01,3208
2012-01-02,3200
2012-01-03,3194
2012-01-04,3187
2012-01-05,3098
2012-01-06,3066
2012-01-07,3122
2012-01-08,3134
2012-01-09,3134
2012-01-10,3181
2012-01-11,3173
2012-01-12,3224
2012-01-13,3332
2012-01-14,3365
2012-01-15,3381
2012-01-16,3353
2012-01-17,3290
2012-01-18,3262
2012-01-19,3304
2012-01-20,3316
2012-01-21,3323
2012-01-22,3361
2012-01-23,3467
2012-01-24,3445
2012-01-25,3521
2012-01-26,3535
2012-01-27,3536
2012-01-28,3531
2012-01-29,3503
2012-01-30,3393
2012-01-31,3301
2012-02-01,3318
2012-02-02,3421
2012-02-03,3382
2012-02-04,3407
2012-02-05,3472
2012-02-06,3478
2012-02-07,3439
2012-02-08,3473
2012-02-09,3500
2012-02-10,3499
2012-02-11,3443
2012-02-12,3388
2012-02-13,3326
2012-02-14,3312
2012-02-15,3306
2012-02-16,3305
2012-02-17,3304
2012-02-18,3339
2012-02-19,3311
2012-02-20,3299
2012-02-21,3276
2012-02-22,3233
2012-02-23,3227
2012-02-24,3307
2012-02-25,3331
2012-02-26,3269
2012-02-27,3227
2012-02-28,3264
2012-02-29,3228
2012-03-01,3235
2012-03-02,3396
2012-03-03,3542
2012-03-04,3601
2012-03-05,3533
2012-03-06,3427
2012-03-07,3255
2012-03-08,3214
2012-03-09,3273
2012-03-10,3199
2012-03-11,3179
2012-03-12,3180
2012-03-13,3135
2012-03-14,3111
2012-03-15,3124
2012-03-16,3166
2012-03-17,3217
2012-03-18,3121
2012-03-19,3080
2012-03-20,2957
2012-03-21,2895
2012-03-22,2835
2012-03-23,2769
2012-03-24,2703
2012-03-25,2638
2012-03-26,2572
2012-03-27,2506
2012-03-28,2474
2012-03-29,2475
2012-03-30,2527
2012-03-31,2578
2012-04-01,2580
2012-04-02,2582
2012-04-03,2550
2012-04-04,2498
2012-04-05,2475
2012-04-06,2438
2012-04-07,2440
2012-04-08,2410
2012-04-09,2390
2012-04-10,2412
2012-04-11,2453
2012-04-12,2433
2012-04-13,2426
2012-04-14,2443
2012-04-15,2490
2012-04-16,2491
2012-04-17,2403
2012-04-18,2388
2012-04-19,2392
2012-04-20,2379
2012-04-21,2396
2012-04-22,2403
2012-04-23,2343
2012-04-24,2375
2012-04-25,2399
2012-04-26,2392
2012-04-27,2396
2012-04-28,2416
2012-04-29,2382
2012-04-30,2354
2012-05-01,2342
2012-05-02,2254
2012-05-03,2231
2012-05-04,2291
2012-05-05,2356
2012-05-06,2444
2012-05-07,2417
2012-05-08,2397
2012-05-09,2371
2012-05-10,2357
2012-05-11,2308
2012-05-12,2289
2012-05-13,2284
2012-05-14,2303
2012-05-15,2266
2012-05-16,2310
2012-05-17,2276
2012-05-18,2254
2012-05-19,2197
2012-05-20,2104
2012-05-21,2098
2012-05-22,2181
2012-05-23,2227
2012-05-24,2195
2012-05-25,2223
2012-05-26,2216
2012-05-27,2210
2012-05-28,2243
2012-05-29,2285
2012-05-30,2230
2012-05-31,2257
2012-06-01,2279
2012-06-02,2268
2012-06-03,2306
2012-06-04,2284
2012-06-05,2318
2012-06-06,2317
2012-06-07,2291
2012-06-08,2282
2012-06-09,2259
2012-06-10,2253
2012-06-11,2249
2012-06-12,2253
2012-06-13,2225
2012-06-14,2234
2012-06-15,2231
2012-06-16,2262
2012-06-17,2243
2012-06-18,2264
2012-06-19,2309
2012-06-20,2260
2012-06-21,2291
2012-06-22,2311
2012-06-23,2308
2012-06-24,2359
2012-06-25,2382
2012-06-26,2342
2012-06-27,2337
2012-06-28,2325
2012-06-29,2255
2012-06-30,2235
2012-07-01,2286
2012-07-02,2266
2012-07-03,2332
2012-07-04,2386
2012-07-05,2334
2012-07-06,2408
2012-07-07,2475
2012-07-08,2416
2012-07-09,2403
2012-07-10,2373
2012-07-11,2319
2012-07-12,2331
2012-07-13,2310
2012-07-14,2298
2012-07-15,2318
2012-07-16,2334
2012-07-17,2291
2012-07-18,2257
2012-07-19,2256
2012-07-20,2240
2012-07-21,2272
2012-07-22,2288
2012-07-23,2264
2012-07-24,2272
2012-07-25,2290
2012-07-26,2273
2012-07-27,2303
2012-07-28,2283
2012-07-29,2252
2012-07-30,2271
2012-07-31,2279
2012-08-01,2268
2012-08-02,2213
2012-08-03,2238
2012-08-04,2262
2012-08-05,2264
2012-08-06,2266
2012-08-07,2267
2012-08-08,2263
2012-08-09,2276
2012-08-10,2284
2012-08-11,2269
2012-08-12,2259
2012-08-13,2265
2012-08-14,2280
2012-08-15,2275
2012-08-16,2292
2012-08-17,2308
2012-08-18,2307
2012-08-19,2292
2012-08-20,2292
2012-08-21,2272
2012-08-22,2274
2012-08-23,2278
2012-08-24,2266
2012-08-25,2281
2012-08-26,2296
2012-08-27,2290
2012-08-28,2278
2012-08-29,2262
2012-08-30,2279
2012-08-31,2289
2012-09-01,2295
2012-09-02,2280
2012-09-03,2275
2012-09-04,2305
2012-09-05,2293
2012-09-06,2290
2012-09-07,2301
2012-09-08,2345
2012-09-09,2462
2012-09-10,2440
2012-09-11,2473
2012-09-12,2529
2012-09-13,2557
2012-09-14,2683
2012-09-15,2742
2012-09-16,2625
2012-09-17,2523
2012-09-18,2499
2012-09-19,2462
2012-09-20,2416
2012-09-21,2370
2012-09-22,2451
2012-09-23,2442
2012-09-24,2434
2012-09-25,2409
2012-09-26,2423
2012-09-27,2488
2012-09-28,2498
2012-09-29,2493
2012-09-30,2444
2012-10-01,2372
2012-10-02,2354
2012-10-03,2322
2012-10-04,2287
2012-10-05,2276
2012-10-06,2249
2012-10-07,2240
2012-10-08,2308
2012-10-09,2286
2012-10-10,2277
2012-10-11,2305
2012-10-12,2396
2012-10-13,2495
2012-10-14,2476
2012-10-15,2455
2012-10-16,2438
2012-10-17,2420
2012-10-18,2460
2012-10-19,2489
2012-10-20,2529
2012-10-21,2503
2012-10-22,2450
2012-10-23,2473
2012-10-24,2463
2012-10-25,2453
2012-10-26,2403
2012-10-27,2481
2012-10-28,2529
2012-10-29,2472
2012-10-30,2379
2012-10-31,2353
2012-11-01,2316
2012-11-02,2217
2012-11-03,2205
2012-11-04,2274
2012-11-05,2226
2012-11-06,2222
2012-11-07,2218
2012-11-08,2213
2012-11-09,2209
2012-11-10,2205
2012-11-11,2201
2012-11-12,2196
2012-11-13,2192
2012-11-14,2235
2012-11-15,2265
2012-11-16,2299
2012-11-17,2192
2012-11-18,2175
2012-11-19,2206
2012-11-20,2195
2012-11-21,2182
2012-11-22,2218
2012-11-23,2228
2012-11-24,2230
2012-11-25,2279
2012-11-26,2318
2012-11-27,2391
2012-11-28,2499
2012-11-29,2586
2012-11-30,2691
2012-12-01,2760
2012-12-02,2632
2012-12-03,2582
2012-12-04,2499
2012-12-05,2496
2012-12-06,2566
2012-12-07,2609
2012-12-08,2720
2012-12-09,2768
2012-12-10,2680
2012-12-11,2713
2012-12-12,2735
2012-12-13,2775
2012-12-14,2754
2012-12-15,2803
2012-12-16,2852
2012-12-17,2824
2012-12-18,2816
2012-12-19,2832
2012-12-20,2765
2012-12-21,2685
2012-12-22,2745
2012-12-23,2660
2012-12-24,2607
2012-12-25,2558
2012-12-26,2487
2012-12-27,2432
2012-12-28,2422
2012-12-29,2390
2012-12-30,2412
2012-12-31,2424
2013-01-01,2448
2013-01-02,2442
2013-01-03,2474
2013-01-04,2446
2013-01-05,2462
2013-01-06,2428
2013-01-07,2447
2013-01-08,2497
2013-01-09,2468
2013-01-10,2584
2013-01-11,2638
2013-01-12,2576
2013-01-13,2519
2013-01-14,2460
2013-01-15,2385
2013-01-16,2411
2013-01-17,2504
2013-01-18,2622
2013-01-19,2750
2013-01-20,2872
2013-01-21,2966
2013-01-22,2957
2013-01-23,2853
2013-01-24,2804
2013-01-25,2920
2013-01-26,2897
2013-01-27,2953
2013-01-28,2950
2013-01-29,2944
2013-01-30,2921
2013-01-31,2896
2013-02-01,2965
2013-02-02,3084
2013-02-03,3131
2013-02-04,3077
2013-02-05,3030
2013-02-06,3034
2013-02-07,3156
2013-02-08,3110
2013-02-09,3061
2013-02-10,3090
2013-02-11,3191
2013-02-12,3308
2013-02-13,3414
2013-02-14,3479
2013-02-15,3382
2013-02-16,3282
2013-02-17,3191
2013-02-18,3234
2013-02-19,3202
2013-02-20,3215
2013-02-21,3197
2013-02-22,3203
2013-02-23,3339
2013-02-24,3470
2013-02-25,3456
2013-02-26,3337
2013-02-27,3383
2013-02-28,3422
2013-03-01,3508
2013-03-02,3639
2013-03-03,3651
2013-03-04,3780
2013-03-05,3760
2013-03-06,3751
2013-03-07,3895
2013-03-08,3943
2013-03-09,3906
2013-03-10,3910
2013-03-11,3905
2013-03-12,3882
2013-03-13,3989
2013-03-14,3939
2013-03-15,3994
2013-03-16,4059
2013-03-17,4105
2013-03-18,4067
2013-03-19,4024
2013-03-20,3955
2013-03-21,3910
2013-03-22,3883
2013-03-23,3935
2013-03-24,4016
2013-03-25,4146
2013-03-26,4082
2013-03-27,4095
2013-03-28,4097
2013-03-29,4156
2013-03-30,4180
2013-03-31,4211
2013-04-01,4265
2013-04-02,4252
2013-04-03,4240
2013-04-04,4227
2013-04-05,4215
2013-04-06,4202
2013-04-07,4190
2013-04-08,4177
2013-04-09,4165
2013-04-10,4176
2013-04-11,4197
2013-04-12,4197
2013-04-13,4152
2013-04-14,4164
2013-04-15,4192
2013-04-16,4122
2013-04-17,4047
2013-04-18,4012
2013-04-19,4037
2013-04-20,4161
2013-04-21,4175
2013-04-22,4171
2013-04-23,4135
2013-04-24,4119
2013-04-25,4112
2013-04-26,4115
2013-04-27,4041
2013-04-28,3941
2013-04-29,3789
2013-04-30,3780
2013-05-01,3738
2013-05-02,3775
2013-05-03,3695
2013-05-04,3557
2013-05-05,3432
2013-05-06,3286
2013-05-07,3256
2013-05-08,3182
2013-05-09,3204
2013-05-10,3333
2013-05-11,3445
2013-05-12,3546
2013-05-13,3533
2013-05-14,3513
2013-05-15,3498
2013-05-16,3420
2013-05-17,3359
2013-05-18,3231
2013-05-19,3178
2013-05-20,3168
2013-05-21,3144
2013-05-22,3140
2013-05-23,3242
2013-05-24,3346
2013-05-25,3429
2013-05-26,3458
2013-05-27,3410
2013-05-28,3328
2013-05-29,3326
2013-05-30,3313
2013-05-31,3239
2013-06-01,3198
2013-06-02,3187
2013-06-03,3095
2013-06-04,3070
2013-06-05,3033
2013-06-06,3050
2013-06-07,3090
2013-06-08,3057
2013-06-09,3079
2013-06-10,3036
2013-06-11,2999
2013-06-12,2983
2013-06-13,2995
2013-06-14,2984
2013-06-15,2971
2013-06-16,2941
2013-06-17,2838
2013-06-18,2824
2013-06-19,2876
2013-06-20,2889
2013-06-21,2850
2013-06-22,2871
2013-06-23,2829
2013-06-24,2812
2013-06-25,2816
2013-06-26,2821
2013-06-27,2813
2013-06-28,2799
2013-06-29,2750
2013-06-30,2749
2013-07-01,2727
2013-07-02,2734
2013-07-03,2719
2013-07-04,2707
2013-07-05,2675
2013-07-06,2651
2013-07-07,2682
2013-07-08,2794
2013-07-09,2897
2013-07-10,2979
2013-07-11,3033
2013-07-12,2986
2013-07-13,2961
2013-07-14,2922
2013-07-15,2906
2013-07-16,2925
2013-07-17,3000
2013-07-18,3074
2013-07-19,3149
2013-07-20,3224
2013-07-21,3298
2013-07-22,3373
2013-07-23,3449
2013-07-24,3389
2013-07-25,3349
2013-07-26,3288
2013-07-27,3321
2013-07-28,3275
2013-07-29,3362
2013-07-30,3458
2013-07-31,3453
2013-08-01,3496
2013-08-02,3529
2013-08-03,3656
2013-08-04,3690
2013-08-05,3743
2013-08-06,3830
2013-08-07,3891
2013-08-08,3921
2013-08-09,3919
2013-08-10,3881
2013-08-11,3833
2013-08-12,3748
2013-08-13,3695
2013-08-14,3603
2013-08-15,3471
2013-08-16,3410
2013-08-17,3349
2013-08-18,3340
2013-08-19,3260
2013-08-20,3236
2013-08-21,3247
2013-08-22,3252
2013-08-23,3223
2013-08-24,3193
2013-08-25,3132
2013-08-26,3118
2013-08-27,3082
2013-08-28,3044
2013-08-29,3031
2013-08-30,3044
2013-08-31,3173
2013-09-01,3286
2013-09-02,3217
2013-09-03,3169
2013-09-04,3168
2013-09-05,3173
2013-09-06,3199
2013-09-07,3238
2013-09-08,3263
2013-09-09,3359
2013-09-10,3476
2013-09-11,3488
2013-09-12,3462
2013-09-13,3429
2013-09-14,3373
2013-09-15,3385
2013-09-16,3352
2013-09-17,3346
2013-09-18,3342
2013-09-19,3332
2013-09-20,3311
2013-09-21,3345
2013-09-22,3413
2013-09-23,3438
2013-09-24,3462
2013-09-25,3423
2013-09-26,3326
2013-09-27,3261
2013-09-28,3165
2013-09-29,3205
2013-09-30,3177
2013-10-01,3301
2013-10-02,3382
2013-10-03,3456
2013-10-04,3463
2013-10-05,3451
2013-10-06,3481
2013-10-07,3486
2013-10-08,3525
2013-10-09,3564
2013-10-10,3603
2013-10-11,3643
2013-10-12,3682
2013-10-13,3721
2013-10-14,3760
2013-10-15,3799
2013-10-16,3675
2013-10-17,3632
2013-10-18,3644
2013-10-19,3753
2013-10-20,3700
2013-10-21,3603
2013-10-22,3587
2013-10-23,3585
2013-10-24,3612
2013-10-25,3689
2013-10-26,3718
2013-10-27,3800
2013-10-28,3830
2013-10-29,3785
2013-10-30,3802
2013-10-31,3782
2013-11-01,3724
2013-11-02,3830
2013-11-03,3751
2013-11-04,3742
2013-11-05,3749
2013-11-06,3832
2013-11-07,3861
2013-11-08,3896
2013-11-09,3937
2013-11-10,3909
2013-11-11,3991
2013-11-12,4040
2013-11-13,4080
2013-11-14,4086
2013-11-15,3991
2013-11-16,3938
2013-11-17,3997
2013-11-18,4031
2013-11-19,4033
2013-11-20,4017
2013-11-21,4106
2013-11-22,4195
2013-11-23,4300
2013-11-24,4337
2013-11-25,4276
2013-11-26,4226
2013-11-27,4176
2013-11-28,4126
2013-11-29,4076
2013-11-30,4026
2013-12-01,4020
2013-12-02,4014
2013-12-03,4011
2013-12-04,3900
2013-12-05,3860
2013-12-06,3808
2013-12-07,3826
2013-12-08,3822
2013-12-09,3891
2013-12-10,3934
2013-12-11,3906
2013-12-12,3939
2013-12-13,4028
2013-12-14,4202
2013-12-15,4388
2013-12-16,4315
2013-12-17,4236
2013-12-18,4059
2013-12-19,4155
2013-12-20,4248
2013-12-21,4283
2013-12-22,4410
2013-12-23,4430
2013-12-24,4351
2013-12-25,4288
2013-12-26,4227
2013-12-27,4208
2013-12-28,4193
2013-12-29,4177
2013-12-30,4192
2013-12-31,4224
2014-01-01,4179
2014-01-02,4145
2014-01-03,4077
2014-01-04,4038
2014-01-05,4125
2014-01-06,4192
2014-01-07,4239
2014-01-08,4210
2014-01-09,4264
2014-01-10,4180
2014-01-11,4227
2014-01-12,4257
2014-01-13,4284
2014-01-14,4263
2014-01-15,4231
2014-01-16,4204
2014-01-17,4178
2014-01-18,4142
2014-01-19,4103
2014-01-20,4039
2014-01-21,4070
2014-01-22,4091
2014-01-23,4067
2014-01-24,4008
2014-01-25,3946
2014-01-26,3912
2014-01-27,3869
2014-01-28,3841
2014-01-29,3851
2014-01-30,4019
2014-01-31,4220
2014-02-01,4430
2014-02-02,4652
2014-02-03,4848
2014-02-04,4797
2014-02-05,4616
2014-02-06,4452
2014-02-07,4346
2014-02-08,4388
2014-02-09,4347
2014-02-10,4239
2014-02-11,4268
2014-02-12,4278
2014-02-13,4308
2014-02-14,4449
2014-02-15,4594
2014-02-16,4612
2014-02-17,4532
2014-02-18,4405
2014-02-19,4520
2014-02-20,4733
2014-02-21,4951
2014-02-22,5182
2014-02-23,5438
2014-02-24,5510
2014-02-25,5234
2014-02-26,4972
2014-02-27,4723
2014-02-28,4486
2014-03-01,4261
2014-03-02,4107
2014-03-03,3973
2014-03-04,3967
2014-03-05,4002
2014-03-06,4040
2014-03-07,4040
2014-03-08,4017
2014-03-09,3974
2014-03-10,3903
2014-03-11,3882
2014-03-12,3766
2014-03-13,3700
2014-03-14,3607
2014-03-15,3517
2014-03-16,3485
2014-03-17,3439
2014-03-18,3442
2014-03-19,3516
2014-03-20,3629
2014-03-21,3682
2014-03-22,3723
2014-03-23,3733
2014-03-24,3698
2014-03-25,3672
2014-03-26,3615
2014-03-27,3621
2014-03-28,3627
2014-03-29,3728
2014-03-30,3704
2014-03-31,3665
2014-04-01,3629
2014-04-02,3597
2014-04-03,3586
2014-04-04,3543
2014-04-05,3526
2014-04-06,3529
2014-04-07,3522
2014-04-08,3508
2014-04-09,3531
2014-04-10,3610
2014-04-11,3624
2014-04-12,3650
2014-04-13,3614
2014-04-14,3587
2014-04-15,3591
2014-04-16,3548
2014-04-17,3410
2014-04-18,3393
2014-04-19,3403
2014-04-20,3406
2014-04-21,3362
2014-04-22,3365
2014-04-23,3404
2014-04-24,3470
2014-04-25,3463
2014-04-26,3461
2014-04-27,3471
2014-04-28,3466
2014-04-29,3525
2014-04-30,3500
2014-05-01,3478
2014-05-02,3455
2014-05-03,3432
2014-05-04,3321
2014-05-05,3275
2014-05-06,3291
2014-05-07,3309
2014-05-08,3356
2014-05-09,3380
2014-05-10,3413
2014-05-11,3388
2014-05-12,3356
2014-05-13,3324
2014-05-14,3346
2014-05-15,3346
2014-05-16,3361
2014-05-17,3358
2014-05-18,3388
2014-05-19,3421
2014-05-20,3453
2014-05-21,3495
2014-05-22,3530
2014-05-23,3488
2014-05-24,3494
2014-05-25,3498
2014-05-26,3469
2014-05-27,3484
2014-05-28,3439
2014-05-29,3475
2014-05-30,3565
2014-05-31,3612
2014-06-01,3596
2014-06-02,3588
2014-06-03,3635
2014-06-04,3696
2014-06-05,3736
2014-06-06,3761
2014-06-07,3819
2014-06-08,3773
2014-06-09,3733
2014-06-10,3757
2014-06-11,3865
2014-06-12,3895
2014-06-13,3955
2014-06-14,4060
2014-06-15,4041
2014-06-16,3964
2014-06-17,3887
2014-06-18,3833
2014-06-19,3831
2014-06-20,3770
2014-06-21,3661
2014-06-22,3617
2014-06-23,3636
2014-06-24,3671
2014-06-25,3776
2014-06-26,3825
2014-06-27,3865
2014-06-28,3866
2014-06-29,3843
2014-06-30,3754
2014-07-01,3716
2014-07-02,3710
2014-07-03,3762
2014-07-04,3802
2014-07-05,3750
2014-07-06,3670
2014-07-07,3657
2014-07-08,3688
2014-07-09,3722
2014-07-10,3706
2014-07-11,3678
2014-07-12,3659
2014-07-13,3680
2014-07-14,3673
2014-07-15,3589
2014-07-16,3559
2014-07-17,3546
2014-07-18,3539
2014-07-19,3516
2014-07-20,3462
2014-07-21,3414
2014-07-22,3439
2014-07-23,3445
2014-07-24,3396
2014-07-25,3374
2014-07-26,3356
2014-07-27,3306
2014-07-28,3268
2014-07-29,3165
2014-07-30,3147
2014-07-31,3236
2014-08-01,3226
2014-08-02,3190
2014-08-03,3226
2014-08-04,3141
2014-08-05,3098
2014-08-06,3146
2014-08-07,3182
2014-08-08,3161
2014-08-09,3151
2014-08-10,3114
2014-08-11,3072
2014-08-12,3063
2014-08-13,3147
2014-08-14,3158
2014-08-15,3128
2014-08-16,3126
2014-08-17,3142
2014-08-18,3159
2014-08-19,3184
2014-08-20,3215
2014-08-21,3264
2014-08-22,3192
2014-08-23,3154
2014-08-24,3122
2014-08-25,3099
2014-08-26,3077
2014-08-27,3093
2014-08-28,3156
2014-08-29,3079
2014-08-30,3013
2014-08-31,3022
2014-09-01,3000
2014-09-02,2950
2014-09-03,2903
2014-09-04,2899
2014-09-05,2980
2014-09-06,3029
2014-09-07,3009
2014-09-08,2952
2014-09-09,2938
2014-09-10,2960
2014-09-11,2958
2014-09-12,3053
2014-09-13,3206
2014-09-14,3367
2014-09-15,3531
2014-09-16,3688
2014-09-17,3636
2014-09-18,3625
2014-09-19,3591
2014-09-20,3579
2014-09-21,3553
2014-09-22,3429
2014-09-23,3269
2014-09-24,3130
2014-09-25,3132
2014-09-26,3200
2014-09-27,3207
2014-09-28,3111
2014-09-29,3067
2014-09-30,3061
2014-10-01,3078
2014-10-02,3108
2014-10-03,3089
2014-10-04,3049
2014-10-05,2978
2014-10-06,2934
2014-10-07,3001
2014-10-08,3098
2014-10-09,3118
2014-10-10,3057
2014-10-11,3023
2014-10-12,2981
2014-10-13,2936
2014-10-14,2937
2014-10-15,2952
2014-10-16,3012
2014-10-17,3007
2014-10-18,3026
2014-10-19,2998
2014-10-20,2926
2014-10-21,2845
2014-10-22,2854
2014-10-23,2868
2014-10-24,2876
2014-10-25,2903
2014-10-26,2898
2014-10-27,2908
2014-10-28,2866
2014-10-29,2946
2014-10-30,3020
2014-10-31,3112
2014-11-01,3053
2014-11-02,2980
2014-11-03,2992
2014-11-04,2902
2014-11-05,2773
2014-11-06,2734
2014-11-07,2675
2014-11-08,2645
2014-11-09,2576
2014-11-10,2533
2014-11-11,2479
2014-11-12,2482
2014-11-13,2589
2014-11-14,2606
2014-11-15,2578
2014-11-16,2561
2014-11-17,2539
2014-11-18,2553
2014-11-19,2627
2014-11-20,2709
2014-11-21,2617
2014-11-22,2614
2014-11-23,2562
2014-11-24,2518
2014-11-25,2525
2014-11-26,2540
2014-11-27,2604
2014-11-28,2593
2014-11-29,2589
2014-11-30,2609
2014-12-01,2709
2014-12-02,2763
2014-12-03,2762
2014-12-04,2714
2014-12-05,2697
2014-12-06,2764
2014-12-07,2633
2014-12-08,2537
2014-12-09,2570
2014-12-10,2584
2014-12-11,2631
2014-12-12,2658
2014-12-13,2714
2014-12-14,2736
2014-12-15,2698
2014-12-16,2709
2014-12-17,2718
2014-12-18,2776
2014-12-19,2776
2014-12-20,2806
2014-12-21,2821
2014-12-22,2843
2014-12-23,2956
2014-12-24,3007
2014-12-25,2919
2014-12-26,2777
2014-12-27,2653
2014-12-28,2534
2014-12-29,2461
2014-12-30,2455
2014-12-31,2518
2015-01-01,2593
2015-01-02,2600
2015-01-03,2659
2015-01-04,2642
2015-01-05,2641
2015-01-06,2627
2015-01-07,2650
2015-01-08,2647
2015-01-09,2630
2015-01-10,2626
2015-01-11,2680
2015-01-12,2688
2015-01-13,2667
2015-01-14,2636
2015-01-15,2622
2015-01-16,2633
2015-01-17,2755
2015-01-18,2893
2015-01-19,3037
2015-01-20,3187
2015-01-21,3340
2015-01-22,3329
2015-01-23,3179
2015-01-24,3044
2015-01-25,2903
2015-01-26,2866
2015-01-27,2857
2015-01-28,2888
2015-01-29,2887
2015-01-30,2913
2015-01-31,2987
2015-02-01,2955
2015-02-02,2947
2015-02-03,2915
2015-02-04,2941
2015-02-05,2912
2015-02-06,2914
2015-02-07,2881
2015-02-08,2837
2015-02-09,2796
2015-02-10,2917
2015-02-11,3026
2015-02-12,3088
2015-02-13,3080
2015-02-14,3125
2015-02-15,3138
2015-02-16,3163
2015-02-17,3223
2015-02-18,3272
2015-02-19,3302
2015-02-20,3425
2015-02-21,3465
2015-02-22,3618
2015-02-23,3738
2015-02-24,3574
2015-02-25,3395
2015-02-26,3225
2015-02-27,3063
2015-02-28,2918
2015-03-01,2772
2015-03-02,2716
2015-03-03,2846
2015-03-04,2926
2015-03-05,2917
2015-03-06,2836
2015-03-07,2723
2015-03-08,2753
2015-03-09,2754
2015-03-10,2756
2015-03-11,2826
2015-03-12,2847
2015-03-13,2870
2015-03-14,2908
2015-03-15,2859
2015-03-16,2839
2015-03-17,2849
2015-03-18,2910
2015-03-19,2929
2015-03-20,2936
2015-03-21,2890
2015-03-22,2861
2015-03-23,2826
2015-03-24,2828
2015-03-25,2826
2015-03-26,2781
2015-03-27,2737
2015-03-28,2727
2015-03-29,2714
2015-03-30,2721
2015-03-31,2704
2015-04-01,2728
2015-04-02,2721
2015-04-03,2722
2015-04-04,2720
2015-04-05,2748
2015-04-06,2773
2015-04-07,2833
2015-04-08,2894
2015-04-09,2949
2015-04-10,3000
2015-04-11,3016
2015-04-12,3007
2015-04-13,2994
2015-04-14,2979
2015-04-15,2999
2015-04-16,3065
2015-04-17,3064
2015-04-18,3101
2015-04-19,3076
2015-04-20,3054
2015-04-21,3026
2015-04-22,3067
2015-04-23,3186
2015-04-24,3187
2015-04-25,3235
2015-04-26,3206
2015-04-27,3150
2015-04-28,3051
2015-04-29,2948
2015-04-30,2904
2015-05-01,2893
2015-05-02,2885
2015-05-03,2899
2015-05-04,2884
2015-05-05,2901
2015-05-06,2933
2015-05-07,2919
2015-05-08,2902
2015-05-09,2866
2015-05-10,2869
2015-05-11,2883
2015-05-12,2902
2015-05-13,2963
2015-05-14,3005
2015-05-15,2976
2015-05-16,2925
2015-05-17,2847
2015-05-18,2724
2015-05-19,2682
2015-05-20,2678
2015-05-21,2685
2015-05-22,2697
2015-05-23,2791
2015-05-24,2777
2015-05-25,2762
2015-05-26,2771
2015-05-27,2785
2015-05-28,2826
2015-05-29,2875
2015-05-30,2855
2015-05-31,2832
2015-06-01,2811
2015-06-02,2825
2015-06-03,2884
2015-06-04,2853
2015-06-05,2781
2015-06-06,2701
2015-06-07,2688
2015-06-08,2648
2015-06-09,2593
2015-06-10,2585
2015-06-11,2653
2015-06-12,2631
2015-06-13,2560
2015-06-14,2483
2015-06-15,2415
2015-06-16,2399
2015-06-17,2446
2015-06-18,2430
2015-06-19,2418
2015-06-20,2442
2015-06-21,2474
2015-06-22,2520
2015-06-23,2574
2015-06-24,2615
2015-06-25,2503
2015-06-26,2499
2015-06-27,2551
2015-06-28,2543
2015-06-29,2518
2015-06-30,2496
2015-07-01,2508
2015-07-02,2478
2015-07-03,2445
2015-07-04,2387
2015-07-05,2362
2015-07-06,2361
2015-07-07,2393
2015-07-08,2469
2015-07-09,2443
2015-07-10,2431
2015-07-11,2426
2015-07-12,2407
2015-07-13,2402
2015-07-14,2358
2015-07-15,2386
2015-07-16,2415
2015-07-17,2416
2015-07-18,2420
2015-07-19,2437
2015-07-20,2433
2015-07-21,2435
2015-07-22,2501
2015-07-23,2556
2015-07-24,2570
2015-07-25,2544
2015-07-26,2559
2015-07-27,2576
2015-07-28,2569
2015-07-29,2646
2015-07-30,2673
2015-07-31,2659
2015-08-01,2786
2015-08-02,2890
2015-08-03,3000
2015-08-04,3027
2015-08-05,3093
2015-08-06,3177
2015-08-07,3317
2015-08-08,3369
2015-08-09,3368
2015-08-10,3362
2015-08-11,3214
2015-08-12,3137
2015-08-13,3109
2015-08-14,3101
2015-08-15,3105
2015-08-16,3078
2015-08-17,3037
2015-08-18,3050
2015-08-19,3114
2015-08-20,3080
2015-08-21,3054
2015-08-22,3037
2015-08-23,2995
2015-08-24,2921
2015-08-25,2934
2015-08-26,3070
2015-08-27,3109
2015-08-28,3104
2015-08-29,3090
2015-08-30,3082
2015-08-31,3067
2015-09-01,3070
2015-09-02,3061
2015-09-03,3035
2015-09-04,2999
2015-09-05,2974
2015-09-06,2979
2015-09-07,2971
2015-09-08,2946
2015-09-09,3005
2015-09-10,2992
2015-09-11,2987
2015-09-12,3005
2015-09-13,2966
2015-09-14,2944
2015-09-15,2941
2015-09-16,2963
2015-09-17,2990
2015-09-18,2975
2015-09-19,2951
2015-09-20,2919
2015-09-21,2919
2015-09-22,2894
2015-09-23,2961
2015-09-24,2982
2015-09-25,3014
2015-09-26,3041
2015-09-27,2953
2015-09-28,2889
2015-09-29,2788
2015-09-30,2658
2015-10-01,2624
2015-10-02,2629
2015-10-03,2600
2015-10-04,2602
2015-10-05,2611
2015-10-06,2608
2015-10-07,2595
2015-10-08,2576
2015-10-09,2552
2015-10-10,2510
2015-10-11,2476
2015-10-12,2458
2015-10-13,2452
2015-10-14,2423
2015-10-15,2417
2015-10-16,2411
2015-10-17,2432
2015-10-18,2476
2015-10-19,2571
2015-10-20,2546
2015-10-21,2519
2015-10-22,2516
2015-10-23,2517
2015-10-24,2481
2015-10-25,2488
2015-10-26,2460
2015-10-27,2468
2015-10-28,2485
2015-10-29,2488
2015-10-30,2586
2015-10-31,2595
2015-11-01,2609
2015-11-02,2605
2015-11-03,2605
2015-11-04,2594
2015-11-05,2581
2015-11-06,2589
2015-11-07,2582
2015-11-08,2585
2015-11-09,2566
2015-11-10,2546
2015-11-11,2555
2015-11-12,2587
2015-11-13,2612
2015-11-14,2617
2015-11-15,2660
2015-11-16,2702
2015-11-17,2692
2015-11-18,2704
2015-11-19,2698
2015-11-20,2644
2015-11-21,2634
2015-11-22,2651
2015-11-23,2658
2015-11-24,2643
2015-11-25,2646
2015-11-26,2639
2015-11-27,2642
2015-11-28,2672
2015-11-29,2697
2015-11-30,2697
2015-12-01,2673
2015-12-02,2722
2015-12-03,2775
2015-12-04,2897
2015-12-05,2873
2015-12-06,2879
2015-12-07,2879
2015-12-08,2788
2015-12-09,2767
2015-12-10,2732
2015-12-11,2745
2015-12-12,2756
2015-12-13,2657
2015-12-14,2585
2015-12-15,2606
2015-12-16,2648
2015-12-17,2654
2015-12-18,2669
2015-12-19,2735
2015-12-20,2709
2015-12-21,2700
2015-12-22,2676
2015-12-23,2693
2015-12-24,2796
2015-12-25,2814
2015-12-26,2781
2015-12-27,2677
2015-12-28,2610
2015-12-29,2640
2015-12-30,2704
2015-12-31,2703
2016-01-01,2679
2016-01-02,2685
2016-01-03,2725
2016-01-04,2760
2016-01-05,2793
2016-01-06,2816
2016-01-07,2855
2016-01-08,2847
2016-01-09,2878
2016-01-10,2878
2016-01-11,2858
2016-01-12,2866
2016-01-13,2818
2016-01-14,2790
2016-01-15,2766
2016-01-16,2749
2016-01-17,2766
2016-01-18,2874
2016-01-19,2863
2016-01-20,2825
2016-01-21,2831
2016-01-22,2803
2016-01-23,2822
2016-01-24,2876
2016-01-25,2934
2016-01-26,3045
2016-01-27,3198
2016-01-28,3348
2016-01-29,3472
2016-01-30,3645
2016-01-31,3827
2016-02-01,3827
2016-02-02,4184
2016-02-03,4133
2016-02-04,4073
2016-02-05,3921
2016-02-06,3726
2016-02-07,3682
2016-02-08,3650
2016-02-09,3656
2016-02-10,3722
2016-02-11,3736
2016-02-12,3714
2016-02-13,3682
2016-02-14,3605
2016-02-15,3563
2016-02-16,3649
2016-02-17,3818
2016-02-18,3968
2016-02-19,3874
2016-02-20,3870
2016-02-21,3861
2016-02-22,3861
2016-02-23,3940
2016-02-24,3958
2016-02-25,3958
2016-02-26,3959
2016-02-27,3984
2016-02-28,4042
2016-02-29,4014
2016-03-01,3815
2016-03-02,3624
2016-03-03,3442
2016-03-04,3269
2016-03-05,3105
2016-03-06,2949
2016-03-07,2815
2016-03-08,2807
2016-03-09,2827
2016-03-10,2881
2016-03-11,2863
2016-03-12,2805
2016-03-13,2795
2016-03-14,2779
2016-03-15,2801
2016-03-16,2913
2016-03-17,3038
2016-03-18,3143
2016-03-19,3219
2016-03-20,3323
2016-03-21,3346
2016-03-22,3229
2016-03-23,3185
2016-03-24,3118
2016-03-25,3129
2016-03-26,3132
2016-03-27,3124
2016-03-28,3088
2016-03-29,2979
2016-03-30,2901
2016-03-31,2901
2016-04-01,2738
2016-04-02,2718
2016-04-03,2772
2016-04-04,2861
2016-04-05,2975
2016-04-06,3106
2016-04-07,3087
2016-04-08,3065
2016-04-09,2991
2016-04-10,3015
2016-04-11,3045
2016-04-12,2992
2016-04-13,2939
2016-04-14,2946
2016-04-15,2938
2016-04-16,2926
2016-04-17,2922
2016-04-18,2960
2016-04-19,2945
2016-04-20,2968
2016-04-21,2903
2016-04-22,2899
2016-04-23,2791
2016-04-24,2725
2016-04-25,2725
2016-04-26,2853
2016-04-27,2861
2016-04-28,2833
2016-04-29,2809
2016-04-30,2814
2016-05-01,2809
2016-05-02,2785
2016-05-03,2753
2016-05-04,2727
2016-05-05,2687
2016-05-06,2661
2016-05-07,2654
2016-05-08,2643
2016-05-09,2622
2016-05-10,2616
2016-05-11,2604
2016-05-12,2585
2016-05-13,2548
2016-05-14,2550
2016-05-15,2546
2016-05-16,2546
2016-05-17,2542
2016-05-18,2619
2016-05-19,2690
2016-05-20,2736
2016-05-21,2645
2016-05-22,2578
2016-05-23,2578
2016-05-24,2528
2016-05-25,2532
2016-05-26,2530
2016-05-27,2548
2016-05-28,2532
2016-05-29,2531
2016-05-30,2531
2016-05-31,2523
2016-06-01,2532
2016-06-02,2539
2016-06-03,2563
2016-06-04,2575
2016-06-05,2634
2016-06-06,2675
2016-06-07,2665
2016-06-08,2659
2016-06-09,2607
2016-06-10,2580
2016-06-11,2547
2016-06-12,2571
2016-06-13,2571
2016-06-14,2615
2016-06-15,2623
2016-06-16,2637
2016-06-17,2579
2016-06-18,2598
2016-06-19,2601
2016-06-20,2620
2016-06-21,2590
2016-06-22,2604
2016-06-23,2599
2016-06-24,2591
2016-06-25,2643
2016-06-26,2608
2016-06-27,2587
2016-06-28,2504
2016-06-29,2468
2016-06-30,2431
2016-07-01,2363
2016-07-02,2374
2016-07-03,2390
2016-07-04,2390
2016-07-05,2537
2016-07-06,2606
2016-07-07,2607
2016-07-08,2586
2016-07-09,2526
2016-07-10,2563
2016-07-11,2563
2016-07-12,2589
2016-07-13,2639
2016-07-14,2613
2016-07-15,2598
2016-07-16,2560
2016-07-17,2535
2016-07-18,2509
2016-07-19,2512
2016-07-20,2552
2016-07-21,2552
2016-07-22,2553
2016-07-23,2572
2016-07-24,2611
2016-07-25,2611
2016-07-26,2607
2016-07-27,2566
2016-07-28,2553
2016-07-29,2534
2016-07-30,2600
2016-07-31,2607
2016-08-01,2608
2016-08-02,2647
2016-08-03,2675
2016-08-04,2668
2016-08-05,2723
2016-08-06,2696
2016-08-07,2673
2016-08-08,2673
2016-08-09,2666
2016-08-10,2734
2016-08-11,2700
2016-08-12,2664
2016-08-13,2674
2016-08-14,2743
2016-08-15,2743
2016-08-16,2699
2016-08-17,2753
2016-08-18,2755
2016-08-19,2734
2016-08-20,2698
2016-08-21,2697
2016-08-22,2624
2016-08-23,2583
2016-08-24,2667
2016-08-25,2800
2016-08-26,2858
2016-08-27,2951
2016-08-28,2933
2016-08-29,2912
2016-08-30,2907
2016-08-31,2915
2016-09-01,2920
2016-09-02,2941
2016-09-03,2895
2016-09-04,2839
2016-09-05,2806
2016-09-06,2861
2016-09-07,2903
2016-09-08,2890
2016-09-09,2881
2016-09-10,2828
2016-09-11,2807
2016-09-12,2749
2016-09-13,2768
2016-09-14,2786
2016-09-15,2830
2016-09-16,2870
2016-09-17,2855
2016-09-18,2841
2016-09-19,2794
2016-09-20,2822
2016-09-21,2849
2016-09-22,2838
2016-09-23,2821
2016-09-24,2840
2016-09-25,2761
2016-09-26,2761
2016-09-27,2559
2016-09-28,2456
2016-09-29,2387
2016-09-30,2403
2016-10-01,2373
2016-10-02,2338
2016-10-03,2315
2016-10-04,2319
2016-10-05,2345
2016-10-06,2345
2016-10-07,2359
2016-10-08,2345
2016-10-09,2360
2016-10-10,2360
2016-10-11,2386
2016-10-12,2393
2016-10-13,2352
2016-10-14,2338
2016-10-15,2326
2016-10-16,2310
2016-10-17,2315
2016-10-18,2334
2016-10-19,2346
2016-10-20,2355
2016-10-21,2352
2016-10-22,2359
2016-10-23,2353
2016-10-24,2353
2016-10-25,2353
2016-10-26,2361
2016-10-27,2331
2016-10-28,2361
2016-10-29,2348
2016-10-30,2345
2016-10-31,2330
2016-11-01,2315
2016-11-02,2300
2016-11-03,2287
2016-11-04,2269
2016-11-05,2247
2016-11-06,2278
2016-11-07,2278
2016-11-08,2326
2016-11-09,2294
2016-11-10,2284
2016-11-11,2286
2016-11-12,2307
2016-11-13,2327
2016-11-14,2327
2016-11-15,2337
2016-11-16,2329
2016-11-17,2304
2016-11-18,2295
2016-11-19,2299
2016-11-20,2318
2016-11-21,2318
2016-11-22,2316
2016-11-23,2310
2016-11-24,2319
2016-11-25,2316
2016-11-26,2335
2016-11-27,2314
2016-11-28,2328
2016-11-29,2323
2016-11-30,2322
2016-12-01,2311
2016-12-02,2312
2016-12-03,2310
2016-12-04,2339
2016-12-05,2377
2016-12-06,2435
2016-12-07,2402
2016-12-08,2374
2016-12-09,2338
2016-12-10,2288
2016-12-11,2285
2016-12-12,2290
2016-12-13,2311
2016-12-14,2333
2016-12-15,2345
2016-12-16,2355
2016-12-17,2351
2016-12-18,2342
2016-12-19,2340
2016-12-20,2329
2016-12-21,2347
2016-12-22,2378
2016-12-23,2365
2016-12-24,2366
2016-12-25,2365
2016-12-26,2376
2016-12-27,2363
2016-12-28,2338
2016-12-29,2337
2016-12-30,2399
2016-12-31,2467
2017-01-01,2457
2017-01-02,2436
2017-01-03,2436
2017-01-04,2444
2017-01-05,2428
2017-01-06,2429
2017-01-07,2461
2017-01-08,2480
2017-01-09,2538
2017-01-10,2664
2017-01-11,2788
2017-01-12,2821
2017-01-13,2832
2017-01-14,2855
2017-01-15,2863
2017-01-16,2852
2017-01-17,2834
2017-01-18,2801
2017-01-19,2838
2017-01-20,2851
2017-01-21,2858
2017-01-22,2863
2017-01-23,2870
2017-01-24,2899
2017-01-25,2852
2017-01-26,2843
2017-01-27,2865
2017-01-28,2870
2017-01-29,2853
2017-01-30,2854
2017-01-31,2784
2017-02-01,2781
2017-02-02,2798
2017-02-03,2822
2017-02-04,2829
2017-02-05,2819
2017-02-06,2819
2017-02-07,2844
2017-02-08,2831
2017-02-09,2824
2017-02-10,2834
2017-02-11,2891
2017-02-12,2923
2017-02-13,2929
2017-02-14,2950
2017-02-15,2988
2017-02-16,3004
2017-02-17,3143
2017-02-18,3261
2017-02-19,3254
2017-02-20,3188
2017-02-21,3028
2017-02-22,2876
2017-02-23,2732
2017-02-24,2595
2017-02-25,2472
2017-02-26,2440
2017-02-27,2440
2017-02-28,2578
2017-03-01,2641
2017-03-02,2692
2017-03-03,2743
2017-03-04,2761
2017-03-05,2755
2017-03-06,2717
2017-03-07,2693
2017-03-08,2672
2017-03-09,2695
2017-03-10,2779
2017-03-11,2791
2017-03-12,2767
2017-03-13,2751
2017-03-14,2677
2017-03-15,2606
2017-03-16,2608
2017-03-17,2668
2017-03-18,2641
2017-03-19,2632
2017-03-20,2614
2017-03-21,2646
2017-03-22,2635
2017-03-23,2625
2017-03-24,2609
2017-03-25,2625
2017-03-26,2624
2017-03-27,2623
2017-03-28,2590
2017-03-29,2555
2017-03-30,2534
2017-03-31,2499
2017-04-01,2517
2017-04-02,2527
2017-04-03,2550
2017-04-04,2588
2017-04-05,2675
2017-04-06,2712
2017-04-07,2728
2017-04-08,2722
2017-04-09,2717
2017-04-10,2706
2017-04-11,2702
2017-04-12,2683
2017-04-13,2668
2017-04-14,2654
2017-04-15,2641
2017-04-16,2621
2017-04-17,2630
2017-04-18,2673
2017-04-19,2721
2017-04-20,2773
2017-04-21,2769
2017-04-22,2761
2017-04-23,2764
2017-04-24,2794
2017-04-25,2867
2017-04-26,3003
2017-04-27,3154
2017-04-28,3312
2017-04-29,3475
2017-04-30,3506
2017-05-01,3466
2017-05-02,3431
2017-05-03,3370
2017-05-04,3327
2017-05-05,3309
2017-05-06,3293
2017-05-07,3286
2017-05-08,3261
2017-05-09,3259
2017-05-10,3225
2017-05-11,3167
2017-05-12,3169
2017-05-13,3194
2017-05-14,3186
2017-05-15,3182
2017-05-16,3206
2017-05-17,3292
2017-05-18,3330
2017-05-19,3478
2017-05-20,3516
2017-05-21,3506
2017-05-22,3556
2017-05-23,3378
2017-05-24,3209
2017-05-25,3048
2017-05-26,2895
2017-05-27,2752
2017-05-28,2633
2017-05-29,2616
2017-05-30,2618
2017-05-31,2624
2017-06-01,2626
2017-06-02,2622
2017-06-03,2609
2017-06-04,2589
2017-06-05,2563
2017-06-06,2576
2017-06-07,2592
2017-06-08,2598
2017-06-09,2598
2017-06-10,2616
2017-06-11,2649
2017-06-12,2639
2017-06-13,2643
2017-06-14,2637
2017-06-15,2654
2017-06-16,2648
2017-06-17,2649
2017-06-18,2643
2017-06-19,2639
2017-06-20,2630
2017-06-21,2626
2017-06-22,2616
2017-06-23,2613
2017-06-24,2623
2017-06-25,2633
2017-06-26,2649
2017-06-27,2632
2017-06-28,2627
2017-06-29,2633
2017-06-30,2629
2017-07-01,2698
2017-07-02,2703
2017-07-03,2703
2017-07-04,2608
2017-07-05,2600
2017-07-06,2656
2017-07-07,2645
2017-07-08,2639
2017-07-09,2647
2017-07-10,2676
2017-07-11,2674
2017-07-12,2697
2017-07-13,2690
2017-07-14,2688
2017-07-15,2665
2017-07-16,2662
2017-07-17,2671
2017-07-18,2678
2017-07-19,2698
2017-07-20,2712
2017-07-21,2707
2017-07-22,2703
2017-07-23,2684
2017-07-24,2700
2017-07-25,2710
2017-07-26,2692
2017-07-27,2687
2017-07-28,2684
2017-07-29,2698
2017-07-30,2705
2017-07-31,2763
2017-08-01,2785
2017-08-02,2784
2017-08-03,2817
2017-08-04,2802
2017-08-05,2828
2017-08-06,2901
2017-08-07,3025
2017-08-08,3041
2017-08-09,2969
2017-08-10,2883
2017-08-11,2875
2017-08-12,2876
2017-08-13,2890
2017-08-14,2907
2017-08-15,2919
2017-08-16,3053
2017-08-17,3192
2017-08-18,3211
2017-08-19,3138
2017-08-20,3068
2017-08-21,3089
2017-08-22,3122
2017-08-23,3110
2017-08-24,3079
2017-08-25,3061
2017-08-26,3077
2017-08-27,3069
2017-08-28,3050
2017-08-29,3055
2017-08-30,3037
2017-08-31,3047
2017-09-01,3033
2017-09-02,3015
2017-09-03,3025
2017-09-04,3100
2017-09-05,3091
2017-09-06,3120
2017-09-07,3128
2017-09-08,3105
2017-09-09,3091
2017-09-10,3070
2017-09-11,3031
2017-09-12,3010
2017-09-13,3017
2017-09-14,3089
2017-09-15,3163
2017-09-16,3238
2017-09-17,3185
2017-09-18,3097
2017-09-19,2971
2017-09-20,2835
2017-09-21,2757
2017-09-22,2755
2017-09-23,2759
2017-09-24,2822
2017-09-25,2874
2017-09-26,2892
2017-09-27,2884
2017-09-28,2881
2017-09-29,2869
2017-09-30,2882
2017-10-01,2902
2017-10-02,2902
2017-10-03,2902
2017-10-04,2892
2017-10-05,2895
2017-10-06,2862
2017-10-07,2845
2017-10-08,2832
2017-10-09,2811
2017-10-10,2804
2017-10-11,2801
2017-10-12,2848
2017-10-13,2927
2017-10-14,2955
2017-10-15,2966
2017-10-16,2975
2017-10-17,2998
2017-10-18,2998
2017-10-19,3004
2017-10-20,2992
2017-10-21,3002
2017-10-22,3026
2017-10-23,3017
2017-10-24,3009
2017-10-25,2998
2017-10-26,3034
2017-10-27,3027
2017-10-28,3006
2017-10-29,2977
2017-10-30,2964
2017-10-31,2955
2017-11-01,2937
2017-11-02,2903
2017-11-03,2910
2017-11-04,2912
2017-11-05,2890
2017-11-06,2921
2017-11-07,2912
2017-11-08,2937
2017-11-09,2941
2017-11-10,2940
2017-11-11,2971
2017-11-12,2970
2017-11-13,2956
2017-11-14,2943
2017-11-15,2939
2017-11-16,2933
2017-11-17,2945
2017-11-18,2957
2017-11-19,2966
2017-11-20,2973
2017-11-21,2970
2017-11-22,2995
2017-11-23,2992
2017-11-24,2988
2017-11-25,3027
2017-11-26,3016
2017-11-27,2979
2017-11-28,2976
2017-11-29,2988
2017-11-30,2986
2017-12-01,3034
2017-12-02,3004
2017-12-03,2999
2017-12-04,3001
2017-12-05,2960
2017-12-06,2944
2017-12-07,2951
2017-12-08,2973
2017-12-09,3009
2017-12-10,3046
2017-12-11,3046
2017-12-12,3058
2017-12-13,3046
2017-12-14,3070
2017-12-15,3054
2017-12-16,3089
2017-12-17,3117
2017-12-18,3117
2017-12-19,3054
2017-12-20,3039
2017-12-21,3046
2017-12-22,3028
2017-12-23,3005
2017-12-24,2977
2017-12-25,2959
2017-12-26,2937
2017-12-27,2932
2017-12-28,3004
2017-12-29,3024
2017-12-30,3006
2017-12-31,2998
2018-01-01,3002
2018-01-02,3044
2018-01-03,3042
2018-01-04,3089
2018-01-05,3138
2018-01-06,3168
2018-01-07,3230
2018-01-08,3269
2018-01-09,3380
2018-01-10,3445
2018-01-11,3486
2018-01-12,3515
2018-01-13,3467
2018-01-14,3354
2018-01-15,3226
2018-01-16,3189
2018-01-17,3184
2018-01-18,3155
2018-01-19,3094
2018-01-20,3097
2018-01-21,3102
2018-01-22,3121
2018-01-23,3157
2018-01-24,3178
2018-01-25,3220
2018-01-26,3203
2018-01-27,3192
2018-01-28,3131
2018-01-29,3070
2018-01-30,3051
2018-01-31,3073
2018-02-01,3088
2018-02-02,3081
2018-02-03,3096
2018-02-04,3095
2018-02-05,3080
2018-02-06,3053
2018-02-07,3046
2018-02-08,3033
2018-02-09,3023
2018-02-10,3039
2018-02-11,3039
2018-02-12,3042
2018-02-13,2982
2018-02-14,2954
2018-02-15,3029
2018-02-16,3127
2018-02-17,3138
2018-02-18,3112
2018-02-19,3141
2018-02-20,3208
2018-02-21,3307
2018-02-22,3416
2018-02-23,3536
2018-02-24,3539
2018-02-25,3523
2018-02-26,3486
2018-02-27,3311
2018-02-28,3145
2018-03-01,2987
2018-03-02,2837
2018-03-03,2720
2018-03-04,2663
2018-03-05,2699
2018-03-06,2798
2018-03-07,2844
2018-03-08,2844
2018-03-09,2859
2018-03-10,2861
2018-03-11,2850
2018-03-12,2799
2018-03-13,2787
2018-03-14,2778
2018-03-15,2773
2018-03-16,2769
2018-03-17,2823
2018-03-18,2806
2018-03-19,2790
2018-03-20,2794
2018-03-21,2816
2018-03-22,2844
2018-03-23,2916
2018-03-24,2929
2018-03-25,2919
2018-03-26,2884
2018-03-27,2833
2018-03-28,2815
2018-03-29,2867
2018-03-30,2877
2018-03-31,2882
2018-04-01,2888
2018-04-02,2860
2018-04-03,2834
2018-04-04,2841
2018-04-05,2835
2018-04-06,2821
2018-04-07,2816
2018-04-08,2812
2018-04-09,2812
2018-04-10,2833
2018-04-11,2823
2018-04-12,2820
2018-04-13,2811
2018-04-14,2805
2018-04-15,2816
2018-04-16,2839
2018-04-17,2876
2018-04-18,2843
2018-04-19,2811
2018-04-20,2811
2018-04-21,2808
2018-04-22,2800
2018-04-23,2791
2018-04-24,2803
2018-04-25,2807
2018-04-26,2799
2018-04-27,2782
2018-04-28,2762
2018-04-29,2752
2018-04-30,2749
2018-05-01,2765
2018-05-02,2785
2018-05-03,2787
2018-05-04,2833
2018-05-05,2863
2018-05-06,2859
2018-05-07,2814
2018-05-08,2768
2018-05-09,2741
2018-05-10,2728
2018-05-11,2725
2018-05-12,2701
2018-05-13,2675
2018-05-14,2662
2018-05-15,2692
2018-05-16,2706
2018-05-17,2696
2018-05-18,2718
2018-05-19,2714
2018-05-20,2696
2018-05-21,2669
2018-05-22,2654
2018-05-23,2645
2018-05-24,2639
2018-05-25,2655
2018-05-26,2664
2018-05-27,2672
2018-05-28,2672
2018-05-29,2665
2018-05-30,2595
2018-05-31,2599
2018-06-01,2593
2018-06-02,2576
2018-06-03,2603
2018-06-04,2603
2018-06-05,2626
2018-06-06,2637
2018-06-07,2650
2018-06-08,2610
2018-06-09,2608
2018-06-10,2612
2018-06-11,2619
2018-06-12,2626
2018-06-13,2619
2018-06-14,2635
2018-06-15,2643
2018-06-16,2656
2018-06-17,2659
2018-06-18,2690
2018-06-19,2701
2018-06-20,2709
2018-06-21,2667
2018-06-22,2663
2018-06-23,2677
2018-06-24,2693
2018-06-25,2709
2018-06-26,2682
2018-06-27,2644
2018-06-28,2630
2018-06-29,2616
2018-06-30,2620
2018-07-01,2606
2018-07-02,2629
2018-07-03,2629
2018-07-04,2632
2018-07-05,2631
2018-07-06,2642
2018-07-07,2649
2018-07-08,2660
2018-07-09,2660
2018-07-10,2652
2018-07-11,2695
2018-07-12,2713
2018-07-13,2706
2018-07-14,2724
2018-07-15,2708
2018-07-16,2710
2018-07-17,2695
2018-07-18,2678
2018-07-19,2665
2018-07-20,2697
2018-07-21,2725
2018-07-22,2728
2018-07-23,2814
2018-07-24,2866
2018-07-25,2818
2018-07-26,2776
2018-07-27,2768
2018-07-28,2748
2018-07-29,2745
2018-07-30,2732
2018-07-31,2763
2018-08-01,2784
2018-08-02,2805
2018-08-03,2860
2018-08-04,2977
2018-08-05,3126
2018-08-06,3239
2018-08-07,3199
2018-08-08,3168
2018-08-09,3152
2018-08-10,3134
2018-08-11,3109
2018-08-12,3015
2018-08-13,2911
2018-08-14,2935
2018-08-15,2915
2018-08-16,2978
2018-08-17,3028
2018-08-18,3029
2018-08-19,3072
2018-08-20,3085
2018-08-21,3122
2018-08-22,3120
2018-08-23,3124
2018-08-24,3141
2018-08-25,3204
2018-08-26,3191
2018-08-27,3180
2018-08-28,3179
2018-08-29,3224
2018-08-30,3281
2018-08-31,3385
2018-09-01,3324
2018-09-02,3256
2018-09-03,3248
2018-09-04,3085
2018-09-05,2930
2018-09-06,2783
2018-09-07,2649
2018-09-08,2579
2018-09-09,2552
2018-09-10,2583
2018-09-11,2622
2018-09-12,2642
2018-09-13,2635
2018-09-14,2620
2018-09-15,2607
2018-09-16,2594
2018-09-17,2603
2018-09-18,2625
2018-09-19,2645
2018-09-20,2623
2018-09-21,2608
2018-09-22,2613
2018-09-23,2627
2018-09-24,2626
2018-09-25,2607
2018-09-26,2620
2018-09-27,2676
2018-09-28,2691
2018-09-29,2685
2018-09-30,2688
2018-10-01,2686
2018-10-02,2698
2018-10-03,2721
2018-10-04,2758
2018-10-05,2776
2018-10-06,2830
2018-10-07,2834
2018-10-08,2877
2018-10-09,2856
2018-10-10,2769
2018-10-11,2747
2018-10-12,2739
2018-10-13,2739
2018-10-14,2749
2018-10-15,2777
2018-10-16,2780
2018-10-17,2793
2018-10-18,2780
2018-10-19,2764
2018-10-20,2777
2018-10-21,2771
2018-10-22,2737
2018-10-23,2733
2018-10-24,2740
2018-10-25,2765
2018-10-26,2782
2018-10-27,2800
2018-10-28,2789
2018-10-29,2836
2018-10-30,2978
2018-10-31,3127
2018-11-01,3253
2018-11-02,3372
2018-11-03,3460
2018-11-04,3441
2018-11-05,3369
2018-11-06,3314
2018-11-07,3254
2018-11-08,3241
2018-11-09,3203
2018-11-10,3083
2018-11-11,3042
2018-11-12,3074
2018-11-13,3146
2018-11-14,3252
2018-11-15,3394
2018-11-16,3522
2018-11-17,3650
2018-11-18,3650
2018-11-19,3623
2018-11-20,3441
2018-11-21,3268
2018-11-22,3104
2018-11-23,2948
2018-11-24,2800
2018-11-25,2660
2018-11-26,2641
2018-11-27,2685
2018-11-28,2716
2018-11-29,2745
2018-11-30,2737
2018-12-01,2738
2018-12-02,2725
2018-12-03,2702
2018-12-04,2723
2018-12-05,2725
2018-12-06,2716
2018-12-07,2718
2018-12-08,2743
2018-12-09,2698
2018-12-10,2707
2018-12-11,2718
2018-12-12,2758
2018-12-13,2813
2018-12-14,2815
2018-12-15,2799
2018-12-16,2763
2018-12-17,2704
2018-12-18,2652
2018-12-19,2609
2018-12-20,2664
2018-12-21,2748
2018-12-22,2754
2018-12-23,2767
2018-12-24,2808
2018-12-25,2824
2018-12-26,2871
2018-12-27,2949
2018-12-28,3052
2018-12-29,3050
2018-12-30,3005
2018-12-31,2995
2019-01-01,2959
2019-01-02,2930
2019-01-03,2897
2019-01-04,2837
2019-01-05,2802
2019-01-06,2824
2019-01-07,2798
2019-01-08,2658
2019-01-09,2525
2019-01-10,2399
2019-01-11,2325
2019-01-12,2229
2019-01-13,2129
2019-01-14,2150
2019-01-15,2137
2019-01-16,2141
2019-01-17,2125
2019-01-18,2023
2019-01-19,1959
2019-01-20,1861
2019-01-21,1767
2019-01-22,1678
2019-01-23,1629
2019-01-24,1573
2019-01-25,1588
2019-01-26,1597
2019-01-27,1603
2019-01-28,1583
2019-01-29,1573
2019-01-30,1594
2019-01-31,1540
2019-02-01,1520
2019-02-02,1548
2019-02-03,1507
2019-02-04,1479
2019-02-05,1500
2019-02-06,1490
2019-02-07,1455
2019-02-08,1448
2019-02-09,1488
2019-02-10,1488
2019-02-11,1490
2019-02-12,1538
2019-02-13,1585
2019-02-14,1549
2019-02-15,1549
2019-02-16,1519
2019-02-17,1574
2019-02-18,1623
2019-02-19,1627
2019-02-20,1676
2019-02-21,1664
2019-02-22,1663
2019-02-23,1632
2019-02-24,1577
2019-02-25,1545
2019-02-26,1498
2019-02-27,1554
2019-02-28,1628
2019-03-01,1705
2019-03-02,1767
2019-03-03,1826
2019-03-04,1759
2019-03-05,1734
2019-03-06,1718
2019-03-07,1640
2019-03-08,1576
2019-03-09,1539
2019-03-10,1525
2019-03-11,1551
2019-03-12,1611
2019-03-13,1675
2019-03-14,1721
2019-03-15,1667
2019-03-16,1607
2019-03-17,1561
2019-03-18,1498
2019-03-19,1498
2019-03-20,1554
2019-03-21,1602
2019-03-22,1674
2019-03-23,1742
2019-03-24,1723
2019-03-25,1706
2019-03-26,1702
2019-03-27,1690
2019-03-28,1696
2019-03-29,1686
2019-03-30,1707
2019-03-31,1700
2019-04-01,1700
2019-04-02,1733
2019-04-03,1734
2019-04-04,1714
2019-04-05,1695
2019-04-06,1688
2019-04-07,1710
2019-04-08,1722
2019-04-09,1697
2019-04-10,1688
2019-04-11,1648
2019-04-12,1612
2019-04-13,1600
2019-04-14,1630
2019-04-15,1623
2019-04-16,1614
2019-04-17,1598
2019-04-18,1594
2019-04-19,1594
2019-04-20,1578
2019-04-21,1610
2019-04-22,1633
2019-04-23,1680
2019-04-24,1708
2019-04-25,1758
2019-04-26,1754
2019-04-27,1713
2019-04-28,1713
2019-04-29,1667
2019-04-30,1594
2019-05-01,1542
2019-05-02,1543
2019-05-03,1544
2019-05-04,1557
2019-05-05,1556
2019-05-06,1544
2019-05-07,1547
2019-05-08,1547
2019-05-09,1528
2019-05-10,1559
2019-05-11,1559
2019-05-12,1572
2019-05-13,1614
2019-05-14,1618
2019-05-15,1588
2019-05-16,1587
2019-05-17,1539
2019-05-18,1539
2019-05-19,1512
2019-05-20,1516
2019-05-21,1534
2019-05-22,1549
2019-05-23,1552
2019-05-24,1564
2019-05-25,1564
2019-05-26,1549
2019-05-27,1582
2019-05-28,1566
2019-05-29,1613
2019-05-30,1602
2019-05-31,1590
2019-06-01,1603
2019-06-02,1603
2019-06-03,1602
2019-06-04,1635
2019-06-05,1663
2019-06-06,1616
2019-06-07,1634
2019-06-08,1654
2019-06-09,1655
2019-06-10,1638
2019-06-11,1632
2019-06-12,1632
2019-06-13,1639
2019-06-14,1678
2019-06-15,1646
2019-06-16,1665
2019-06-17,1684
2019-06-18,1700
2019-06-19,1759
2019-06-20,1794
2019-06-21,1761
2019-06-22,1740
2019-06-23,1713
2019-06-24,1708
2019-06-25,1703
2019-06-26,1697
2019-06-27,1690
2019-06-28,1690
2019-06-29,1680
2019-06-30,1680
2019-07-01,1689
2019-07-02,1670
2019-07-03,1680
2019-07-04,1733
2019-07-05,1733
2019-07-06,1782
2019-07-07,1782
2019-07-08,1770
2019-07-09,1760
2019-07-10,1736
2019-07-11,1705
2019-07-12,1727
2019-07-13,1727
2019-07-14,1731
2019-07-15,1755
2019-07-16,1811
2019-07-17,1811
2019-07-18,1810
2019-07-19,1834
2019-07-20,1834
2019-07-21,1843
2019-07-22,1860
2019-07-23,1835
2019-07-24,1846
2019-07-25,1837
2019-07-26,1856
2019-07-27,1820
2019-07-28,1782
2019-07-29,1784
2019-07-30,1784
2019-07-31,1743
2019-08-01,1743
2019-08-02,1732
2019-08-03,1732
2019-08-04,1728
2019-08-05,1728
2019-08-06,1799
2019-08-07,1793
2019-08-08,1806
2019-08-09,1791
2019-08-10,1763
2019-08-11,1763
2019-08-12,1763
2019-08-13,1635
2019-08-14,1635
2019-08-15,1664
2019-08-16,1672
2019-08-17,1672
2019-08-18,1705
2019-08-19,1764
2019-08-20,1810
2019-08-21,1822
2019-08-22,1781
2019-08-23,1738
2019-08-24,1682
2019-08-25,1644
2019-08-26,1644
2019-08-27,1673
2019-08-28,1672
2019-08-29,1674
2019-08-30,1646
2019-08-31,1646
2019-09-01,1632
2019-09-02,1638
2019-09-03,1639
2019-09-04,1639
2019-09-05,1656
2019-09-06,1656
2019-09-07,1708
2019-09-08,1708
2019-09-09,1743
2019-09-10,1743
2019-09-11,1737
2019-09-12,1689
2019-09-13,1689
2019-09-14,1637
2019-09-15,1637
2019-09-16,1603
2019-09-17,1572
2019-09-18,1581
2019-09-19,1581
2019-09-20,1580
2019-09-21,1580
2019-09-22,1567
2019-09-23,1567
2019-09-24,1543
2019-09-25,1543
2019-09-26,1544
2019-09-27,1593
2019-09-28,1593
2019-09-29,1609
2019-09-30,1597
2019-10-01,1559
2019-10-02,1567
2019-10-03,1567
2019-10-04,1580
2019-10-05,1555
2019-10-06,1578
2019-10-07,1578
2019-10-08,1574
2019-10-09,1574
2019-10-10,1560
2019-10-11,1560
2019-10-12,1541
2019-10-13,1514
2019-10-14,1485
2019-10-15,1448
2019-10-16,1448
2019-10-17,1428
2019-10-18,1428
2019-10-19,1453
2019-10-20,1453
2019-10-21,1474
2019-10-22,1443
2019-10-23,1443
2019-10-24,1414
2019-10-25,1414
2019-10-26,1409
2019-10-27,1409
2019-10-28,1386
2019-10-29,1386
2019-10-30,1393
2019-10-31,1419
2019-11-01,1419
2019-11-02,1413
2019-11-03,1413
2019-11-04,1418
2019-11-05,1418
2019-11-06,1443
2019-11-07,1443
2019-11-08,1454
2019-11-09,1418
2019-11-10,1397
2019-11-11,1418
2019-11-12,1418
2019-11-13,1395
2019-11-14,1395
2019-11-15,1393
2019-11-16,1393
2019-11-17,1363
2019-11-18,1380
2019-11-19,1373
2019-11-20,1382
2019-11-21,1382
2019-11-22,1357
2019-11-23,1321
2019-11-24,1321
2019-11-25,1291
2019-11-26,1312
2019-11-27,1343
2019-11-28,1387
2019-11-29,1392
2019-11-30,1343
2019-12-01,1324
2019-12-02,1323
2019-12-03,1332
2019-12-04,1332
2019-12-05,1303
2019-12-06,1293
2019-12-07,1293
2019-12-08,1272
2019-12-09,1249
2019-12-10,1249
2019-12-11,1201
2019-12-12,1170
2019-12-13,1144
2019-12-14,1156
2019-12-15,1156
2019-12-16,1189
2019-12-17,1204
2019-12-18,1204
2019-12-19,1264
2019-12-20,1302
2019-12-21,1302
2019-12-22,1333
2019-12-23,1361
2019-12-24,1365
2019-12-25,1365
2019-12-26,1344
2019-12-27,1320
2019-12-28,1330
2019-12-29,1346
2019-12-30,1364
2019-12-31,1358
2020-01-01,1358
2020-01-02,1346
2020-01-03,1363
2020-01-04,1363
2020-01-05,1355
2020-01-06,1333
2020-01-07,1333
2020-01-08,1318
2020-01-09,1318
2020-01-10,1305
2020-01-11,1305
2020-01-12,1281
2020-01-13,1272
2020-01-14,1285
2020-01-15,1271
2020-01-16,1266
2020-01-17,1275
2020-01-18,1275
2020-01-19,1302
2020-01-20,1347
2020-01-21,1410
2020-01-22,1465
2020-01-23,1465
2020-01-24,1531
2020-01-25,1535
2020-01-26,1508
2020-01-27,1508
2020-01-28,1515
2020-01-29,1515
2020-01-30,1484
2020-01-31,1484
2020-02-01,1446
2020-02-02,1446
2020-02-03,1430
2020-02-04,1418
2020-02-05,1399
2020-02-06,1399
2020-02-07,1406
2020-02-08,1381
2020-02-09,1353
2020-02-10,1353
2020-02-11,1337
2020-02-12,1303
2020-02-13,1303
2020-02-14,1313
2020-02-15,1329
2020-02-16,1365
2020-02-17,1409
2020-02-18,1409
2020-02-19,1456
2020-02-20,1456
2020-02-21,1510
2020-02-22,1537
2020-02-23,1507
2020-02-24,1469
2020-02-25,1431
2020-02-26,1419
2020-02-27,1395
2020-02-28,1404
2020-02-29,1404
2020-03-01,1467
2020-03-02,1455
2020-03-03,1474
2020-03-04,1523
2020-03-05,1518
2020-03-06,1518
2020-03-07,1502
2020-03-08,1469
2020-03-09,1405
2020-03-10,1405
2020-03-11,1381
2020-03-12,1354
2020-03-13,1330
2020-03-14,1330
2020-03-15,1286
2020-03-16,1296
2020-03-17,1296
2020-03-18,1308
2020-03-19,1328
2020-03-20,1328
2020-03-21,1309
2020-03-22,1272
2020-03-23,1264
2020-03-24,1254
2020-03-25,1261
2020-03-26,1294
2020-03-27,1314
2020-03-28,1363
2020-03-29,1418
2020-03-30,1418
2020-03-31,1391
2020-04-01,1321
2020-04-02,1268
2020-04-03,1205
2020-04-04,1205
2020-04-05,1144
2020-04-06,1120
2020-04-07,1133
2020-04-08,1141
2020-04-09,1155
2020-04-10,1178
2020-04-11,1201
2020-04-12,1225
2020-04-13,1257
2020-04-14,1257
2020-04-15,1241
2020-04-16,1248
2020-04-17,1263
2020-04-18,1291
2020-04-19,1299
2020-04-20,1324
2020-04-21,1295
2020-04-22,1282
2020-04-23,1300
2020-04-24,1301
2020-04-25,1306
2020-04-26,1299
2020-04-27,1262
2020-04-28,1251
2020-04-29,1293
2020-04-30,1290
2020-05-01,1305
2020-05-02,1315
2020-05-03,1335
2020-05-04,1352
2020-05-05,1347
2020-05-06,1359
2020-05-07,1353
2020-05-08,1353
2020-05-09,1376
2020-05-10,1424
2020-05-11,1386
2020-05-12,1363
2020-05-13,1354
2020-05-14,1364
2020-05-15,1418
2020-05-16,1457
2020-05-17,1530
2020-05-18,1607
2020-05-19,1688
2020-05-20,1773
2020-05-21,1862
2020-05-22,1956
2020-05-23,2018
2020-05-24,2111
2020-05-25,2184
2020-05-26,2278
2020-05-27,2323
2020-05-28,2211
2020-05-29,2103
2020-05-30,2026
2020-05-31,1924
2020-06-01,1851
2020-06-02,1844
2020-06-03,1909
2020-06-04,1907
2020-06-05,1838
2020-06-06,1838
2020-06-07,1761
2020-06-08,1761
2020-06-09,1801
2020-06-10,1865
2020-06-11,1865
2020-06-12,1914
2020-06-13,1829
2020-06-14,1827
2020-06-15,1794
2020-06-16,1754
2020-06-17,1754
2020-06-18,1738
2020-06-19,1654
2020-06-20,1649
2020-06-21,1681
2020-06-22,1676
2020-06-23,1688
2020-06-24,1750
2020-06-25,1789
2020-06-26,1839
2020-06-27,1769
2020-06-28,1769
2020-06-29,1698
2020-06-30,1617
2020-07-01,1587
2020-07-02,1550
2020-07-03,1550
2020-07-04,1501
2020-07-05,1482
2020-07-06,1449
2020-07-07,1454
2020-07-08,1454
2020-07-09,1430
2020-07-10,1425
2020-07-11,1434
2020-07-12,1467
2020-07-13,1505
2020-07-14,1569
2020-07-15,1648
2020-07-16,1719
2020-07-17,1722
2020-07-18,1687
2020-07-19,1687
2020-07-20,1658
2020-07-21,1658
2020-07-22,1681
2020-07-23,1681
2020-07-24,1715
2020-07-25,1667
2020-07-26,1622
2020-07-27,1622
2020-07-28,1609
2020-07-29,1619
2020-07-30,1582
2020-07-31,1582
2020-08-01,1586
2020-08-02,1586
2020-08-03,1561
2020-08-04,1589
2020-08-05,1650
2020-08-06,1658
2020-08-07,1688
2020-08-08,1699
2020-08-09,1752
2020-08-10,1738
2020-08-11,1706
2020-08-12,1676
2020-08-13,1661
2020-08-14,1583
2020-08-15,1601
2020-08-16,1664
2020-08-17,1733
2020-08-18,1798
2020-08-19,1883
2020-08-20,1947
2020-08-21,1899
2020-08-22,1901
2020-08-23,1974
2020-08-24,1974
2020-08-25,2020
2020-08-26,1939
2020-08-27,1939
2020-08-28,1900
2020-08-29,1903
2020-08-30,1903
2020-08-31,1884
2020-09-01,1861
2020-09-02,1792
2020-09-03,1765
2020-09-04,1765
2020-09-05,1695
2020-09-06,1657
2020-09-07,1646
2020-09-08,1663
2020-09-09,1684
2020-09-10,1742
2020-09-11,1742
2020-09-12,1819
2020-09-13,1819
2020-09-14,1905
2020-09-15,1905
2020-09-16,1962
2020-09-17,2017
2020-09-18,2045
2020-09-19,2045
2020-09-20,1983
2020-09-21,1961
2020-09-22,1953
2020-09-23,1953
2020-09-24,1895
2020-09-25,1945
2020-09-26,1899
2020-09-27,1895
2020-09-28,1980
2020-09-29,2079
2020-09-30,2079
2020-10-01,2120
2020-10-02,2040
2020-10-03,1946
2020-10-04,1946
2020-10-05,1894
2020-10-06,1863
2020-10-07,1870
2020-10-08,1942
2020-10-09,1942
2020-10-10,1953
2020-10-11,1953
2020-10-12,1936
2020-10-13,2000
2020-10-14,2000
2020-10-15,2050
2020-10-16,2019
2020-10-17,2093
2020-10-18,2096
2020-10-19,2058
2020-10-20,1965
2020-10-21,1885
2020-10-22,1878
2020-10-23,1849
2020-10-24,1901
2020-10-25,1961
2020-10-26,1978
2020-10-27,1946
2020-10-28,1911
2020-10-29,1847
2020-10-30,1847
2020-10-31,1872
2020-11-01,1931
2020-11-02,1928
2020-11-03,1980
2020-11-04,2054
2020-11-05,2003
2020-11-06,2048
2020-11-07,2140
2020-11-08,2094
2020-11-09,2058
2020-11-10,2012
2020-11-11,1998
2020-11-12,1949
2020-11-13,2023
2020-11-14,2109
2020-11-15,2211
2020-11-16,2318
2020-11-17,2434
2020-11-18,2514
2020-11-19,2422
2020-11-20,2302
2020-11-21,2190
2020-11-22,2130
2020-11-23,2122
2020-11-24,2181
2020-11-25,2278
2020-11-26,2376
2020-11-27,2484
2020-11-28,2510
2020-11-29,2384
2020-11-30,2264
2020-12-01,2150
2020-12-02,2069
2020-12-03,1967
2020-12-04,1944
2020-12-05,2023
2020-12-06,2054
2020-12-07,2124
2020-12-08,2108
2020-12-09,2052
2020-12-10,2005
2020-12-11,1913
2020-12-12,1864
2020-12-13,1864
2020-12-14,1851
2020-12-15,1910
2020-12-16,1962
2020-12-17,2010
2020-12-18,1969
2020-12-19,1963
2020-12-20,2013
2020-12-21,2045
2020-12-22,2110
2020-12-23,2038
2020-12-24,2026
2020-12-25,2009
2020-12-26,1966
2020-12-27,1923
2020-12-28,1970
2020-12-29,2029
2020-12-30,1997
2020-12-31,1984
2021-01-01,1974
2021-01-02,1974
2021-01-03,1945
2021-01-04,1997
2021-01-05,2083
2021-01-06,2188
2021-01-07,2238
2021-01-08,2139
2021-01-09,2034
2021-01-10,1934
2021-01-11,1871
2021-01-12,1899
2021-01-13,1980
2021-01-14,2063
2021-01-15,2164
2021-01-16,2243
2021-01-17,2260
2021-01-18,2373
2021-01-19,2467
2021-01-20,2537
2021-01-21,2623
2021-01-22,2503
2021-01-23,2377
2021-01-24,2289
2021-01-25,2188
2021-01-26,2157
2021-01-27,2237
2021-01-28,2276
2021-01-29,2205
2021-01-30,2114
2021-01-31,2052
2021-02-01,2017
2021-02-02,2012
2021-02-03,2017
2021-02-04,2096
2021-02-05,2151
2021-02-06,2201
2021-02-07,2174
2021-02-08,2171
2021-02-09,2201
2021-02-10,2243
2021-02-11,2288
2021-02-12,2282
2021-02-13,2282
2021-02-14,2259
2021-02-15,2359
2021-02-16,2358
2021-02-17,2336
2021-02-18,2419
2021-02-19,2524
2021-02-20,2608
2021-02-21,2636
2021-02-22,2751
2021-02-23,2846
2021-02-24,2964
2021-02-25,2949
2021-02-26,3009
2021-02-27,3124
2021-02-28,3058
2021-03-01,2935
2021-03-02,2802
2021-03-03,2661
2021-03-04,2527
2021-03-05,2453
2021-03-06,2330
2021-03-07,2262
2021-03-08,2203
2021-03-09,2275
2021-03-10,2349
2021-03-11,2376
2021-03-12,2372
2021-03-13,2423
2021-03-14,2487
2021-03-15,2503
2021-03-16,2473
2021-03-17,2462
2021-03-18,2371
2021-03-19,2353
2021-03-20,2353
2021-03-21,2413
2021-03-22,2394
2021-03-23,2311
2021-03-24,2232
2021-03-25,2291
2021-03-26,2334
2021-03-27,2426
2021-03-28,2508
2021-03-29,2479
2021-03-30,2479
2021-03-31,2423
2021-04-01,2406
2021-04-02,2408
2021-04-03,2408
2021-04-04,2444
2021-04-05,2481
2021-04-06,2478
2021-04-07,2443
2021-04-08,2507
2021-04-09,2592
2021-04-10,2551
2021-04-11,2549
2021-04-12,2504
2021-04-13,2506
2021-04-14,2446
2021-04-15,2450
2021-04-16,2474
2021-04-17,2525
2021-04-18,2587
2021-04-19,2683
2021-04-20,2706
2021-04-21,2656
2021-04-22,2656
2021-04-23,2595
2021-04-24,2595
2021-04-25,2518
2021-04-26,2502
2021-04-27,2542
2021-04-28,2529
2021-04-29,2476
2021-04-30,2530
2021-05-01,2486
2021-05-02,2542
2021-05-03,2568
2021-05-04,2672
2021-05-05,2797
2021-05-06,2843
2021-05-07,2785
2021-05-08,2768
2021-05-09,2690
2021-05-10,2561
2021-05-11,2483
2021-05-12,2467
2021-05-13,2467
2021-05-14,2494
2021-05-15,2524
2021-05-16,2583
2021-05-17,2583
2021-05-18,2582
2021-05-19,2502
2021-05-20,2531
2021-05-21,2488
2021-05-22,2561
2021-05-23,2540
2021-05-24,2540
2021-05-25,2471
2021-05-26,2369
2021-05-27,2314
2021-05-28,2378
2021-05-29,2454
2021-05-30,2567
2021-05-31,2537
2021-06-01,2499
2021-06-02,2447
2021-06-03,2432
2021-06-04,2432
2021-06-05,2458
2021-06-06,2409
2021-06-07,2370
2021-06-08,2327
2021-06-09,2350
2021-06-10,2350
2021-06-11,2322
2021-06-12,2324
2021-06-13,2349
2021-06-14,2376
2021-06-15,2397
2021-06-16,2302
2021-06-17,2276
2021-06-18,2260
2021-06-19,2309
2021-06-20,2304
2021-06-21,2261
2021-06-22,2302
2021-06-23,2384
2021-06-24,2445
2021-06-25,2528
2021-06-26,2528
2021-06-27,2571
2021-06-28,2521
2021-06-29,2444
2021-06-30,2414
2021-07-01,2383
2021-07-02,2391
2021-07-03,2406
2021-07-04,2382
2021-07-05,2455
2021-07-06,2474
2021-07-07,2453
2021-07-08,2489
2021-07-09,2489
2021-07-10,2555
2021-07-11,2646
2021-07-12,2646
2021-07-13,2752
2021-07-14,2844
2021-07-15,2844
2021-07-16,2725
2021-07-17,2725
2021-07-18,2702
2021-07-19,2687
2021-07-20,2687
2021-07-21,2584
2021-07-22,2584
2021-07-23,2510
2021-07-24,2488
2021-07-25,2475
2021-07-26,2475
2021-07-27,2462
2021-07-28,2462
2021-07-29,2389
2021-07-30,2499
2021-07-31,2592
2021-08-01,2592
2021-08-02,2620
2021-08-03,2498
2021-08-04,2497
2021-08-05,2550
2021-08-06,2611
2021-08-07,2670
2021-08-08,2706
2021-08-09,2706
2021-08-10,2735
2021-08-11,2659
2021-08-12,2707
2021-08-13,2631
2021-08-14,2523
2021-08-15,2484
2021-08-16,2596
2021-08-17,2663
2021-08-18,2663
2021-08-19,2728
2021-08-20,2798
2021-08-21,2748
2021-08-22,2656
2021-08-23,2540
2021-08-24,2496
2021-08-25,2453
2021-08-26,2378
2021-08-27,2378
2021-08-28,2350
2021-08-29,2389
2021-08-30,2380
2021-08-31,2465
2021-09-01,2551
2021-09-02,2551
2021-09-03,2656
2021-09-04,2602
2021-09-05,2557
2021-09-06,2501
2021-09-07,2501
2021-09-08,2513
2021-09-09,2549
2021-09-10,2483
2021-09-11,2483
2021-09-12,2384
2021-09-13,2378
2021-09-14,2411
2021-09-15,2464
2021-09-16,2464
2021-09-17,2438
2021-09-18,2376
2021-09-19,2376
2021-09-20,2323
2021-09-21,2356
2021-09-22,2384
2021-09-23,2422
2021-09-24,2354
2021-09-25,2299
2021-09-26,2299
2021-09-27,2299
2021-09-28,2327
2021-09-29,2263
2021-09-30,2263
2021-10-01,2205
2021-10-02,2205
2021-10-03,2147
2021-10-04,2147
2021-10-05,2183
2021-10-06,2283
2021-10-07,2283
2021-10-08,2248
2021-10-09,2248
2021-10-10,2277
2021-10-11,2277
2021-10-12,2356
2021-10-13,2396
2021-10-14,2368
2021-10-15,2368
2021-10-16,2301
2021-10-17,2301
2021-10-18,2234
2021-10-19,2159
2021-10-20,2109
2021-10-21,2109
2021-10-22,2147
2021-10-23,2193
2021-10-24,2148
2021-10-25,2148
2021-10-26,2098
2021-10-27,2098
2021-10-28,2056
2021-10-29,2056
2021-10-30,1984
2021-10-31,1896
2021-11-01,1896
2021-11-02,1900
2021-11-03,1900
2021-11-04,1969
2021-11-05,2036
2021-11-06,2036
2021-11-07,2091
2021-11-08,2054
2021-11-09,1985
2021-11-10,1985
2021-11-11,2021
2021-11-12,2022
2021-11-13,2038
2021-11-14,2120
2021-11-15,2131
2021-11-16,2057
2021-11-17,2114
2021-11-18,2114
2021-11-19,2154
2021-11-20,2154
2021-11-21,2245
2021-11-22,2328
2021-11-23,2432
2021-11-24,2515
2021-11-25,2515
2021-11-26,2545
2021-11-27,2551
2021-11-28,2510
2021-11-29,2454
2021-11-30,2346
2021-12-01,2313
2021-12-02,2419
2021-12-03,2419
2021-12-04,2463
2021-12-05,2368
2021-12-06,2311
2021-12-07,2344
2021-12-08,2401
2021-12-09,2401
2021-12-10,2410
2021-12-11,2415
2021-12-12,2402
2021-12-13,2467
2021-12-14,2467
2021-12-15,2462
2021-12-16,2499
2021-12-17,2512
2021-12-18,2519
2021-12-19,2530
2021-12-20,2537
2021-12-21,2631
2021-12-22,2728
2021-12-23,2803
2021-12-24,2784
2021-12-25,2760
2021-12-26,2695
2021-12-27,2641
2021-12-28,2639
2021-12-29,2720
2021-12-30,2844
2021-12-31,2987
2022-01-01,3113
2022-01-02,3269
2022-01-03,3432
2022-01-04,3487
2022-01-05,3639
2022-01-06,3703
2022-01-07,3558
2022-01-08,3507
2022-01-09,3600
2022-01-10,3463
2022-01-11,3344
2022-01-12,3206
2022-01-13,3268
2022-01-14,3112
2022-01-15,3021
2022-01-16,3021
2022-01-17,2903
2022-01-18,2808
2022-01-19,2912
2022-01-20,2834
2022-01-21,2834
2022-01-22,2848
2022-01-23,2875
2022-01-24,2875
2022-01-25,2984
2022-01-26,3089
2022-01-27,3244
2022-01-28,3393
2022-01-29,3393
2022-01-30,3531
2022-01-31,3687
2022-02-01,3644
2022-02-02,3536
2022-02-03,3549
2022-02-04,3653
2022-02-05,3651
2022-02-06,3651
2022-02-07,3519
2022-02-08,3519
2022-02-09,3343
2022-02-10,3234
2022-02-11,3130
2022-02-12,3130
2022-02-13,3026
2022-02-14,3026
2022-02-15,2914
2022-02-16,2914
2022-02-17,2772
2022-02-18,2661
2022-02-19,2743
2022-02-20,2829
2022-02-21,2774
2022-02-22,2816
2022-02-23,2885
2022-02-24,2909
2022-02-25,2939
2022-02-26,3024
2022-02-27,3121
2022-02-28,3121
2022-03-01,3059
2022-03-02,3196
2022-03-03,3102
2022-03-04,3102
2022-03-05,3011
2022-03-06,2941
2022-03-07,2941
2022-03-08,2941
2022-03-09,2929
2022-03-10,2854
2022-03-11,2854
2022-03-12,2850
2022-03-13,2850
2022-03-14,2749
2022-03-15,2749
2022-03-16,2851
2022-03-17,2851
2022-03-18,2858
2022-03-19,2742
2022-03-20,2748
2022-03-21,2748
2022-03-22,2740
2022-03-23,2623
2022-03-24,2542
2022-03-25,2542
2022-03-26,2489
2022-03-27,2514
2022-03-28,2514
2022-03-29,2511
2022-03-30,2511
2022-03-31,2473
2022-04-01,2473
2022-04-02,2511
2022-04-03,2579
2022-04-04,2579
2022-04-05,2672
2022-04-06,2672
2022-04-07,2761
2022-04-08,2761
2022-04-09,2696
2022-04-10,2608
2022-04-11,2577
2022-04-12,2577
2022-04-13,2518
2022-04-14,2518
2022-04-15,2572
2022-04-16,2572
2022-04-17,2576
2022-04-18,2576
2022-04-19,2459
2022-04-20,2472
2022-04-21,2472
2022-04-22,2460
2022-04-23,2460
2022-04-24,2556
2022-04-25,2556
2022-04-26,2549
2022-04-27,2549
2022-04-28,2474
2022-04-29,2474
2022-04-30,2562
2022-05-01,2632
2022-05-02,2735
2022-05-03,2735
2022-05-04,2849
2022-05-05,2849
2022-05-06,2774
2022-05-07,2774
2022-05-08,2755
2022-05-09,2738
2022-05-10,2682
2022-05-11,2682
2022-05-12,2659
2022-05-13,2612
2022-05-14,2612
2022-05-15,2642
2022-05-16,2669
2022-05-17,2597
2022-05-18,2597
2022-05-19,2561
2022-05-20,2646
2022-05-21,2646
2022-05-22,2688
2022-05-23,2688
2022-05-24,2732
2022-05-25,2719
2022-05-26,2774
2022-05-27,2774
2022-05-28,2688
2022-05-29,2620
2022-05-30,2620
2022-05-31,2593
2022-06-01,2576
2022-06-02,2576
2022-06-03,2557
2022-06-04,2557
2022-06-05,2505
2022-06-06,2509
2022-06-07,2509
2022-06-08,2607
2022-06-09,2607
2022-06-10,2734
2022-06-11,2698
2022-06-12,2635
2022-06-13,2635
2022-06-14,2537
2022-06-15,2537
2022-06-16,2502
2022-06-17,2547
2022-06-18,2547
2022-06-19,2477
2022-06-20,2434
2022-06-21,2351
2022-06-22,2351
2022-06-23,2418
2022-06-24,2418
2022-06-25,2520
2022-06-26,2520
2022-06-27,2596
2022-06-28,3171
2022-06-29,3171
2022-06-30,2596
2022-07-01,2645
2022-07-02,2645
2022-07-03,2637
2022-07-04,2637
2022-07-05,2658
2022-07-06,2658
2022-07-07,2587
2022-07-08,2587
2022-07-09,2590
2022-07-10,2590
2022-07-11,2639
2022-07-12,2640
2022-07-13,2640
2022-07-14,2696
2022-07-15,2696
2022-07-16,2650
2022-07-17,2650
2022-07-18,2627
2022-07-19,2625
2022-07-20,2625
2022-07-21,2648
2022-07-22,2673
2022-07-23,2673
2022-07-24,2754
2022-07-25,2836
2022-07-26,2836
2022-07-27,2955
2022-07-28,3032
2022-07-29,3032
2022-07-30,3030
2022-07-31,2958
2022-08-01,2958
2022-08-02,2941
2022-08-03,2884
2022-08-04,2871
2022-08-05,2871
2022-08-06,2817
2022-08-07,2817
2022-08-08,2817
2022-08-09,2842
2022-08-10,2860
2022-08-11,2842
2022-08-12,2954
2022-08-13,3074
2022-08-14,3074
2022-08-15,3197
2022-08-16,3179
2022-08-17,3089
2022-08-18,3089
2022-08-19,3011
2022-08-20,3023
2022-08-21,3036
2022-08-22,3036
2022-08-23,3052
2022-08-24,3052
2022-08-25,3119
2022-08-26,3185
2022-08-27,3185
2022-08-28,3219
2022-08-29,3219
2022-08-30,3373
2022-08-31,3487
2022-09-01,3487
2022-09-02,3504
2022-09-03,3400
2022-09-04,3315
2022-09-05,3315
2022-09-06,3152
2022-09-07,3152
2022-09-08,3021
2022-09-09,3021
2022-09-10,3078
2022-09-11,3107
2022-09-12,3071
2022-09-13,3071
2022-09-14,3206
2022-09-15,3295
2022-09-16,3295
2022-09-17,3241
2022-09-18,3241
2022-09-19,3211
2022-09-20,3211
2022-09-21,3158
2022-09-22,3143
2022-09-23,3143
2022-09-24,3117
2022-09-25,3117
2022-09-26,3105
2022-09-27,3105
2022-09-28,3142
2022-09-29,3142
2022-09-30,3156
2022-10-01,3156
2022-10-02,3189
2022-10-03,3189
2022-10-04,3203
2022-10-05,3203
2022-10-06,3111
2022-10-07,3111
2022-10-08,3096
2022-10-09,3096
2022-10-10,3060
2022-10-11,3060
2022-10-12,3092
2022-10-13,3092
2022-10-14,3140
2022-10-15,3205
2022-10-16,3205
2022-10-17,3318
2022-10-18,3318
2022-10-19,3475
2022-10-20,3638
2022-10-21,3638
2022-10-22,3820
2022-10-23,3820
2022-10-24,3870
2022-10-25,3870
2022-10-26,3908
2022-10-27,3908
2022-10-28,3739
2022-10-29,3600
2022-10-30,3600
2022-10-31,3431
2022-11-01,3431
2022-11-02,3311
2022-11-03,3298
2022-11-04,3298
2022-11-05,3411
2022-11-06,3411
2022-11-07,3379
2022-11-08,3379
2022-11-09,3364
2022-11-10,3313
2022-11-11,3313
2022-11-12,3374
2022-11-13,3374
2022-11-14,3438
2022-11-15,3438
2022-11-16,3563
2022-11-17,3563
2022-11-18,3577
2022-11-19,3614
2022-11-20,3501
2022-11-21,3501
2022-11-22,3488
2022-11-23,3488
2022-11-24,3454
2022-11-25,3454
2022-11-26,3423
2022-11-27,3423
2022-11-28,3355
2022-11-29,3355
2022-11-30,3313
2022-12-01,3284
2022-12-02,3284
2022-12-03,3284
2022-12-04,3263
2022-12-05,3263
2022-12-06,3214
2022-12-07,3214
2022-12-08,3260
2022-12-09,3260
2022-12-10,3335
2022-12-11,3385
2022-12-12,3385
2022-12-13,3412
2022-12-14,3412
2022-12-15,3413
2022-12-16,3413
2022-12-17,3366
2022-12-18,3344
2022-12-19,3344
2022-12-20,3380
2022-12-21,3380
2022-12-22,3384
2022-12-23,3384
2022-12-24,3486
2022-12-25,3486
2022-12-26,3639
2022-12-27,3639
2022-12-28,3821
2022-12-29,3960
2022-12-30,4095
2022-12-31,4095
2023-01-01,4266
2023-01-02,4422
2023-01-03,4454
2023-01-04,4454
2023-01-05,4633
2023-01-06,4633
2023-01-07,4674
2023-01-08,4674
2023-01-09,4575
2023-01-10,4585
2023-01-11,4585
2023-01-12,4516
2023-01-13,4516
2023-01-14,4516
2023-01-15,4616
2023-01-16,4616
2023-01-17,4646
2023-01-18,4565
2023-01-19,4565
2023-01-20,4454
2023-01-21,4454
2023-01-22,4377
2023-01-23,4415
2023-01-24,4415
2023-01-25,4466
2023-01-26,4466
2023-01-27,4407
2023-01-28,4385
2023-01-29,4355
2023-01-30,4331
2023-01-31,4487
2023-02-01,4487
2023-02-02,4683
2023-02-03,4683
2023-02-04,4736
2023-02-05,4736
2023-02-06,4686
2023-02-07,4686
2023-02-08,4578
2023-02-09,4578
2023-02-10,4620
2023-02-11,4620
2023-02-12,4679
2023-02-13,4652
2023-02-14,4652
2023-02-15,4571
2023-02-16,4511
2023-02-17,4511
2023-02-18,4560
2023-02-19,4546
2023-02-20,4564
2023-02-21,4564
2023-02-22,4519
2023-02-23,4519
2023-02-24,4466
2023-02-25,4466
2023-02-26,4341
2023-02-27,4278
2023-02-28,4240
2023-03-01,4212
2023-03-02,4212
2023-03-03,4217
2023-03-04,4217
2023-03-05,4286
2023-03-06,4341
2023-03-07,4341
2023-03-08,4471
2023-03-09,4667
2023-03-10,4667
2023-03-11,4829
2023-03-12,4829
2023-03-13,4587
2023-03-14,4406
2023-03-15,4406
2023-03-16,4392
2023-03-17,4392
2023-03-18,4457
2023-03-19,4457
2023-03-20,4567
2023-03-21,4567
2023-03-22,4666
2023-03-23,4666
2023-03-24,4719
2023-03-25,4719
2023-03-26,4900
2023-03-27,4900
2023-03-28,5031
2023-03-29,5031
2023-03-30,4999
2023-03-31,4999
2023-04-01,4999
2023-04-02,4790
2023-04-03,4712
2023-04-04,4712
2023-04-05,4563
2023-04-06,4563
2023-04-07,4451
2023-04-08,4451
2023-04-09,4486
2023-04-10,4519
2023-04-11,4519
2023-04-12,4485
2023-04-13,4485
2023-04-14,4415
2023-04-15,4415
2023-04-16,4229
2023-04-17,4199
2023-04-18,4199
2023-04-19,4272
2023-04-20,4272
2023-04-21,4314
2023-04-22,4314
2023-04-23,4355
2023-04-24,4330
2023-04-25,4330
2023-04-26,4353
2023-04-27,4422
2023-04-28,4422
2023-04-29,4422
2023-04-30,4534
2023-05-01,4534
2023-05-02,4633
2023-05-03,4633
2023-05-04,4645
2023-05-05,4645
2023-05-06,4869
2023-05-07,4869
2023-05-08,5066
2023-05-09,5066
2023-05-10,5170
2023-05-11,5170
2023-05-12,5237
2023-05-13,5237
2023-05-14,5097
2023-05-15,5097
2023-05-16,4942
2023-05-17,4801
2023-05-18,4801
2023-05-19,4764
2023-05-20,4715
2023-05-21,4715
2023-05-22,4759
2023-05-23,4987
2023-05-24,4987
2023-05-25,5101
2023-05-26,5101
2023-05-27,4956
2023-05-28,4791
2023-05-29,4791
2023-05-30,4705
2023-05-31,4839
2023-06-01,4839
2023-06-02,4987
2023-06-03,5101
2023-06-04,5269
2023-06-05,5269
2023-06-06,5512
2023-06-07,5512
2023-06-08,5612
2023-06-09,5612
2023-06-10,5361
2023-06-11,5361
2023-06-12,5113
2023-06-14,4876
2023-06-15,4696
2023-06-16,4696
2023-06-17,4463
2023-06-18,4531
2023-06-19,4531
2023-06-21,4420
2023-06-22,4279
2023-06-23,4279
2023-06-24,4245
2023-06-25,4245
2023-06-26,4291
2023-06-27,4214
2023-06-28,4087
2023-06-29,4087
2023-06-30,4219
2023-07-01,4362
2023-07-02,4362
2023-07-03,4460
2023-07-04,4530
2023-07-05,4483
2023-07-06,4483
2023-07-07,4414
2023-07-08,4422
2023-07-09,4422
2023-07-10,4369
2023-07-11,4293
2023-07-12,4293
2023-07-13,4197
2023-07-14,4197
2023-07-15,4164
2023-07-16,4164
2023-07-17,4271
2023-07-18,4271
2023-07-19,4382
2023-07-20,4520
2023-07-21,4520
2023-07-22,4591
2023-07-23,4611
2023-07-27,4767
2023-07-30,4661
2023-07-31,4585
2023-08-01,4622
2023-08-02,4559
2023-08-03,4559
2023-08-04,4487
2023-08-05,4411
2023-08-06,4463
2023-08-09,4936
2023-08-10,5056
2023-08-11,5217
2023-08-12,5239
2023-08-13,5135
2023-08-14,4965
2023-08-19,4531
2023-08-20,4516
2023-08-21,4468
2023-08-22,4480
2023-08-23,4507
2023-08-24,4389
2023-08-25,4377
2023-08-26,4363
2023-08-27,4410
2023-08-28,4428
2023-08-29,4569
2023-08-30,4547
2023-08-31,4651
2023-09-01,4597
2023-09-02,4514
2023-09-03,4510
2023-09-04,4510
2023-09-05,4500
2023-09-06,4558
2023-09-07,4570
2023-09-08,4585
2023-09-09,4588
2023-09-10,4572
2023-09-11,4586
2023-09-12,4497
2023-09-13,4444
2023-09-14,4507
2023-09-15,4507
2023-09-16,4505
2023-09-17,4542
2023-09-18,4557
2023-09-19,4457
2023-09-20,4415
2023-09-21,4415
2023-09-22,4392
2023-09-23,4392
2023-09-24,4415
2023-09-25,4481
2023-09-26,4468
2023-09-27,4342
2023-09-28,4274
2023-09-29,4345
2023-09-30,4345
2023-10-01,4416
2023-10-02,4398
2023-10-03,4358
2023-10-04,4356
2023-10-05,4356
2023-10-06,4311
2023-10-07,4311
2023-10-08,4391
2023-10-09,4513
2023-10-10,4512
2023-10-11,4473
2023-10-12,4473
2023-10-13,4467
2023-10-14,4456
2023-10-15,4405
2023-10-16,4433
2023-10-17,4433
2023-10-18,4429
2023-10-19,4429
2023-10-20,4226
2023-10-21,4220
2023-10-22,4220
2023-10-23,4129
2023-10-24,4255
2023-10-25,4284
2023-10-26,4288
2023-10-27,4286
2023-10-28,4286
2023-10-29,4414
2023-10-30,4521
2023-10-31,4505
2023-11-01,4541
2023-11-02,4541
2023-11-03,4550
2023-11-04,4674
2023-11-05,4675
2023-11-06,4625
2023-11-07,4447
2023-11-08,4447
2023-11-09,4413
2023-11-10,4407
2023-11-11,4407
2023-11-12,4381
2023-11-13,4381
2023-11-14,4360
2023-11-15,4302
2023-11-16,4302
2023-11-17,4280
2023-11-18,4280
2023-11-19,4291
2023-11-20,4192
2023-11-21,4076
2023-11-22,4006
2023-11-23,3979
2023-11-24,3970
2023-11-25,3999
2023-11-26,3907
2023-11-27,3881
2023-11-28,3763
2023-11-29,3661
2023-11-30,3813
2023-12-01,3917
2023-12-02,3909
2023-12-03,3972
2023-12-04,3917
2023-12-05,3973
2023-12-06,4073
2023-12-07,4073
2023-12-08,4068
2023-12-09,4068
2023-12-10,3991
2023-12-11,4102
2023-12-12,4102
2023-12-13,4142
2023-12-14,4142
2023-12-15,4117
2023-12-16,4117
2023-12-17,4103
2023-12-18,3965
2023-12-19,3766
2023-12-20,3585
2023-12-21,3585
2023-12-22,3450
2023-12-23,3448
2023-12-24,3378
2023-12-25,3378
2023-12-26,3405
2023-12-27,3539
2023-12-28,3539
2023-12-29,3677
2023-12-30,3804
2023-12-31,3893
2024-01-01,3966
2024-01-02,3973
2024-01-03,4134
2024-01-04,4146
2024-01-05,4265
2024-01-06,4301
2024-01-07,4424
2024-01-08,4593
2024-01-09,4806
2024-01-10,4625
2024-01-11,4454
2024-01-12,4454
2024-01-13,4328
2024-01-14,4328
2024-01-15,4280
2024-01-16,4355
2024-01-17,4355
2024-01-18,4411
2024-01-19,4483
2024-01-20,4483
2024-01-21,4537
2024-01-22,4537
2024-01-23,4673
2024-01-24,4673
2024-01-25,4665
2024-01-26,4615
2024-01-27,4615
2024-01-28,4563
2024-01-29,4563
2024-01-30,4422
2024-01-31,4318
2024-02-01,4318
2024-02-02,4369
2024-02-03,4345
2024-02-04,4345
2024-02-05,4475
2024-02-06,4475
2024-02-07,4421
2024-02-08,4370
2024-02-09,4370
2024-02-10,4376
2024-02-11,4396
2024-02-12,4445
2024-02-13,4477
2024-02-14,4486
2024-02-15,4486
2024-02-16,4458
2024-02-17,4458
2024-02-18,4451
2024-02-19,4411
2024-02-20,4342
2024-02-21,4326
2024-02-22,4246
2024-02-23,4190
2024-02-24,4190
2024-02-25,4133
2024-02-26,4138
2024-02-27,4061
2024-02-28,4074
2024-02-29,4074
2024-03-01,4125
2024-03-02,4201
2024-03-03,4177
2024-03-04,4177
2024-03-05,4167
2024-03-06,4036
2024-03-07,4036
2024-03-08,4120
2024-03-09,4120
2024-03-10,4193
2024-03-11,4188
2024-03-12,4239
2024-03-13,4131
2024-03-14,4131
2024-03-15,4209
2024-03-16,4209
2024-03-17,4275
2024-03-18,4280
2024-03-19,4327
2024-03-20,4388
2024-03-21,4388
2024-03-22,4290
2024-03-23,4290
2024-03-24,4193
2024-03-25,4122
2024-03-26,4108
2024-03-27,4108
2024-03-28,4210
2024-03-29,4210
2024-03-30,4242
2024-03-31,4242
2024-04-01,4358
2024-04-02,4427
2024-04-03,4427
2024-04-04,4348
2024-04-05,4323
2024-04-06,4323
2024-04-07,4298
2024-04-08,4298
2024-04-09,4333
2024-04-10,4333
2024-04-11,4393
2024-04-12,4429
2024-04-13,4308
2024-04-14,4258
2024-04-15,4258
2024-04-16,4253
2024-04-17,4253
2024-04-18,4239
2024-04-19,4239
2024-04-20,4191
2024-04-21,4253
2024-04-22,4253
2024-04-23,4359
2024-04-24,4391
2024-04-25,4391
2024-04-26,4425
2024-04-27,4441
2024-04-28,4441
2024-04-29,4456
2024-04-30,4489
2024-05-01,4489
2024-05-02,4434
2024-05-03,4434
2024-05-08,4262
2024-05-09,4248
2024-05-10,4248
2024-05-11,4317
2024-05-12,4376
2024-05-13,4376
2024-05-14,4355
2024-05-15,4355
2024-05-16,4294
2024-05-17,4294
2024-05-18,4291
2024-05-19,4336
2024-05-20,4336
2024-05-21,4431
2024-05-22,4431
2024-05-23,4524
2024-05-24,4524
2024-05-25,4449
2024-05-26,4395
2024-05-27,4384
2024-05-28,4545
2024-05-29,4545
2024-05-30,4603
2024-05-31,4603
2024-06-01,4558
2024-06-02,4558
2024-06-03,4531
2024-06-04,4516
2024-06-05,4516
2024-06-06,4529
2024-06-07,4529
2024-06-08,4601
2024-06-09,4601
2024-06-10,4824
2024-06-11,4824
2024-06-12,5042
2024-06-14,5005
2024-06-15,5005
2024-06-16,5019
2024-06-17,5030
2024-06-18,5030
2024-06-19,5132
2024-06-20,5132
2024-06-21,5110
2024-06-22,5110
2024-06-23,5072
2024-06-24,5072
2024-06-25,5108
2024-06-26,5108
2024-06-27,5080
2024-06-28,5080
2024-06-29,5146
2024-06-30,5146
2024-07-01,5265
2024-07-02,5265
2024-07-03,5331
2024-07-04,5331
2024-07-05,5518
2024-07-06,5518
2024-07-07,5612
2024-07-08,5612
2024-07-09,5461
2024-07-10,5461
2024-07-11,5435
2024-07-12,5435
2024-07-13,5398
2024-07-14,5636
2024-07-15,5636
2024-07-16,5660
2024-07-17,5778
2024-07-18,5494
2024-07-19,5405
2024-07-20,5405
2024-07-21,5291
2024-07-22,5352
2024-07-23,5284
2024-07-24,5284
2024-07-25,5267
2024-07-26,5267
2024-07-27,5248
2024-07-28,5248
2024-07-29,5209
2024-07-30,5171
2024-07-31,5171
2024-08-01,5140
2024-08-02,5144
2024-08-03,5251
2024-08-04,5251
2024-08-05,5307
2024-08-06,5307
2024-08-07,5408
2024-08-08,5388
2024-08-09,5310
2024-08-10,5310
2024-08-11,5372
2024-08-12,5625
2024-08-13,5761
2024-08-14,5703
2024-08-15,5861
2024-08-16,6051
2024-08-17,6286
2024-08-18,6380
2024-08-19,6457
2024-08-20,6342
2024-08-21,6294
2024-08-22,6294
2024-08-23,6227
2024-08-24,6216
2024-08-25,6216
2024-08-26,6186
2024-08-27,6131
2024-08-28,6093
2024-08-29,6150
2024-08-30,6099
2024-08-31,6099
2024-09-01,6060
2024-09-02,6091
2024-09-03,6091
2024-09-04,6003
2024-09-05,6003
2024-09-06,5811
2024-09-07,5709
2024-09-08,5512
2024-09-09,5512
2024-09-10,5427
2024-09-11,5464
2024-09-12,5464
2024-09-13,5453
2024-09-14,5501
2024-09-15,5449
2024-09-16,5449
2024-09-17,5449
2024-09-18,5529
2024-09-19,5529
2024-09-20,5557
2024-09-21,5381
2024-09-22,5519
2024-09-23,5519
2024-09-24,5482
2024-09-25,5619
2024-09-26,5619
2024-09-27,5790
2024-09-28,5883
2024-09-29,5668
2024-09-30,5537
2024-10-01,5537
2024-10-02,5431
2024-10-03,5567
2024-10-04,5567
2024-10-05,5638
2024-10-06,5638
2024-10-07,5884
2024-10-08,5884
2024-10-09,5818
2024-10-10,5818
2024-10-11,5643
2024-10-12,5643
2024-10-13,5501
2024-10-14,5450
2024-10-15,5450
2024-10-16,5508
2024-10-17,5508
2024-10-18,5440
2024-10-19,5347
2024-10-20,5347
2024-10-21,5241
2024-10-22,5241
2024-10-23,5191
2024-10-24,5191
2024-10-25,5121
2024-10-26,5121
2024-10-27,5137
2024-10-28,5043
2024-10-29,5043
2024-10-30,5012
2024-10-31,5012
2024-11-01,5131
2024-11-02,5131
2024-11-03,5259
2024-11-04,5259
2024-11-05,5300
2024-11-06,5300
2024-11-07,5471
2024-11-08,5471
2024-11-09,5407
2024-11-10,5407
2024-11-11,5283
2024-11-12,5323
2024-11-13,5323
2024-11-14,5458
2024-11-15,5458
2024-11-16,5593
2024-11-17,5718
2024-11-18,5718
2024-11-19,5661
2024-11-20,5661
2024-11-21,5546
2024-11-22,5546
2024-11-23,5469
2024-11-24,5469
2024-11-25,5274
2024-11-26,5274
2024-11-27,5155
2024-11-28,5155
2024-11-29,5159
2024-11-30,5159
2024-12-01,5260
2024-12-02,5260
2024-12-03,5384
2024-12-04,5384
2024-12-05,5384
2024-12-06,5485
2024-12-07,5485
2024-12-08,5324
2024-12-09,5324
2024-12-10,5257
2024-12-11,5257
2024-12-12,5194
2024-12-13,5194
2024-12-14,5373
2024-12-15,5531
2024-12-16,5531
2024-12-17,5483
2024-12-18,5411
2024-12-19,5411
2024-12-20,5291
2024-12-21,5100
2024-12-22,5100
2024-12-23,4992
2024-12-24,4964
2024-12-25,4964
2024-12-26,5010
2024-12-27,5010
2024-12-28,5222
2024-12-29,5484
2024-12-30,5484
2024-12-31,5697
2025-01-01,5813
2025-01-02,5729
2025-01-03,5729
2025-01-04,5570
2025-01-05,5653
2025-01-06,5664
2025-01-07,5616
2025-01-08,5616
2025-01-09,5570
2025-01-10,5601
2025-01-11,5601
2025-01-12,5571
2025-01-13,5457
2025-01-14,5457
2025-01-15,5448
2025-01-16,5448
2025-01-17,5374
2025-01-18,5275
2025-01-19,5275
2025-01-20,5284
2025-01-21,5284
2025-01-22,5355
2025-01-23,5355
2025-01-24,5284
2025-01-25,5284
2025-01-26,5419
2025-01-27,5400
2025-01-28,5400
2025-01-29,5494
2025-01-30,5494
2025-01-31,5566
2025-02-01,5566
2025-02-02,5742
2025-02-03,5944
2025-02-04,5944
2025-02-05,6165
2025-02-06,6096
2025-02-07,6096
2025-02-08,6187
2025-02-09,6251
2025-02-10,6295
2025-02-11,6295
2025-02-12,6369
2025-02-13,6369
2025-02-14,6319
2025-02-15,6319
2025-02-16,6110
2025-02-17,6110
2025-02-18,6229
2025-02-19,6229
2025-02-20,6278
2025-02-21,6278
2025-02-22,6238
2025-02-23,6376
2025-02-24,6376
2025-02-25,6265
2025-02-26,6265
2025-02-27,6156
2025-02-28,6016
2025-03-01,6016
2025-03-02,6013
2025-03-03,6013
2025-03-04,6013
2025-03-05,6146
2025-03-06,6146
2025-03-07,6129
2025-03-08,6129
2025-03-09,5970
2025-03-10,5970
2025-03-11,5697
2025-03-12,5697
2025-03-13,5649
2025-03-14,5573
2025-03-15,5573
2025-03-16,5419
2025-03-17,5419
2025-03-18,5207
2025-03-19,5207
2025-03-20,5157
2025-03-21,5157
2025-03-22,5134
2025-03-23,5160
2025-03-24,5160
2025-03-25,5195
2025-03-26,5195
2025-03-27,5247
2025-03-28,5247
2025-03-29,5285
2025-03-30,5285
2025-03-31,5264
2025-04-01,5264
2025-04-02,5224
2025-04-03,5333
2025-04-04,5333
2025-04-05,5454
2025-04-06,5454
2025-04-07,5655
2025-04-08,5655
2025-04-09,5704
2025-04-10,5704
2025-04-11,5669
2025-04-12,5426
2025-04-13,5426
2025-04-14,5330
2025-04-15,5330
2025-04-16,5233
2025-04-17,5233
2025-04-18,5187
2025-04-19,5187
2025-04-20,5267
2025-04-21,5344
2025-04-22,5344
2025-04-23,5197
2025-04-24,5197
2025-04-25,5063
2025-04-26,5123
2025-04-27,5123
2025-04-28,5066
2025-04-29,5066
2025-04-30,5192
2025-05-01,5192
2025-05-02,5358
2025-05-03,5358
2025-05-04,5304
2025-05-05,5304
2025-05-06,5275
2025-05-07,5430
2025-05-08,5430
2025-05-09,5367
2025-05-10,5367
2025-05-11,5337
2025-05-12,5196
2025-05-13,5196
2025-05-14,5252
2025-05-15,5252
2025-05-16,5301
2025-05-17,5266
2025-05-18,5266
2025-05-19,5373
2025-05-20,5458
2025-05-21,5458
2025-05-22,5395
2025-05-23,5395
2025-05-24,5356
2025-05-25,5411
2025-05-26,5411
2025-05-27,5288
2025-05-28,5288
2025-05-29,5276
2025-05-30,5276
2025-05-31,5336
2025-06-01,5324
2025-06-02,5282
2025-06-03,5282
2025-06-04,5286
2025-06-05,5286
2025-06-06,5195
2025-06-07,5195
2025-06-08,5106
2025-06-09,5106
2025-06-10,5073
2025-06-11,5073
2025-06-12,5236
2025-06-13,5227
2025-06-14,5227
2025-06-15,5252
2025-06-16,5192
2025-06-17,5192
2025-06-18,5281
2025-06-19,5281
2025-06-20,5142
2025-06-21,5106
2025-06-22,5106
2025-06-23,5080
2025-06-24,5080
2025-06-25,5002
2025-06-26,5002
2025-06-27,4900
2025-06-28,4900
2025-06-29,4811
2025-06-30,4811
2025-07-01,4811
2025-07-02,4764
2025-07-03,4764
2025-07-04,4724
2025-07-05,4724
2025-07-06,4669
2025-07-07,4669
2025-07-08,4649
2025-07-09,4649
2025-07-10,4756
2025-07-11,4756
2025-07-12,4778
2025-07-13,4711
2025-07-14,4711
2025-07-15,4518
2025-07-16,4518
2025-07-17,4375
2025-07-18,4375
2025-07-19,4395
2025-07-20,4395
2025-07-21,4379
2025-07-22,4379
2025-07-23,4386
2025-07-24,4386
2025-07-25,4421
2025-07-26,4421
2025-07-27,4411
2025-07-28,4411
2025-07-29,4411
2025-07-30,4564
