date,price
2008-05-21,13800
2008-05-22,13800
2008-05-23,13800
2008-05-24,13800
2008-05-25,13800
2008-05-26,13800
2008-05-27,13800
2008-05-28,13700
2008-05-29,13700
2008-05-30,13700
2008-05-31,13700
2008-06-01,13700
2008-06-02,13700
2008-06-03,13700
2008-06-04,13700
2008-06-05,13700
2008-06-06,13600
2008-06-07,13600
2008-06-08,13600
2008-06-09,13600
2008-06-10,13600
2008-06-11,13600
2008-06-12,13700
2008-06-13,13800
2008-06-14,13800
2008-06-15,13900
2008-06-16,13900
2008-06-17,13800
2008-06-18,13800
2008-06-19,13800
2008-06-20,13700
2008-06-21,13700
2008-06-22,13600
2008-06-23,13600
2008-06-24,13600
2008-06-25,13600
2008-06-26,13600
2008-06-27,13600
2008-06-28,13700
2008-06-29,13700
2008-06-30,13700
2008-07-01,13700
2008-07-02,13700
2008-07-03,13700
2008-07-04,13700
2008-07-05,13700
2008-07-06,13700
2008-07-07,13700
2008-07-08,13700
2008-07-09,13700
2008-07-10,13700
2008-07-11,13700
2008-07-12,13700
2008-07-13,13600
2008-07-14,13700
2008-07-15,13700
2008-07-16,13600
2008-07-17,13700
2008-07-18,13700
2008-07-19,13700
2008-07-20,13700
2008-07-21,13700
2008-07-22,13600
2008-07-23,13600
2008-07-24,13600
2008-07-25,13500
2008-07-26,13500
2008-07-27,13600
2008-07-28,13600
2008-07-29,13600
2008-07-30,13600
2008-07-31,13600
2008-08-01,13600
2008-08-02,13800
2008-08-03,13900
2008-08-04,14100
2008-08-05,14100
2008-08-06,14100
2008-08-07,14100
2008-08-08,13800
2008-08-09,13700
2008-08-10,13800
2008-08-11,13800
2008-08-12,13800
2008-08-13,13700
2008-08-14,13700
2008-08-15,13600
2008-08-16,13600
2008-08-17,13600
2008-08-18,13700
2008-08-19,13700
2008-08-20,13700
2008-08-21,13700
2008-08-22,13800
2008-08-23,13700
2008-08-24,13700
2008-08-25,13700
2008-08-26,13800
2008-08-27,13800
2008-08-28,13700
2008-08-29,13700
2008-08-30,13700
2008-08-31,13800
2008-09-01,13800
2008-09-02,13800
2008-09-03,13700
2008-09-04,13700
2008-09-05,13700
2008-09-06,13700
2008-09-07,13700
2008-09-08,13700
2008-09-09,13700
2008-09-10,13800
2008-09-11,13800
2008-09-12,13800
2008-09-13,13800
2008-09-14,13800
2008-09-15,13800
2008-09-16,13800
2008-09-17,13800
2008-09-18,13700
2008-09-19,13700
2008-09-20,13700
2008-09-21,13700
2008-09-22,13700
2008-09-23,13700
2008-09-24,13700
2008-09-25,13700
2008-09-26,13700
2008-09-27,13700
2008-09-28,13700
2008-09-29,13700
2008-09-30,13700
2008-10-01,13700
2008-10-02,13700
2008-10-03,13800
2008-10-04,13800
2008-10-05,13800
2008-10-06,13800
2008-10-07,13900
2008-10-08,13900
2008-10-09,13900
2008-10-10,13900
2008-10-11,13900
2008-10-12,13800
2008-10-13,13800
2008-10-14,13900
2008-10-15,14000
2008-10-16,14600
2008-10-17,15300
2008-10-18,16800
2008-10-19,17700
2008-10-20,17700
2008-10-21,18300
2008-10-22,18300
2008-10-23,18100
2008-10-24,18100
2008-10-25,17700
2008-10-26,17700
2008-10-27,17900
2008-10-28,18500
2008-10-29,19000
2008-10-30,19200
2008-10-31,19300
2008-11-01,19600
2008-11-02,20100
2008-11-03,20500
2008-11-04,20800
2008-11-05,20800
2008-11-06,20900
2008-11-07,20600
2008-11-08,20500
2008-11-09,20300
2008-11-10,20200
2008-11-11,19900
2008-11-12,19700
2008-11-13,19400
2008-11-14,19400
2008-11-15,19300
2008-11-16,19500
2008-11-17,19800
2008-11-18,20000
2008-11-19,20000
2008-11-20,20000
2008-11-21,20100
2008-11-22,20100
2008-11-23,20200
2008-11-24,20200
2008-11-25,20500
2008-11-26,20500
2008-11-27,20700
2008-11-28,20300
2008-11-29,20300
2008-11-30,20300
2008-12-01,20300
2008-12-02,20100
2008-12-03,20100
2008-12-04,19900
2008-12-05,19800
2008-12-06,19700
2008-12-07,19600
2008-12-08,19400
2008-12-09,19400
2008-12-10,19400
2008-12-11,19800
2008-12-12,19800
2008-12-13,20000
2008-12-14,20300
2008-12-15,20200
2008-12-16,20100
2008-12-17,20000
2008-12-18,19900
2008-12-19,20000
2008-12-20,20000
2008-12-21,20000
2008-12-22,19900
2008-12-23,19800
2008-12-24,19900
2008-12-25,19900
2008-12-26,19700
2008-12-27,19700
2008-12-28,19300
2008-12-29,19200
2008-12-30,19200
2008-12-31,19200
2009-01-01,19200
2009-01-02,19100
2009-01-03,19000
2009-01-04,18700
2009-01-05,18500
2009-01-06,18400
2009-01-07,18300
2009-01-08,18200
2009-01-09,18000
2009-01-10,17500
2009-01-11,17500
2009-01-12,17500
2009-01-13,17800
2009-01-14,17800
2009-01-15,18100
2009-01-16,18200
2009-01-17,18300
2009-01-18,18500
2009-01-19,18500
2009-01-20,18600
2009-01-21,18500
2009-01-22,18500
2009-01-23,18100
2009-01-24,18100
2009-01-25,18000
2009-01-26,18000
2009-01-27,17800
2009-01-28,17700
2009-01-29,17700
2009-01-30,17700
2009-01-31,17800
2009-02-01,17900
2009-02-02,17900
2009-02-03,18000
2009-02-04,17900
2009-02-05,17900
2009-02-06,18000
2009-02-07,18000
2009-02-08,18000
2009-02-09,17900
2009-02-10,17800
2009-02-11,17800
2009-02-12,17800
2009-02-13,17800
2009-02-14,17800
2009-02-15,17700
2009-02-16,17700
2009-02-17,17800
2009-02-18,17800
2009-02-19,17600
2009-02-20,17600
2009-02-21,17600
2009-02-22,17600
2009-02-23,17600
2009-02-24,17500
2009-02-25,17500
2009-02-26,17400
2009-02-27,17200
2009-02-28,17200
2009-03-01,17200
2009-03-02,17200
2009-03-03,17200
2009-03-04,17200
2009-03-05,17200
2009-03-06,17200
2009-03-07,17200
2009-03-08,17500
2009-03-09,17500
2009-03-10,17500
2009-03-11,17500
2009-03-12,17500
2009-03-13,17500
2009-03-14,17500
2009-03-15,17600
2009-03-16,17600
2009-03-17,17600
2009-03-18,17600
2009-03-19,17700
2009-03-20,17700
2009-03-21,17700
2009-03-22,17600
2009-03-23,17600
2009-03-24,17500
2009-03-25,17400
2009-03-26,17400
2009-03-27,17300
2009-03-28,17300
2009-03-29,17400
2009-03-30,17400
2009-03-31,17400
2009-04-01,17400
2009-04-02,17400
2009-04-03,17400
2009-04-04,17500
2009-04-05,17400
2009-04-06,17400
2009-04-07,17400
2009-04-08,17400
2009-04-09,17400
2009-04-10,17400
2009-04-11,17300
2009-04-12,17200
2009-04-13,17200
2009-04-14,17200
2009-04-15,17000
2009-04-16,16900
2009-04-17,16900
2009-04-18,17000
2009-04-19,17200
2009-04-20,17200
2009-04-21,17100
2009-04-22,17000
2009-04-23,17000
2009-04-24,17000
2009-04-25,17100
2009-04-26,17100
2009-04-27,17100
2009-04-28,17100
2009-04-29,17000
2009-04-30,17100
2009-05-01,17100
2009-05-02,17100
2009-05-03,17100
2009-05-04,17100
2009-05-05,17100
2009-05-06,17300
2009-05-07,18000
2009-05-08,18500
2009-05-09,18500
2009-05-10,17800
2009-05-11,17500
2009-05-12,17600
2009-05-13,17500
2009-05-14,17300
2009-05-15,17300
2009-05-16,17300
2009-05-17,17200
2009-05-18,17200
2009-05-19,17200
2009-05-20,17100
2009-05-21,17000
2009-05-22,17000
2009-05-23,16900
2009-05-24,16900
2009-05-25,16900
2009-05-26,16800
2009-05-27,16800
2009-05-28,16300
2009-05-29,16300
2009-05-30,16500
2009-05-31,16700
2009-06-01,16400
2009-06-02,16000
2009-06-03,16000
2009-06-04,16100
2009-06-05,16200
2009-06-06,16200
2009-06-07,16200
2009-06-08,15800
2009-06-09,15700
2009-06-10,15400
2009-06-11,15400
2009-06-12,15600
2009-06-13,15600
2009-06-14,15900
2009-06-15,15600
2009-06-16,15600
2009-06-17,15500
2009-06-18,15500
2009-06-19,15500
2009-06-20,15600
2009-06-21,15600
2009-06-22,15300
2009-06-23,15200
2009-06-24,15100
2009-06-25,15200
2009-06-26,15200
2009-06-27,15200
2009-06-28,14900
2009-06-29,14700
2009-06-30,14800
2009-07-01,15000
2009-07-02,15100
2009-07-03,15100
2009-07-04,15100
2009-07-05,15100
2009-07-06,15200
2009-07-07,15200
2009-07-08,15300
2009-07-09,15300
2009-07-10,15300
2009-07-11,15400
2009-07-12,15400
2009-07-13,15600
2009-07-14,15500
2009-07-15,15400
2009-07-16,15800
2009-07-17,16600
2009-07-18,16400
2009-07-19,15800
2009-07-20,15800
2009-07-21,15700
2009-07-22,15700
2009-07-23,15700
2009-07-24,15800
2009-07-25,15900
2009-07-26,15900
2009-07-27,15900
2009-07-28,15900
2009-07-29,16100
2009-07-30,16100
2009-07-31,16200
2009-08-01,16100
2009-08-02,16000
2009-08-03,16000
2009-08-04,16000
2009-08-05,16000
2009-08-06,16000
2009-08-07,16100
2009-08-08,16200
2009-08-09,16100
2009-08-10,16000
2009-08-11,16000
2009-08-12,16000
2009-08-13,16100
2009-08-14,16100
2009-08-15,16100
2009-08-16,16100
2009-08-17,16100
2009-08-18,16200
2009-08-19,16200
2009-08-20,16200
2009-08-21,16500
2009-08-22,16500
2009-08-23,16600
2009-08-24,16600
2009-08-25,16600
2009-08-26,16600
2009-08-27,16500
2009-08-28,16500
2009-08-29,16500
2009-08-30,16600
2009-08-31,16700
2009-09-01,16700
2009-09-02,16800
2009-09-03,16800
2009-09-04,16800
2009-09-05,16800
2009-09-06,16900
2009-09-07,17100
2009-09-08,17100
2009-09-09,17200
2009-09-10,17100
2009-09-11,16900
2009-09-12,16800
2009-09-13,17000
2009-09-14,17100
2009-09-15,17100
2009-09-16,17000
2009-09-17,16800
2009-09-18,16800
2009-09-19,16700
2009-09-20,16800
2009-09-21,17000
2009-09-22,17000
2009-09-23,17000
2009-09-24,17100
2009-09-25,17000
2009-09-26,17000
2009-09-27,17000
2009-09-28,17000
2009-09-29,17000
2009-09-30,16900
2009-10-01,16900
2009-10-02,16900
2009-10-03,16900
2009-10-04,16900
2009-10-05,17000
2009-10-06,17000
2009-10-07,17000
2009-10-08,17000
2009-10-09,17200
2009-10-10,17000
2009-10-11,16900
2009-10-12,16900
2009-10-13,16900
2009-10-14,16900
2009-10-15,16900
2009-10-16,17000
2009-10-17,17000
2009-10-18,16800
2009-10-19,16800
2009-10-20,16900
2009-10-21,16900
2009-10-22,16900
2009-10-23,16900
2009-10-24,16900
2009-10-25,17100
2009-10-26,17000
2009-10-27,17000
2009-10-28,17000
2009-10-29,16900
2009-10-30,16900
2009-10-31,17400
2009-11-01,17300
2009-11-02,17400
2009-11-03,17400
2009-11-04,17400
2009-11-05,17400
2009-11-06,17400
2009-11-07,17700
2009-11-08,17700
2009-11-09,17600
2009-11-10,17700
2009-11-11,17900
2009-11-12,17900
2009-11-13,17900
2009-11-14,18000
2009-11-15,18100
2009-11-16,18100
2009-11-17,18000
2009-11-18,18000
2009-11-19,18000
2009-11-20,18100
2009-11-21,18100
2009-11-22,18100
2009-11-23,18100
2009-11-24,18200
2009-11-25,18300
2009-11-26,18400
2009-11-27,18400
2009-11-28,18400
2009-11-29,18400
2009-11-30,18300
2009-12-01,18300
2009-12-02,18300
2009-12-03,18500
2009-12-04,18600
2009-12-05,18600
2009-12-06,18900
2009-12-07,18900
2009-12-08,18900
2009-12-09,19000
2009-12-10,19800
2009-12-11,19800
2009-12-12,20100
2009-12-13,19600
2009-12-14,19700
2009-12-15,19800
2009-12-16,19500
2009-12-17,19200
2009-12-18,19200
2009-12-19,19300
2009-12-20,19500
2009-12-21,19200
2009-12-22,19200
2009-12-23,19100
2009-12-24,19200
2009-12-25,19200
2009-12-26,19100
2009-12-27,19300
2009-12-28,19300
2009-12-29,19200
2009-12-30,19200
2009-12-31,19500
2010-01-01,19300
2010-01-02,19400
2010-01-03,19300
2010-01-04,19400
2010-01-05,19400
2010-01-06,19400
2010-01-07,19100
2010-01-08,19100
2010-01-09,19200
2010-01-10,19200
2010-01-11,19200
2010-01-12,19300
2010-01-13,19300
2010-01-14,19400
2010-01-15,19400
2010-01-16,19400
2010-01-17,19700
2010-01-18,19700
2010-01-19,19600
2010-01-20,19500
2010-01-21,19500
2010-01-22,19900
2010-01-23,19900
2010-01-24,19700
2010-01-25,19700
2010-01-26,19600
2010-01-27,19500
2010-01-28,19500
2010-01-29,19800
2010-01-30,19800
2010-01-31,19700
2010-02-01,19700
2010-02-02,19700
2010-02-03,19700
2010-02-04,19700
2010-02-05,19600
2010-02-06,19600
2010-02-07,19700
2010-02-08,19700
2010-02-09,19700
2010-02-10,19600
2010-02-11,19500
2010-02-13,19600
2010-02-14,19600
2010-02-15,19500
2010-02-16,19500
2010-02-17,19600
2010-02-18,19500
2010-02-19,19500
2010-02-20,19500
2010-02-21,19600
2010-02-22,19500
2010-02-23,19500
2010-02-24,19400
2010-02-25,19300
2010-02-26,19700
2010-02-27,19700
2010-02-28,20000
2010-03-01,20100
2010-03-02,19900
2010-03-03,19500
2010-03-04,19600
2010-03-05,19600
2010-03-06,19700
2010-03-07,19700
2010-03-08,19700
2010-03-09,19700
2010-03-10,19600
2010-03-11,19500
2010-03-12,19500
2010-03-13,19900
2010-03-14,19700
2010-03-15,19600
2010-03-16,19600
2010-03-17,19600
2010-03-18,19600
2010-03-19,19600
2010-03-20,19600
2010-03-21,19600
2010-03-22,19700
2010-03-23,19700
2010-03-24,19700
2010-03-25,19700
2010-03-26,19700
2010-03-27,19700
2010-03-28,19600
2010-03-29,19700
2010-03-30,19600
2010-03-31,19700
2010-04-01,19600
2010-04-02,19600
2010-04-03,19500
2010-04-04,19600
2010-04-05,19500
2010-04-06,19700
2010-04-07,19700
2010-04-08,19700
2010-04-09,19600
2010-04-10,19600
2010-04-11,19600
2010-04-12,19600
2010-04-13,19300
2010-04-14,19300
2010-04-15,19400
2010-04-16,19500
2010-04-17,19500
2010-04-18,19700
2010-04-19,19800
2010-04-20,19800
2010-04-21,19800
2010-04-22,19800
2010-04-23,19800
2010-04-24,19800
2010-04-25,19800
2010-04-26,19800
2010-04-27,20100
2010-04-28,20100
2010-04-29,20100
2010-04-30,20000
2010-05-01,19900
2010-05-02,20000
2010-05-03,20200
2010-05-04,20200
2010-05-05,20100
2010-05-06,20100
2010-05-07,20200
2010-05-08,20200
2010-05-09,20100
2010-05-10,20100
2010-05-11,20300
2010-05-12,20100
2010-05-13,20100
2010-05-14,20400
2010-05-15,20500
2010-05-16,20600
2010-05-17,20600
2010-05-18,20500
2010-05-19,20600
2010-05-20,20600
2010-05-21,20700
2010-05-22,20700
2010-05-23,20700
2010-05-24,20500
2010-05-25,20500
2010-05-26,20900
2010-05-27,20900
2010-05-28,21200
2010-05-29,21200
2010-05-30,21200
2010-05-31,21400
2010-06-01,21500
2010-06-02,21600
2010-06-03,21600
2010-06-04,21700
2010-06-05,21700
2010-06-06,22000
2010-06-07,22100
2010-06-08,21900
2010-06-09,21900
2010-06-10,21800
2010-06-11,21300
2010-06-12,21300
2010-06-13,21500
2010-06-14,21500
2010-06-15,21500
2010-06-16,21600
2010-06-17,21600
2010-06-18,21300
2010-06-19,21300
2010-06-20,21400
2010-06-21,21600
2010-06-22,21600
2010-06-23,21600
2010-06-24,21500
2010-06-25,21500
2010-06-26,21300
2010-06-27,21300
2010-06-28,21200
2010-06-29,21700
2010-06-30,21600
2010-07-01,21600
2010-07-02,21700
2010-07-03,21700
2010-07-04,21600
2010-07-05,21400
2010-07-06,21400
2010-07-07,21400
2010-07-08,21300
2010-07-09,21400
2010-07-10,21400
2010-07-11,21400
2010-07-12,21300
2010-07-13,21200
2010-07-14,21200
2010-07-15,21100
2010-07-16,21100
2010-07-17,20900
2010-07-18,20900
2010-07-19,20700
2010-07-20,20200
2010-07-21,20200
2010-07-22,19800
2010-07-23,19400
2010-07-24,19400
2010-07-25,19000
2010-07-26,18600
2010-07-27,18400
2010-07-28,18600
2010-07-29,19200
2010-07-30,19200
2010-07-31,19100
2010-08-01,19100
2010-08-02,19000
2010-08-03,19000
2010-08-04,18900
2010-08-05,18400
2010-08-06,18400
2010-08-07,17700
2010-08-08,17200
2010-08-09,16800
2010-08-10,16500
2010-08-11,17700
2010-08-12,17700
2010-08-13,17700
2010-08-14,17500
2010-08-15,17400
2010-08-16,17300
2010-08-17,17100
2010-08-18,17100
2010-08-19,16900
2010-08-20,16900
2010-08-21,17300
2010-08-22,16800
2010-08-23,16700
2010-08-24,16800
2010-08-25,17100
2010-08-26,17400
2010-08-27,17200
2010-08-28,17200
2010-08-29,17000
2010-08-30,17100
2010-08-31,17100
2010-09-01,17100
2010-09-02,17100
2010-09-03,16900
2010-09-04,16900
2010-09-05,16700
2010-09-06,16700
2010-09-07,16500
2010-09-08,16500
2010-09-09,16200
2010-09-10,16400
2010-09-11,16600
2010-09-12,16500
2010-09-13,16300
2010-09-14,16400
2010-09-15,16400
2010-09-16,16500
2010-09-17,16600
2010-09-18,16400
2010-09-19,16400
2010-09-20,16500
2010-09-21,16500
2010-09-22,16600
2010-09-23,16600
2010-09-24,16500
2010-09-25,16300
2010-09-26,16300
2010-09-27,16400
2010-09-28,16400
2010-09-29,16400
2010-09-30,16400
2010-10-01,16400
2010-10-02,16400
2010-10-03,16400
2010-10-04,16400
2010-10-05,16300
2010-10-06,16300
2010-10-07,16300
2010-10-08,16400
2010-10-09,16400
2010-10-10,16300
2010-10-11,16300
2010-10-12,16300
2010-10-13,16300
2010-10-14,16300
2010-10-15,16300
2010-10-16,16300
2010-10-17,16200
2010-10-18,16200
2010-10-19,16100
2010-10-20,16100
2010-10-21,16200
2010-10-22,16200
2010-10-23,16300
2010-10-24,16300
2010-10-25,16300
2010-10-26,16300
2010-10-27,16300
2010-10-28,16300
2010-10-29,16400
2010-10-30,16400
2010-10-31,16500
2010-11-01,16500
2010-11-02,16500
2010-11-03,16400
2010-11-04,16500
2010-11-05,16500
2010-11-07,16700
2010-11-08,16500
2010-11-09,16400
2010-11-10,16400
2010-11-11,16400
2010-11-12,16300
2010-11-13,16200
2010-11-14,16300
2010-11-15,16400
2010-11-16,16400
2010-11-17,16400
2010-11-18,16400
2010-11-19,16400
2010-11-20,16400
2010-11-21,16400
2010-11-22,16400
2010-11-23,16400
2010-11-24,16400
2010-11-25,16300
2010-11-26,16200
2010-11-27,16300
2010-11-28,16300
2010-11-29,16300
2010-11-30,16400
2010-12-01,16300
2010-12-02,16300
2010-12-03,16300
2010-12-04,16300
2010-12-05,16300
2010-12-06,16300
2010-12-07,16300
2010-12-08,16300
2010-12-09,16300
2010-12-10,16300
2010-12-11,16300
2010-12-12,16400
2010-12-13,16400
2010-12-14,16400
2010-12-15,16400
2010-12-16,16300
2010-12-17,16400
2010-12-18,16400
2010-12-19,16400
2010-12-20,16400
2010-12-21,16300
2010-12-22,16300
2010-12-23,16300
2010-12-24,16300
2010-12-25,16300
2010-12-26,16300
2010-12-27,16400
2010-12-28,16600
2010-12-29,16700
2010-12-30,16600
2010-12-31,16400
2011-01-01,16400
2011-01-02,16141
2011-01-03,16300
2011-01-04,16000
2011-01-05,16100
2011-01-06,15800
2011-01-07,15800
2011-01-08,15700
2011-01-09,15700
2011-01-10,15600
2011-01-11,15700
2011-01-12,15500
2011-01-13,15500
2011-01-14,15100
2011-01-15,15200
2011-01-16,15200
2011-01-17,15300
2011-01-18,15300
2011-01-19,15400
2011-01-20,15700
2011-01-21,16301
2011-01-22,16500
2011-01-23,16200
2011-01-24,16200
2011-01-25,16100
2011-01-26,16100
2011-01-27,16000
2011-01-28,15900
2011-01-29,15700
2011-01-30,15600
2011-01-31,15600
2011-02-01,15600
2011-02-03,14113
2011-02-04,14113
2011-02-05,13737
2011-02-06,13600
2011-02-07,13600
2011-02-08,13800
2011-02-09,13800
2011-02-10,13900
2011-02-11,13900
2011-02-12,13800
2011-02-13,14200
2011-02-14,13825
2011-02-15,13900
2011-02-16,14000
2011-02-17,14100
2011-02-18,14052
2011-02-19,13900
2011-02-20,13900
2011-02-21,13800
2011-02-22,13300
2011-02-23,13300
2011-02-24,13400
2011-02-25,13800
2011-02-26,13812
2011-02-27,13600
2011-02-28,13200
2011-03-01,13100
2011-03-02,13134
2011-03-03,13200
2011-03-04,13215
2011-03-05,13200
2011-03-06,13100
2011-03-07,13200
2011-03-08,13400
2011-03-09,13400
2011-03-10,13400
2011-03-11,13400
2011-03-12,13600
2011-03-13,13600
2011-03-14,13600
2011-03-15,13300
2011-03-16,13300
2011-03-17,13100
2011-03-18,13100
2011-03-19,13100
2011-03-20,13000
2011-03-21,13000
2011-03-22,13100
2011-03-23,13100
2011-03-24,13000
2011-03-25,13000
2011-03-26,13000
2011-03-27,13000
2011-03-28,13100
2011-03-29,13000
2011-03-30,13122
2011-03-31,13200
2011-04-01,13200
2011-04-02,13115
2011-04-03,13100
2011-04-04,13115
2011-04-05,13100
2011-04-06,13200
2011-04-07,13200
2011-04-08,13300
2011-04-09,13300
2011-04-10,13300
2011-04-11,13200
2011-04-12,13200
2011-04-13,13200
2011-04-14,13200
2011-04-15,13300
2011-04-16,13200
2011-04-17,13300
2011-04-18,13400
2011-04-19,13181
2011-04-20,13200
2011-04-21,13200
2011-04-22,13300
2011-04-23,13200
2011-04-24,13100
2011-04-25,13100
2011-04-26,13100
2011-04-27,13100
2011-04-28,13100
2011-04-29,13100
2011-04-30,13100
2011-05-01,13000
2011-05-02,13000
2011-05-03,13000
2011-05-04,13100
2011-05-05,13100
2011-05-06,13000
2011-05-07,13000
2011-05-08,13000
2011-05-09,13100
2011-05-10,13100
2011-05-11,13000
2011-05-12,13000
2011-05-13,13100
2011-05-14,13100
2011-05-15,13100
2011-05-16,13100
2011-05-17,13100
2011-05-18,13000
2011-05-19,13000
2011-05-20,13100
2011-05-21,13100
2011-05-22,13100
2011-05-23,13200
2011-05-24,13200
2011-05-25,13200
2011-05-26,13200
2011-05-27,13196
2011-05-28,13145
2011-05-29,13100
2011-05-30,13200
2011-05-31,13200
2011-06-01,13085
2011-06-02,13038
2011-06-03,13100
2011-06-04,13153
2011-06-05,13153
2011-06-06,13153
2011-06-07,13200
2011-06-08,13100
2011-06-09,13322
2011-06-10,13308
2011-06-11,13300
2011-06-12,13400
2011-06-13,13300
2011-06-14,13224
2011-06-15,13200
2011-06-16,13165
2011-06-17,13137
2011-06-18,13100
2011-06-19,13148
2011-06-20,13100
2011-06-21,13165
2011-06-22,13200
2011-06-23,13180
2011-06-24,13207
2011-06-25,13200
2011-06-26,13242
2011-06-27,13224
2011-06-28,13224
2011-06-29,13157
2011-06-30,13131
2011-07-01,13100
2011-07-02,13121
2011-07-03,13075
2011-07-04,13100
2011-07-05,13035
2011-07-06,13000
2011-07-07,13201
2011-07-08,13200
2011-07-09,13200
2011-07-10,13100
2011-07-11,13000
2011-07-12,12968
2011-07-13,12991
2011-07-14,12985
2011-07-15,13000
2011-07-16,13004
2011-07-17,13000
2011-07-18,13007
2011-07-19,12995
2011-07-20,12999
2011-07-21,13121
2011-07-22,13100
2011-07-23,13100
2011-07-24,13000
2011-07-25,13100
2011-07-26,13100
2011-07-27,13064
2011-07-28,13052
2011-07-29,13036
2011-07-30,13000
2011-07-31,13000
2011-08-01,13089
2011-08-02,13053
2011-08-03,13042
2011-08-04,13036
2011-08-05,13052
2011-08-06,13027
2011-08-07,12950
2011-08-08,13000
2011-08-09,12974
2011-08-10,13100
2011-08-11,13100
2011-08-12,13049
2011-08-13,13000
2011-08-14,12994
2011-08-15,12992
2011-08-16,13020
2011-08-17,13031
2011-08-18,13000
2011-08-19,13008
2011-08-20,13003
2011-08-21,13019
2011-08-22,13009
2011-08-23,12982
2011-08-24,12982
2011-08-25,12972
2011-08-26,12997
2011-08-27,12997
2011-08-28,13016
2011-08-29,12999
2011-08-30,12969
2011-08-31,12966
2011-09-01,12973
2011-09-02,12961
2011-09-03,13000
2011-09-04,12996
2011-09-05,13002
2011-09-06,13008
2011-09-07,13009
2011-09-08,13043
2011-09-09,13017
2011-09-10,13000
2011-09-11,13100
2011-09-12,13091
2011-09-13,13057
2011-09-14,13000
2011-09-15,12993
2011-09-16,12985
2011-09-17,12967
2011-09-18,12963
2011-09-19,12952
2011-09-20,12972
2011-09-21,13000
2011-09-22,12998
2011-09-23,12974
2011-09-24,13003
2011-09-25,13023
2011-09-26,12979
2011-09-27,12972
2011-09-28,13000
2011-09-29,12996
2011-09-30,12984
2011-10-01,13033
2011-10-02,12987
2011-10-03,13000
2011-10-04,12963
2011-10-05,12963
2011-10-06,13001
2011-10-07,12978
2011-10-08,12958
2011-10-09,12961
2011-10-10,12961
2011-10-11,13000
2011-10-12,12998
2011-10-13,12999
2011-10-14,13021
2011-10-15,12989
2011-10-16,12985
2011-10-17,13000
2011-10-18,13002
2011-10-19,12999
2011-10-20,13001
2011-10-21,13005
2011-10-22,13002
2011-10-23,13080
2011-10-24,13421
2011-10-25,13244
2011-10-26,13244
2011-10-27,13081
2011-10-28,13100
2011-10-29,13073
2011-10-30,13015
2011-10-31,13060
2011-11-01,13077
2011-11-02,13100
2011-11-03,13102
2011-11-04,13099
2011-11-05,13142
2011-11-06,13100
2011-11-07,13098
2011-11-08,13082
2011-11-09,13084
2011-11-10,13100
2011-11-11,13102
2011-11-12,13114
2011-11-13,13200
2011-11-14,13000
2011-11-15,12959
2011-11-16,13039
2011-11-17,13034
2011-11-18,13063
2011-11-19,13200
2011-11-20,13276
2011-11-21,13300
2011-11-22,13182
2011-11-23,13260
2011-11-24,13200
2011-11-25,13300
2011-11-26,13717
2011-11-27,13248
2011-11-28,13200
2011-11-29,13100
2011-11-30,13070
2011-12-01,13131
2011-12-02,13100
2011-12-03,13111
2011-12-04,13094
2011-12-05,13137
2011-12-06,12958
2011-12-07,13084
2011-12-08,13144
2011-12-09,13154
2011-12-10,13156
2011-12-11,13174
2011-12-12,13177
2011-12-13,13172
2011-12-14,13155
2011-12-15,13166
2011-12-16,13195
2011-12-17,13215
2011-12-18,13219
2011-12-19,13232
2011-12-20,13105
2011-12-21,13179
2011-12-22,13158
2011-12-23,13219
2011-12-24,13360
2011-12-25,13250
2011-12-26,13145
2011-12-27,13159
2011-12-28,13131
2011-12-29,13115
2011-12-30,13137
2011-12-31,13246
2012-01-01,13190
2012-01-02,13193
2012-01-03,13142
2012-01-04,13153
2012-01-05,13121
2012-01-06,13220
2012-01-07,13158
2012-01-08,13128
2012-01-09,13125
2012-01-10,13151
2012-01-11,13132
2012-01-12,13128
2012-01-13,13135
2012-01-14,13202
2012-01-15,13350
2012-01-16,13265
2012-01-17,13217
2012-01-18,13172
2012-01-19,13212
2012-01-20,13306
2012-01-21,13439
2012-01-22,13494
2012-01-23,13330
2012-01-24,13354
2012-01-25,13408
2012-01-26,13406
2012-01-27,13466
2012-01-28,13442
2012-01-29,13412
2012-01-30,13341
2012-01-31,13354
2012-02-01,13466
2012-02-02,13443
2012-02-03,13373
2012-02-04,13286
2012-02-05,13349
2012-02-06,13387
2012-02-07,13420
2012-02-08,13483
2012-02-09,13394
2012-02-10,13322
2012-02-11,13388
2012-02-12,13205
2012-02-13,13282
2012-02-14,13344
2012-02-15,13323
2012-02-16,13287
2012-02-17,13234
2012-02-18,13113
2012-02-19,13362
2012-02-20,13271
2012-02-21,13178
2012-02-22,13214
2012-02-23,13274
2012-02-24,13263
2012-02-25,13260
2012-02-26,13248
2012-02-27,13231
2012-02-28,13252
2012-02-29,13247
2012-03-01,13207
2012-03-02,13213
2012-03-03,13209
2012-03-04,13177
2012-03-05,13167
2012-03-06,13183
2012-03-07,13289
2012-03-08,13282
2012-03-09,13184
2012-03-10,13149
2012-03-11,13083
2012-03-12,13074
2012-03-13,13113
2012-03-14,13260
2012-03-15,13232
2012-03-16,13298
2012-03-17,13417
2012-03-18,13456
2012-03-19,13379
2012-03-20,13226
2012-03-21,13178
2012-03-22,13169
2012-03-23,13166
2012-03-24,13162
2012-03-25,13159
2012-03-26,13155
2012-03-27,13152
2012-03-28,13141
2012-03-29,13151
2012-03-30,13153
2012-03-31,13123
2012-04-01,13142
2012-04-02,13079
2012-04-03,13093
2012-04-04,13074
2012-04-05,13069
2012-04-06,13077
2012-04-07,13074
2012-04-08,13046
2012-04-09,13078
2012-04-10,13140
2012-04-11,13154
2012-04-12,13021
2012-04-13,13016
2012-04-14,13078
2012-04-15,13110
2012-04-16,13071
2012-04-17,13039
2012-04-18,12993
2012-04-19,13030
2012-04-20,13113
2012-04-21,13171
2012-04-22,13237
2012-04-23,13182
2012-04-24,13173
2012-04-25,13120
2012-04-26,13180
2012-04-27,13200
2012-04-28,13135
2012-04-29,13126
2012-04-30,13185
2012-05-01,13249
2012-05-02,13239
2012-05-03,13164
2012-05-04,13092
2012-05-05,13136
2012-05-06,13238
2012-05-07,13263
2012-05-08,13202
2012-05-09,13115
2012-05-10,13009
2012-05-11,12983
2012-05-12,12994
2012-05-13,13017
2012-05-14,12990
2012-05-15,13018
2012-05-16,13023
2012-05-17,13006
2012-05-18,13021
2012-05-19,12962
2012-05-20,12928
2012-05-21,12932
2012-05-22,12929
2012-05-23,12891
2012-05-24,12832
2012-05-25,12847
2012-05-26,12848
2012-05-27,12904
2012-05-28,12917
2012-05-29,12934
2012-05-30,12785
2012-05-31,12862
2012-06-01,12885
2012-06-02,12914
2012-06-03,12890
2012-06-04,12905
2012-06-05,12896
2012-06-06,12897
2012-06-07,12883
2012-06-08,12879
2012-06-09,12901
2012-06-10,12901
2012-06-11,12907
2012-06-12,12909
2012-06-13,12914
2012-06-14,12947
2012-06-15,13011
2012-06-16,12976
2012-06-17,12969
2012-06-18,12964
2012-06-19,12957
2012-06-20,12945
2012-06-21,12927
2012-06-22,12910
2012-06-23,12939
2012-06-24,13031
2012-06-25,12957
2012-06-26,12969
2012-06-27,13013
2012-06-28,13003
2012-06-29,12907
2012-06-30,12871
2012-07-01,12869
2012-07-02,12861
2012-07-03,12792
2012-07-04,12847
2012-07-05,12883
2012-07-06,12881
2012-07-07,12854
2012-07-08,12843
2012-07-09,12724
2012-07-10,12838
2012-07-11,12855
2012-07-12,12916
2012-07-13,12986
2012-07-14,12987
2012-07-15,12962
2012-07-16,12952
2012-07-17,12937
2012-07-18,12895
2012-07-19,12855
2012-07-20,12862
2012-07-21,12856
2012-07-22,12924
2012-07-23,12879
2012-07-24,12868
2012-07-25,12873
2012-07-26,12853
2012-07-27,12875
2012-07-28,12929
2012-07-29,12939
2012-07-30,12925
2012-07-31,12870
2012-08-01,12852
2012-08-02,12846
2012-08-03,12836
2012-08-04,12808
2012-08-05,12811
2012-08-06,12883
2012-08-07,12846
2012-08-08,12937
2012-08-09,12935
2012-08-10,12908
2012-08-11,12940
2012-08-12,12925
2012-08-13,12907
2012-08-14,12878
2012-08-15,12866
2012-08-16,12855
2012-08-17,12861
2012-08-18,12876
2012-08-19,12893
2012-08-20,12904
2012-08-21,12925
2012-08-22,12953
2012-08-23,12964
2012-08-24,12977
2012-08-25,12990
2012-08-26,13162
2012-08-27,12964
2012-08-28,12967
2012-08-29,12963
2012-08-30,12950
2012-08-31,12920
2012-09-01,12924
2012-09-02,12920
2012-09-03,12967
2012-09-04,12929
2012-09-05,12944
2012-09-06,12916
2012-09-07,12926
2012-09-08,12980
2012-09-09,12969
2012-09-10,13014
2012-09-11,13057
2012-09-12,13119
2012-09-13,13069
2012-09-14,13022
2012-09-15,13100
2012-09-16,13082
2012-09-17,13056
2012-09-18,13012
2012-09-19,12991
2012-09-20,12850
2012-09-21,12912
2012-09-22,12973
2012-09-23,12946
2012-09-24,12992
2012-09-25,12999
2012-09-26,12988
2012-09-27,12999
2012-09-28,13009
2012-09-29,13016
2012-09-30,13009
2012-10-01,13017
2012-10-02,13026
2012-10-03,12991
2012-10-04,12962
2012-10-05,12933
2012-10-06,12919
2012-10-07,12868
2012-10-08,12859
2012-10-09,12862
2012-10-10,12858
2012-10-11,12838
2012-10-12,12930
2012-10-13,12885
2012-10-14,12827
2012-10-15,12848
2012-10-16,12870
2012-10-17,12900
2012-10-18,12925
2012-10-19,12935
2012-10-20,12936
2012-10-21,12918
2012-10-22,12917
2012-10-23,12960
2012-10-24,13097
2012-10-25,13068
2012-10-26,12944
2012-10-27,12980
2012-10-28,13153
2012-10-29,13235
2012-10-30,12964
2012-10-31,12957
2012-11-01,12968
2012-11-02,12965
2012-11-03,12948
2012-11-04,12936
2012-11-05,12939
2012-11-06,12942
2012-11-07,12945
2012-11-08,12948
2012-11-09,12952
2012-11-10,12955
2012-11-11,12958
2012-11-12,12961
2012-11-13,12964
2012-11-14,12961
2012-11-15,12942
2012-11-16,12973
2012-11-17,13029
2012-11-18,13126
2012-11-19,13278
2012-11-20,13153
2012-11-21,13050
2012-11-22,13101
2012-11-23,12941
2012-11-24,12868
2012-11-25,12843
2012-11-26,12921
2012-11-27,12890
2012-11-28,12890
2012-11-29,12931
2012-11-30,12911
2012-12-01,12921
2012-12-02,12906
2012-12-03,12848
2012-12-04,12807
2012-12-05,12782
2012-12-06,12805
2012-12-07,12820
2012-12-08,12842
2012-12-09,12853
2012-12-10,12873
2012-12-11,12881
2012-12-12,12886
2012-12-13,12883
2012-12-14,12877
2012-12-15,12853
2012-12-16,12784
2012-12-17,12774
2012-12-18,12768
2012-12-19,12818
2012-12-20,12784
2012-12-21,12741
2012-12-22,12724
2012-12-23,12694
2012-12-24,12715
2012-12-25,12748
2012-12-26,12751
2012-12-27,12788
2012-12-28,12826
2012-12-29,12821
2012-12-30,12800
2012-12-31,12817
2013-01-01,12833
2013-01-02,12849
2013-01-03,12860
2013-01-04,12869
2013-01-05,12888
2013-01-06,12895
2013-01-07,12893
2013-01-08,12870
2013-01-09,12835
2013-01-10,12829
2013-01-11,12809
2013-01-12,12850
2013-01-13,12843
2013-01-14,12838
2013-01-15,12841
2013-01-16,12847
2013-01-17,12839
2013-01-18,12836
2013-01-19,12853
2013-01-20,12917
2013-01-21,12915
2013-01-22,12882
2013-01-23,12861
2013-01-24,12864
2013-01-25,12889
2013-01-26,12903
2013-01-27,12933
2013-01-28,12879
2013-01-29,12856
2013-01-30,12860
2013-01-31,12861
2013-02-01,12840
2013-02-02,12878
2013-02-03,12892
2013-02-04,12903
2013-02-05,12873
2013-02-06,12915
2013-02-07,12997
2013-02-08,12944
2013-02-09,12938
2013-02-10,12908
2013-02-11,12899
2013-02-12,12934
2013-02-13,12928
2013-02-14,12920
2013-02-15,12918
2013-02-16,12928
2013-02-17,12936
2013-02-18,12938
2013-02-19,12934
2013-02-20,12913
2013-02-21,12912
2013-02-22,12914
2013-02-23,12909
2013-02-24,12893
2013-02-25,12939
2013-02-26,12960
2013-02-27,12929
2013-02-28,13001
2013-03-01,13071
2013-03-02,13003
2013-03-03,12966
2013-03-04,12942
2013-03-05,12931
2013-03-06,12939
2013-03-07,13005
2013-03-08,12990
2013-03-09,12979
2013-03-10,12979
2013-03-11,12951
2013-03-12,12943
2013-03-13,12944
2013-03-14,12948
2013-03-15,13007
2013-03-16,13105
2013-03-17,13096
2013-03-18,13039
2013-03-19,13018
2013-03-20,13080
2013-03-21,13082
2013-03-22,13045
2013-03-23,13057
2013-03-24,13134
2013-03-25,13074
2013-03-26,13011
2013-03-27,12958
2013-03-28,12962
2013-03-29,13002
2013-03-30,12971
2013-03-31,12973
2013-04-01,12971
2013-04-02,12977
2013-04-03,12980
2013-04-04,12983
2013-04-05,12986
2013-04-06,12988
2013-04-07,12991
2013-04-08,12994
2013-04-09,12997
2013-04-10,13009
2013-04-11,13015
2013-04-12,13041
2013-04-13,13053
2013-04-14,13026
2013-04-15,12984
2013-04-16,12973
2013-04-17,12993
2013-04-18,12996
2013-04-19,13010
2013-04-20,13003
2013-04-21,12970
2013-04-22,12971
2013-04-23,12956
2013-04-24,12944
2013-04-25,12930
2013-04-26,12924
2013-04-27,12930
2013-04-28,12948
2013-04-29,12963
2013-04-30,12996
2013-05-01,13008
2013-05-02,12997
2013-05-03,12978
2013-05-04,12944
2013-05-05,12977
2013-05-06,13025
2013-05-07,12987
2013-05-08,12972
2013-05-09,13004
2013-05-10,13078
2013-05-11,13273
2013-05-12,13083
2013-05-13,13008
2013-05-14,13006
2013-05-15,13003
2013-05-16,13003
2013-05-17,13002
2013-05-18,13025
2013-05-19,13029
2013-05-20,13002
2013-05-21,12989
2013-05-22,12975
2013-05-23,13006
2013-05-24,13003
2013-05-25,13028
2013-05-26,13032
2013-05-27,12989
2013-05-28,12984
2013-05-29,12979
2013-05-30,13010
2013-05-31,13035
2013-06-01,13008
2013-06-02,12992
2013-06-03,12975
2013-06-04,12972
2013-06-05,12961
2013-06-06,12953
2013-06-07,12951
2013-06-08,12968
2013-06-09,12976
2013-06-10,12971
2013-06-11,12995
2013-06-12,12978
2013-06-13,12983
2013-06-14,13004
2013-06-15,13016
2013-06-16,13017
2013-06-17,13074
2013-06-18,13069
2013-06-19,13053
2013-06-20,13116
2013-06-21,13070
2013-06-22,13094
2013-06-23,13103
2013-06-24,13109
2013-06-25,13133
2013-06-26,13105
2013-06-27,13131
2013-06-28,13138
2013-06-29,13154
2013-06-30,13153
2013-07-01,13121
2013-07-02,13078
2013-07-03,13038
2013-07-04,13015
2013-07-05,13017
2013-07-06,13037
2013-07-07,13069
2013-07-08,13077
2013-07-09,13117
2013-07-10,13159
2013-07-11,13229
2013-07-12,13157
2013-07-13,13185
2013-07-14,13139
2013-07-15,13104
2013-07-16,13143
2013-07-17,13149
2013-07-18,13154
2013-07-19,13160
2013-07-20,13165
2013-07-21,13171
2013-07-22,13176
2013-07-23,13351
2013-07-24,13583
2013-07-25,13516
2013-07-26,13398
2013-07-27,13253
2013-07-28,13192
2013-07-29,13187
2013-07-30,13236
2013-07-31,13229
2013-08-01,13209
2013-08-02,13194
2013-08-03,13182
2013-08-04,13216
2013-08-05,13343
2013-08-06,13335
2013-08-07,13365
2013-08-08,13297
2013-08-09,13239
2013-08-10,13216
2013-08-11,13163
2013-08-12,13172
2013-08-13,13172
2013-08-14,13199
2013-08-15,13227
2013-08-16,13212
2013-08-17,13182
2013-08-18,13139
2013-08-19,13101
2013-08-20,13085
2013-08-21,13023
2013-08-22,13008
2013-08-23,13053
2013-08-24,13081
2013-08-25,13035
2013-08-26,13006
2013-08-27,12982
2013-08-28,12969
2013-08-29,12989
2013-08-30,13000
2013-08-31,12992
2013-09-01,12998
2013-09-02,12979
2013-09-03,12973
2013-09-04,12959
2013-09-05,12955
2013-09-06,12939
2013-09-07,12953
2013-09-08,12969
2013-09-09,12965
2013-09-10,12947
2013-09-11,12935
2013-09-12,12945
2013-09-13,12940
2013-09-14,12946
2013-09-15,12948
2013-09-16,12944
2013-09-17,12971
2013-09-18,12972
2013-09-19,12963
2013-09-20,12966
2013-09-21,12968
2013-09-22,12971
2013-09-23,12970
2013-09-24,12971
2013-09-25,12955
2013-09-26,12962
2013-09-27,12938
2013-09-28,12919
2013-09-29,12920
2013-09-30,12924
2013-10-01,12954
2013-10-02,12960
2013-10-03,12958
2013-10-04,12970
2013-10-05,12976
2013-10-06,13001
2013-10-07,12978
2013-10-08,12973
2013-10-09,12968
2013-10-10,12962
2013-10-11,12957
2013-10-12,12952
2013-10-13,12947
2013-10-14,12941
2013-10-15,12936
2013-10-16,12927
2013-10-17,12941
2013-10-18,12962
2013-10-19,12961
2013-10-20,12972
2013-10-21,12940
2013-10-22,12979
2013-10-23,12953
2013-10-24,12936
2013-10-25,12946
2013-10-26,12951
2013-10-27,13064
2013-10-28,13001
2013-10-29,13001
2013-10-30,12974
2013-10-31,12959
2013-11-01,12962
2013-11-02,13001
2013-11-03,13035
2013-11-04,13011
2013-11-05,13010
2013-11-06,13046
2013-11-07,13024
2013-11-08,13071
2013-11-09,13110
2013-11-10,13090
2013-11-11,13093
2013-11-12,13121
2013-11-13,13079
2013-11-14,13029
2013-11-15,13010
2013-11-16,13010
2013-11-17,13022
2013-11-18,13052
2013-11-19,13074
2013-11-20,13053
2013-11-21,13014
2013-11-22,13003
2013-11-23,13018
2013-11-24,13046
2013-11-25,13043
2013-11-26,13043
2013-11-27,13043
2013-11-28,13043
2013-11-29,13044
2013-11-30,13044
2013-12-01,13044
2013-12-02,13044
2013-12-03,13058
2013-12-04,13055
2013-12-05,13042
2013-12-06,13026
2013-12-07,13015
2013-12-08,13008
2013-12-09,12983
2013-12-10,12974
2013-12-11,12961
2013-12-12,12994
2013-12-13,12970
2013-12-14,12963
2013-12-15,12947
2013-12-16,12946
2013-12-17,12982
2013-12-18,13001
2013-12-19,13013
2013-12-20,13003
2013-12-21,12982
2013-12-22,12994
2013-12-23,13000
2013-12-24,12976
2013-12-25,12957
2013-12-26,12955
2013-12-27,12964
2013-12-28,12971
2013-12-29,12978
2013-12-30,12969
2013-12-31,12966
2014-01-01,12959
2014-01-02,12974
2014-01-03,12967
2014-01-04,12961
2014-01-05,12961
2014-01-06,12970
2014-01-07,12976
2014-01-08,12962
2014-01-09,12970
2014-01-10,12972
2014-01-11,12967
2014-01-12,12978
2014-01-13,12993
2014-01-14,12996
2014-01-15,12992
2014-01-16,12984
2014-01-17,13014
2014-01-18,12980
2014-01-19,13022
2014-01-20,12913
2014-01-21,12952
2014-01-22,12956
2014-01-23,12948
2014-01-24,12936
2014-01-25,12920
2014-01-26,12900
2014-01-27,12936
2014-01-28,12953
2014-01-29,12962
2014-01-30,13024
2014-01-31,13114
2014-02-01,13497
2014-02-02,13389
2014-02-03,13280
2014-02-04,13171
2014-02-05,13056
2014-02-06,13029
2014-02-07,13042
2014-02-08,12978
2014-02-09,12960
2014-02-10,12979
2014-02-11,12969
2014-02-12,12969
2014-02-13,12961
2014-02-14,13015
2014-02-15,13052
2014-02-16,13007
2014-02-17,13030
2014-02-18,13136
2014-02-19,13252
2014-02-20,13241
2014-02-21,13578
2014-02-22,14156
2014-02-23,14828
2014-02-24,14332
2014-02-25,13615
2014-02-26,13263
2014-02-27,13113
2014-02-28,13061
2014-03-01,13029
2014-03-02,13027
2014-03-03,13055
2014-03-04,13062
2014-03-05,13016
2014-03-06,13006
2014-03-07,13033
2014-03-08,13101
2014-03-09,13146
2014-03-10,13105
2014-03-11,13053
2014-03-12,13053
2014-03-13,13037
2014-03-14,12995
2014-03-15,13008
2014-03-16,13149
2014-03-17,13081
2014-03-18,13044
2014-03-19,13086
2014-03-20,13129
2014-03-21,13136
2014-03-22,13065
2014-03-23,13044
2014-03-24,13034
2014-03-25,13020
2014-03-26,13017
2014-03-27,13000
2014-03-28,12990
2014-03-29,13001
2014-03-30,13010
2014-03-31,13045
2014-04-01,13051
2014-04-02,13029
2014-04-03,13006
2014-04-04,13020
2014-04-05,13031
2014-04-06,13068
2014-04-07,13054
2014-04-08,13052
2014-04-09,12999
2014-04-10,12998
2014-04-11,12987
2014-04-12,12999
2014-04-13,13020
2014-04-14,13030
2014-04-15,13043
2014-04-16,13065
2014-04-17,13063
2014-04-18,13062
2014-04-19,13067
2014-04-20,13088
2014-04-21,13081
2014-04-22,13124
2014-04-23,13081
2014-04-24,13065
2014-04-25,13024
2014-04-26,13190
2014-04-27,13099
2014-04-28,13063
2014-04-29,13280
2014-04-30,13468
2014-05-01,13528
2014-05-02,13915
2014-05-03,14451
2014-05-04,14437
2014-05-05,14298
2014-05-06,14807
2014-05-07,14950
2014-05-08,14986
2014-05-09,14730
2014-05-10,14477
2014-05-11,14261
2014-05-12,14276
2014-05-13,14290
2014-05-14,14451
2014-05-15,14471
2014-05-16,14457
2014-05-17,14299
2014-05-18,14202
2014-05-19,14222
2014-05-20,14300
2014-05-21,14219
2014-05-22,14291
2014-05-23,14323
2014-05-24,14277
2014-05-25,14347
2014-05-26,14212
2014-05-27,14228
2014-05-28,14274
2014-05-29,14631
2014-05-30,14836
2014-05-31,14678
2014-06-01,14609
2014-06-02,14672
2014-06-03,14648
2014-06-04,14614
2014-06-05,14560
2014-06-06,14645
2014-06-07,14700
2014-06-08,14843
2014-06-09,14852
2014-06-10,15040
2014-06-11,14932
2014-06-12,14995
2014-06-13,15079
2014-06-14,15032
2014-06-15,14676
2014-06-16,14536
2014-06-17,14507
2014-06-18,14505
2014-06-19,14579
2014-06-20,14590
2014-06-21,14597
2014-06-22,14515
2014-06-23,14509
2014-06-24,14450
2014-06-25,14526
2014-06-26,14487
2014-06-27,14402
2014-06-28,14331
2014-06-29,14259
2014-06-30,14261
2014-07-01,14241
2014-07-02,14236
2014-07-03,14395
2014-07-04,14520
2014-07-05,14544
2014-07-06,14489
2014-07-07,14448
2014-07-08,14431
2014-07-09,14439
2014-07-10,14464
2014-07-11,14556
2014-07-12,14497
2014-07-13,14488
2014-07-14,14573
2014-07-15,14456
2014-07-16,14461
2014-07-17,14527
2014-07-18,14341
2014-07-19,14323
2014-07-20,14426
2014-07-21,14503
2014-07-22,14414
2014-07-23,14516
2014-07-24,14510
2014-07-25,14493
2014-07-26,14459
2014-07-27,14548
2014-07-28,14480
2014-07-29,14398
2014-07-30,14354
2014-07-31,14298
2014-08-01,14330
2014-08-02,14323
2014-08-03,14239
2014-08-04,14184
2014-08-05,14234
2014-08-06,14292
2014-08-07,14354
2014-08-08,14399
2014-08-09,14402
2014-08-10,14403
2014-08-11,14390
2014-08-12,14455
2014-08-13,14472
2014-08-14,14428
2014-08-15,14383
2014-08-16,14369
2014-08-17,14406
2014-08-18,14323
2014-08-19,14211
2014-08-20,14190
2014-08-21,14213
2014-08-22,14232
2014-08-23,14161
2014-08-24,14207
2014-08-25,14309
2014-08-26,14363
2014-08-27,14257
2014-08-28,14196
2014-08-29,14133
2014-08-30,14018
2014-08-31,14059
2014-09-01,14228
2014-09-02,14418
2014-09-03,14385
2014-09-04,14292
2014-09-05,14209
2014-09-06,14303
2014-09-07,14290
2014-09-08,14277
2014-09-09,14368
2014-09-10,14390
2014-09-11,14446
2014-09-12,14597
2014-09-13,15147
2014-09-14,14842
2014-09-15,14436
2014-09-16,14392
2014-09-17,14337
2014-09-18,14305
2014-09-19,14331
2014-09-20,14351
2014-09-21,14296
2014-09-22,14256
2014-09-23,14033
2014-09-24,13980
2014-09-25,14014
2014-09-26,13963
2014-09-27,13941
2014-09-28,13924
2014-09-29,13926
2014-09-30,13926
2014-10-01,13868
2014-10-02,13881
2014-10-03,13949
2014-10-04,14036
2014-10-05,14182
2014-10-06,14179
2014-10-07,14099
2014-10-08,14025
2014-10-09,14002
2014-10-10,13985
2014-10-11,13931
2014-10-12,13948
2014-10-13,13890
2014-10-14,13866
2014-10-15,13799
2014-10-16,13675
2014-10-17,13650
2014-10-18,13731
2014-10-19,13779
2014-10-20,13858
2014-10-21,13906
2014-10-22,13892
2014-10-23,13941
2014-10-24,13910
2014-10-25,13909
2014-10-26,13999
2014-10-27,13999
2014-10-28,13983
2014-10-29,13910
2014-10-30,13993
2014-10-31,14355
2014-11-01,14430
2014-11-02,14392
2014-11-03,14481
2014-11-04,14267
2014-11-05,14168
2014-11-06,14232
2014-11-07,14174
2014-11-08,14264
2014-11-09,14247
2014-11-10,14211
2014-11-11,14170
2014-11-12,14281
2014-11-13,14328
2014-11-14,14333
2014-11-15,14612
2014-11-16,14573
2014-11-17,14344
2014-11-18,14254
2014-11-19,14179
2014-11-20,14150
2014-11-21,14151
2014-11-22,14165
2014-11-23,14132
2014-11-24,14090
2014-11-25,14108
2014-11-26,14107
2014-11-27,14125
2014-11-28,14239
2014-11-29,14294
2014-11-30,14289
2014-12-01,14253
2014-12-02,14181
2014-12-03,14117
2014-12-04,14097
2014-12-05,14101
2014-12-06,14116
2014-12-07,14339
2014-12-08,14473
2014-12-09,14293
2014-12-10,14216
2014-12-11,14190
2014-12-12,14189
2014-12-13,14154
2014-12-14,14113
2014-12-15,14089
2014-12-16,14165
2014-12-17,14177
2014-12-18,14177
2014-12-19,14230
2014-12-20,14228
2014-12-21,14238
2014-12-22,14265
2014-12-23,14282
2014-12-24,14293
2014-12-25,14231
2014-12-26,14219
2014-12-27,14200
2014-12-28,14181
2014-12-29,14107
2014-12-30,14131
2014-12-31,14154
2015-01-01,14191
2015-01-02,14197
2015-01-03,14205
2015-01-04,14227
2015-01-05,14227
2015-01-06,14227
2015-01-07,14248
2015-01-08,14271
2015-01-09,14340
2015-01-10,14437
2015-01-11,14376
2015-01-12,14310
2015-01-13,14255
2015-01-14,14201
2015-01-15,14180
2015-01-16,14186
2015-01-17,14368
2015-01-18,14507
2015-01-19,14407
2015-01-20,14271
2015-01-21,14210
2015-01-22,14223
2015-01-23,14231
2015-01-24,14207
2015-01-25,14210
2015-01-26,14213
2015-01-27,14227
2015-01-28,14262
2015-01-29,14278
2015-01-30,14320
2015-01-31,14318
2015-02-01,14282
2015-02-02,14256
2015-02-03,14235
2015-02-04,14214
2015-02-05,14203
2015-02-06,14190
2015-02-07,14198
2015-02-08,14173
2015-02-09,14155
2015-02-10,14112
2015-02-11,14049
2015-02-12,14090
2015-02-13,14098
2015-02-14,14079
2015-02-15,14134
2015-02-16,14117
2015-02-17,14140
2015-02-18,14156
2015-02-19,14148
2015-02-20,14146
2015-02-21,14406
2015-02-22,14505
2015-02-23,14525
2015-02-24,14273
2015-02-25,14187
2015-02-26,14227
2015-02-27,14278
2015-02-28,14305
2015-03-01,14335
2015-03-02,14343
2015-03-03,14307
2015-03-04,14282
2015-03-05,14214
2015-03-06,14235
2015-03-07,14275
2015-03-08,14296
2015-03-09,14283
2015-03-10,14260
2015-03-11,14237
2015-03-12,14251
2015-03-13,14242
2015-03-14,14256
2015-03-15,14284
2015-03-16,14267
2015-03-17,14249
2015-03-18,14270
2015-03-19,14276
2015-03-20,14268
2015-03-21,14288
2015-03-22,14346
2015-03-23,14402
2015-03-24,14363
2015-03-25,14336
2015-03-26,14330
2015-03-27,14298
2015-03-28,14296
2015-03-29,14316
2015-03-30,14304
2015-03-31,14292
2015-04-01,14286
2015-04-02,14311
2015-04-03,14358
2015-04-04,14342
2015-04-05,14324
2015-04-06,14291
2015-04-07,14254
2015-04-08,14227
2015-04-09,14291
2015-04-10,14300
2015-04-11,14314
2015-04-12,14320
2015-04-13,14384
2015-04-14,14438
2015-04-15,14423
2015-04-16,14417
2015-04-17,14369
2015-04-18,14355
2015-04-19,14396
2015-04-20,14386
2015-04-21,14374
2015-04-22,14334
2015-04-23,14337
2015-04-24,14360
2015-04-25,14358
2015-04-26,14427
2015-04-27,14460
2015-04-28,14408
2015-04-29,14378
2015-04-30,14422
2015-05-01,14573
2015-05-02,14706
2015-05-03,14734
2015-05-04,14680
2015-05-05,14585
2015-05-06,14509
2015-05-07,14479
2015-05-08,14432
2015-05-09,14410
2015-05-10,14428
2015-05-11,14474
2015-05-12,14497
2015-05-13,14465
2015-05-14,14432
2015-05-15,14390
2015-05-16,14362
2015-05-17,14307
2015-05-18,14281
2015-05-19,14239
2015-05-20,14221
2015-05-21,14236
2015-05-22,14254
2015-05-23,14223
2015-05-24,14216
2015-05-25,14178
2015-05-26,14231
2015-05-27,14274
2015-05-28,14288
2015-05-29,14317
2015-05-30,14324
2015-05-31,14343
2015-06-01,14366
2015-06-02,14367
2015-06-03,14364
2015-06-04,14400
2015-06-05,14461
2015-06-06,14423
2015-06-07,14404
2015-06-08,14396
2015-06-09,14430
2015-06-10,14416
2015-06-11,14421
2015-06-12,14433
2015-06-13,14445
2015-06-14,14400
2015-06-15,14311
2015-06-16,14254
2015-06-17,14270
2015-06-18,14331
2015-06-19,14348
2015-06-20,14354
2015-06-21,14346
2015-06-22,14337
2015-06-23,14336
2015-06-24,14354
2015-06-25,14371
2015-06-26,14371
2015-06-27,14383
2015-06-28,14366
2015-06-29,14361
2015-06-30,14423
2015-07-01,14421
2015-07-02,14388
2015-07-03,14344
2015-07-04,14278
2015-07-05,14248
2015-07-06,14240
2015-07-07,14244
2015-07-08,14260
2015-07-09,14267
2015-07-10,14229
2015-07-11,14202
2015-07-12,14195
2015-07-13,14211
2015-07-14,14126
2015-07-15,14093
2015-07-16,14132
2015-07-17,14148
2015-07-18,14186
2015-07-19,14201
2015-07-20,14229
2015-07-21,14262
2015-07-22,14247
2015-07-23,14196
2015-07-24,14185
2015-07-25,14206
2015-07-26,14214
2015-07-27,14207
2015-07-28,14150
2015-07-29,14153
2015-07-30,14141
2015-07-31,14154
2015-08-01,14206
2015-08-02,14256
2015-08-03,14281
2015-08-04,14336
2015-08-05,14386
2015-08-06,14374
2015-08-07,14322
2015-08-08,14267
2015-08-09,14237
2015-08-10,14189
2015-08-11,14143
2015-08-12,14170
2015-08-13,14187
2015-08-14,14161
2015-08-15,14173
2015-08-16,14202
2015-08-17,14200
2015-08-18,14205
2015-08-19,14178
2015-08-20,14155
2015-08-21,14129
2015-08-22,14084
2015-08-23,14093
2015-08-24,14087
2015-08-25,14074
2015-08-26,13912
2015-08-27,13983
2015-08-28,14018
2015-08-29,14020
2015-08-30,14064
2015-08-31,14036
2015-09-01,14041
2015-09-02,14050
2015-09-03,14017
2015-09-04,14013
2015-09-05,14017
2015-09-06,14020
2015-09-07,14033
2015-09-08,14091
2015-09-09,14116
2015-09-10,14094
2015-09-11,14075
2015-09-12,14057
2015-09-13,14008
2015-09-14,13972
2015-09-15,13946
2015-09-16,13921
2015-09-17,13894
2015-09-18,13918
2015-09-19,13966
2015-09-20,13997
2015-09-21,13992
2015-09-22,13990
2015-09-23,13911
2015-09-24,13894
2015-09-25,13964
2015-09-26,13999
2015-09-27,13996
2015-09-28,13987
2015-09-29,13996
2015-09-30,13975
2015-10-01,13987
2015-10-02,13996
2015-10-03,13963
2015-10-04,13980
2015-10-05,14019
2015-10-06,14032
2015-10-07,13992
2015-10-08,13984
2015-10-09,14027
2015-10-10,14109
2015-10-11,14173
2015-10-12,14214
2015-10-13,14212
2015-10-14,14205
2015-10-15,14242
2015-10-16,14246
2015-10-17,14321
2015-10-18,14372
2015-10-19,14372
2015-10-20,14364
2015-10-21,14440
2015-10-22,14694
2015-10-23,14736
2015-10-24,14679
2015-10-25,14584
2015-10-26,14493
2015-10-27,14473
2015-10-28,14536
2015-10-29,14503
2015-10-30,14440
2015-10-31,14438
2015-11-01,14443
2015-11-02,14391
2015-11-03,14350
2015-11-04,14336
2015-11-05,14316
2015-11-06,14290
2015-11-07,14296
2015-11-08,14277
2015-11-09,14226
2015-11-10,14189
2015-11-11,14140
2015-11-12,14128
2015-11-13,14151
2015-11-14,14227
2015-11-15,14186
2015-11-16,14159
2015-11-17,14164
2015-11-18,14160
2015-11-19,14171
2015-11-20,14172
2015-11-21,14160
2015-11-22,14164
2015-11-23,14158
2015-11-24,14166
2015-11-25,14168
2015-11-26,14203
2015-11-27,14256
2015-11-28,14308
2015-11-29,14314
2015-11-30,14314
2015-12-01,14281
2015-12-02,14282
2015-12-03,14277
2015-12-04,14267
2015-12-05,14285
2015-12-06,14279
2015-12-07,14279
2015-12-08,14274
2015-12-09,14279
2015-12-10,14260
2015-12-11,14265
2015-12-12,14259
2015-12-13,14193
2015-12-14,14161
2015-12-15,14153
2015-12-16,14174
2015-12-17,14250
2015-12-18,14275
2015-12-19,14304
2015-12-20,14289
2015-12-21,14263
2015-12-22,14282
2015-12-23,14291
2015-12-24,14315
2015-12-25,14298
2015-12-26,14331
2015-12-27,14349
2015-12-28,14422
2015-12-29,14560
2015-12-30,14525
2015-12-31,14460
2016-01-01,14435
2016-01-02,14348
2016-01-03,14330
2016-01-04,14308
2016-01-05,14327
2016-01-06,14388
2016-01-07,14501
2016-01-08,14504
2016-01-09,14507
2016-01-10,14490
2016-01-11,14482
2016-01-12,14511
2016-01-13,14478
2016-01-14,14451
2016-01-15,14392
2016-01-16,14312
2016-01-17,14250
2016-01-18,14206
2016-01-19,14168
2016-01-20,14153
2016-01-21,14184
2016-01-22,14208
2016-01-23,14233
2016-01-24,14203
2016-01-25,14192
2016-01-26,14690
2016-01-27,15085
2016-01-28,14457
2016-01-29,13987
2016-01-30,13896
2016-01-31,13894
2016-02-01,13969
2016-02-02,13942
2016-02-03,13913
2016-02-04,13920
2016-02-05,13874
2016-02-06,13874
2016-02-07,13904
2016-02-08,13849
2016-02-09,13818
2016-02-10,13806
2016-02-11,13869
2016-02-12,13880
2016-02-13,13946
2016-02-14,13923
2016-02-15,13923
2016-02-16,13863
2016-02-17,13733
2016-02-18,13709
2016-02-19,13741
2016-02-20,13745
2016-02-21,13734
2016-02-22,13746
2016-02-23,13821
2016-02-24,13888
2016-02-25,13897
2016-02-26,13930
2016-02-27,13963
2016-02-28,13986
2016-02-29,13897
2016-03-01,13820
2016-03-02,13737
2016-03-03,13732
2016-03-04,13658
2016-03-05,13622
2016-03-06,13701
2016-03-07,13758
2016-03-08,13798
2016-03-09,13798
2016-03-10,13827
2016-03-11,13821
2016-03-12,13784
2016-03-13,13749
2016-03-14,13745
2016-03-15,13766
2016-03-16,13741
2016-03-17,13766
2016-03-18,13846
2016-03-19,13847
2016-03-20,13816
2016-03-21,13790
2016-03-22,13793
2016-03-23,13788
2016-03-24,13770
2016-03-25,13782
2016-03-26,13814
2016-03-27,13884
2016-03-28,13877
2016-03-29,13830
2016-03-30,13560
2016-03-31,13426
2016-04-01,13414
2016-04-02,13418
2016-04-03,13386
2016-04-04,13311
2016-04-05,13344
2016-04-06,13474
2016-04-07,13555
2016-04-08,13555
2016-04-09,13579
2016-04-10,13634
2016-04-11,13591
2016-04-12,13569
2016-04-13,13524
2016-04-14,13538
2016-04-15,13508
2016-04-16,13500
2016-04-17,13541
2016-04-18,13573
2016-04-19,13575
2016-04-20,13600
2016-04-21,13568
2016-04-22,13566
2016-04-23,13579
2016-04-24,13638
2016-04-25,13604
2016-04-26,13713
2016-04-27,13790
2016-04-28,13868
2016-04-29,13811
2016-04-30,13597
2016-05-01,13582
2016-05-02,13666
2016-05-03,13736
2016-05-04,13733
2016-05-05,13717
2016-05-06,13732
2016-05-07,13777
2016-05-08,13784
2016-05-09,13767
2016-05-10,13753
2016-05-11,13768
2016-05-12,13790
2016-05-13,13804
2016-05-14,13838
2016-05-15,13849
2016-05-16,13760
2016-05-17,13769
2016-05-18,13707
2016-05-19,13748
2016-05-20,13778
2016-05-21,13785
2016-05-22,13826
2016-05-23,13826
2016-05-24,13786
2016-05-25,13791
2016-05-26,13867
2016-05-27,13843
2016-05-28,13773
2016-05-29,13722
2016-05-30,13633
2016-05-31,13618
2016-06-01,13638
2016-06-02,13652
2016-06-03,13732
2016-06-04,13836
2016-06-05,13877
2016-06-06,13878
2016-06-07,13884
2016-06-08,13886
2016-06-09,13874
2016-06-10,13896
2016-06-11,13897
2016-06-12,13946
2016-06-13,13946
2016-06-14,13926
2016-06-15,13744
2016-06-16,13697
2016-06-17,13586
2016-06-18,13530
2016-06-19,13548
2016-06-20,13595
2016-06-21,13698
2016-06-22,13702
2016-06-23,13691
2016-06-24,13665
2016-06-25,13663
2016-06-26,13663
2016-06-27,13722
2016-06-28,13733
2016-06-29,13763
2016-06-30,13804
2016-07-01,13902
2016-07-02,13989
2016-07-03,13991
2016-07-04,14022
2016-07-05,14074
2016-07-06,14122
2016-07-07,14146
2016-07-08,14102
2016-07-09,14097
2016-07-10,14052
2016-07-11,13983
2016-07-12,13976
2016-07-13,14011
2016-07-14,14120
2016-07-15,14149
2016-07-16,14177
2016-07-17,14187
2016-07-18,14174
2016-07-19,14151
2016-07-20,14110
2016-07-21,14078
2016-07-22,14045
2016-07-23,14063
2016-07-24,14086
2016-07-25,14086
2016-07-26,14094
2016-07-27,14049
2016-07-28,14013
2016-07-29,14021
2016-07-30,14074
2016-07-31,14127
2016-08-01,14116
2016-08-02,14117
2016-08-03,14129
2016-08-04,14188
2016-08-05,14214
2016-08-06,14221
2016-08-07,14258
2016-08-08,14258
2016-08-09,14230
2016-08-10,14189
2016-08-11,14257
2016-08-12,14257
2016-08-13,14193
2016-08-14,14175
2016-08-15,14177
2016-08-16,14211
2016-08-17,14175
2016-08-18,14139
2016-08-19,14149
2016-08-20,14161
2016-08-21,14166
2016-08-22,14166
2016-08-23,14167
2016-08-24,14204
2016-08-25,14178
2016-08-26,14142
2016-08-27,14131
2016-08-28,14132
2016-08-29,14091
2016-08-30,13993
2016-08-31,14055
2016-09-01,14033
2016-09-02,13966
2016-09-03,13933
2016-09-04,13951
2016-09-05,13943
2016-09-06,13890
2016-09-07,13847
2016-09-08,13840
2016-09-09,13880
2016-09-10,13882
2016-09-11,13913
2016-09-12,13864
2016-09-13,13840
2016-09-14,13844
2016-09-15,13863
2016-09-16,13865
2016-09-17,13882
2016-09-18,13900
2016-09-19,13913
2016-09-20,13940
2016-09-21,13912
2016-09-22,13890
2016-09-23,13820
2016-09-24,13822
2016-09-25,13942
2016-09-26,13970
2016-09-27,13850
2016-09-28,13721
2016-09-29,13776
2016-09-30,13769
2016-10-01,13832
2016-10-02,13904
2016-10-03,14019
2016-10-04,14035
2016-10-05,14001
2016-10-06,14012
2016-10-07,14028
2016-10-08,14065
2016-10-09,14085
2016-10-10,14085
2016-10-11,14096
2016-10-12,14071
2016-10-13,14018
2016-10-14,13947
2016-10-15,13948
2016-10-16,13955
2016-10-17,13983
2016-10-18,13906
2016-10-19,13898
2016-10-20,13970
2016-10-21,14006
2016-10-22,14014
2016-10-23,14023
2016-10-24,14006
2016-10-25,14035
2016-10-26,13998
2016-10-27,13962
2016-10-28,13942
2016-10-29,13942
2016-10-30,13989
2016-10-31,14018
2016-11-01,14008
2016-11-02,13978
2016-11-03,13991
2016-11-04,13962
2016-11-05,13934
2016-11-06,13929
2016-11-07,13923
2016-11-08,13899
2016-11-09,13858
2016-11-10,13870
2016-11-11,13895
2016-11-12,13918
2016-11-13,13874
2016-11-14,13859
2016-11-15,13873
2016-11-16,13846
2016-11-17,13802
2016-11-18,13769
2016-11-19,13760
2016-11-20,13784
2016-11-21,13784
2016-11-22,13727
2016-11-23,13748
2016-11-24,13798
2016-11-25,13805
2016-11-26,13832
2016-11-27,13891
2016-11-28,13954
2016-11-29,13987
2016-11-30,13957
2016-12-01,13967
2016-12-02,13995
2016-12-03,14011
2016-12-04,14056
2016-12-05,14108
2016-12-06,14115
2016-12-07,14070
2016-12-08,14037
2016-12-09,14013
2016-12-10,13947
2016-12-11,13922
2016-12-12,13896
2016-12-13,13896
2016-12-14,13934
2016-12-15,13959
2016-12-16,14009
2016-12-17,13979
2016-12-18,13916
2016-12-19,13833
2016-12-20,13810
2016-12-21,13848
2016-12-22,13871
2016-12-23,13899
2016-12-24,13906
2016-12-25,13916
2016-12-26,13931
2016-12-27,13946
2016-12-28,13947
2016-12-29,13911
2016-12-30,13864
2016-12-31,13839
2017-01-01,13715
2017-01-02,13686
2017-01-03,13726
2017-01-04,13747
2017-01-05,13773
2017-01-06,13769
2017-01-07,13790
2017-01-08,13765
2017-01-09,13712
2017-01-10,13740
2017-01-11,13744
2017-01-12,13772
2017-01-13,13799
2017-01-14,13835
2017-01-15,13863
2017-01-16,13896
2017-01-17,13873
2017-01-18,13831
2017-01-19,13809
2017-01-20,13839
2017-01-21,13825
2017-01-22,13834
2017-01-23,13848
2017-01-24,13853
2017-01-25,13808
2017-01-26,13788
2017-01-27,13787
2017-01-28,13814
2017-01-29,13810
2017-01-30,13744
2017-01-31,13567
2017-02-01,13512
2017-02-02,13579
2017-02-03,13560
2017-02-04,13613
2017-02-05,13649
2017-02-06,13706
2017-02-07,13868
2017-02-08,13965
2017-02-09,13978
2017-02-10,13916
2017-02-11,13898
2017-02-12,13810
2017-02-13,13883
2017-02-14,13921
2017-02-15,13920
2017-02-16,13907
2017-02-17,13854
2017-02-18,13958
2017-02-19,14018
2017-02-20,14121
2017-02-21,13951
2017-02-22,13867
2017-02-23,13807
2017-02-24,13776
2017-02-25,13790
2017-02-26,13939
2017-02-27,13957
2017-02-28,13970
2017-03-01,13948
2017-03-02,13909
2017-03-03,13874
2017-03-04,13888
2017-03-05,13906
2017-03-06,13927
2017-03-07,13932
2017-03-08,13951
2017-03-09,13979
2017-03-10,13984
2017-03-11,13958
2017-03-12,13955
2017-03-13,13969
2017-03-14,13983
2017-03-15,13979
2017-03-16,13967
2017-03-17,13981
2017-03-18,14017
2017-03-19,14033
2017-03-20,14047
2017-03-21,14055
2017-03-22,14018
2017-03-23,13985
2017-03-24,13949
2017-03-25,13929
2017-03-26,13992
2017-03-27,14005
2017-03-28,13955
2017-03-29,13930
2017-03-30,13928
2017-03-31,13904
2017-04-01,13892
2017-04-02,13891
2017-04-03,13872
2017-04-04,13857
2017-04-05,13848
2017-04-06,13827
2017-04-07,13816
2017-04-08,13831
2017-04-09,13864
2017-04-10,13917
2017-04-11,13918
2017-04-12,13869
2017-04-13,13833
2017-04-14,13801
2017-04-15,13755
2017-04-16,13763
2017-04-17,13768
2017-04-18,13780
2017-04-19,13772
2017-04-20,13767
2017-04-21,13799
2017-04-22,13820
2017-04-23,13864
2017-04-24,13902
2017-04-25,13932
2017-04-26,13971
2017-04-27,13964
2017-04-28,13993
2017-04-29,13947
2017-04-30,13853
2017-05-01,13816
2017-05-02,13762
2017-05-03,13729
2017-05-04,13704
2017-05-05,13679
2017-05-06,13692
2017-05-07,13676
2017-05-08,13707
2017-05-09,13726
2017-05-10,13736
2017-05-11,13736
2017-05-12,13754
2017-05-13,13787
2017-05-14,13770
2017-05-15,13745
2017-05-16,13703
2017-05-17,13700
2017-05-18,13668
2017-05-19,13645
2017-05-20,13721
2017-05-21,13847
2017-05-22,13822
2017-05-23,13697
2017-05-24,13705
2017-05-25,13730
2017-05-26,13717
2017-05-27,13723
2017-05-28,13735
2017-05-29,13747
2017-05-30,13774
2017-05-31,13806
2017-06-01,13824
2017-06-02,13873
2017-06-03,13912
2017-06-04,13965
2017-06-05,13896
2017-06-06,13755
2017-06-07,13641
2017-06-08,13549
2017-06-09,13525
2017-06-10,13561
2017-06-11,13590
2017-06-12,13632
2017-06-13,13624
2017-06-14,13560
2017-06-15,13543
2017-06-16,13558
2017-06-17,13542
2017-06-18,13593
2017-06-19,13627
2017-06-20,13665
2017-06-21,13664
2017-06-22,13678
2017-06-23,13689
2017-06-24,13734
2017-06-25,13776
2017-06-26,13805
2017-06-27,13800
2017-06-28,13782
2017-06-29,13781
2017-06-30,13770
2017-07-01,13704
2017-07-02,13691
2017-07-03,13712
2017-07-04,13714
2017-07-05,13694
2017-07-06,13707
2017-07-07,13713
2017-07-08,13738
2017-07-09,13756
2017-07-10,13805
2017-07-11,13782
2017-07-12,13816
2017-07-13,13781
2017-07-14,13774
2017-07-15,13781
2017-07-16,13814
2017-07-17,13834
2017-07-18,13811
2017-07-19,13771
2017-07-20,13750
2017-07-21,13748
2017-07-22,13770
2017-07-23,13813
2017-07-24,13832
2017-07-25,13851
2017-07-26,13845
2017-07-27,13867
2017-07-28,13879
2017-07-29,13930
2017-07-30,13973
2017-07-31,14034
2017-08-01,14051
2017-08-02,14031
2017-08-03,14016
2017-08-04,14007
2017-08-05,13990
2017-08-06,13939
2017-08-07,13844
2017-08-08,13735
2017-08-09,13773
2017-08-10,13799
2017-08-11,13804
2017-08-12,13832
2017-08-13,13847
2017-08-14,13859
2017-08-15,13818
2017-08-16,13878
2017-08-17,13876
2017-08-18,13844
2017-08-19,13805
2017-08-20,13754
2017-08-21,13697
2017-08-22,13722
2017-08-23,13727
2017-08-24,13665
2017-08-25,13614
2017-08-26,13654
2017-08-27,13671
2017-08-28,13634
2017-08-29,13601
2017-08-30,13565
2017-08-31,13541
2017-09-01,13508
2017-09-02,13496
2017-09-03,13521
2017-09-04,13533
2017-09-05,13524
2017-09-06,13522
2017-09-07,13500
2017-09-08,13506
2017-09-09,13496
2017-09-10,13505
2017-09-11,13514
2017-09-12,13541
2017-09-13,13541
2017-09-14,13511
2017-09-15,13448
2017-09-16,13522
2017-09-17,13619
2017-09-18,13609
2017-09-19,13626
2017-09-20,13676
2017-09-21,13717
2017-09-22,13710
2017-09-23,13688
2017-09-24,13721
2017-09-25,13719
2017-09-26,13746
2017-09-27,13750
2017-09-28,13760
2017-09-29,13760
2017-09-30,13822
2017-10-01,13837
2017-10-02,13837
2017-10-03,13921
2017-10-04,13937
2017-10-05,13974
2017-10-06,13993
2017-10-07,14015
2017-10-08,14021
2017-10-09,14024
2017-10-10,14075
2017-10-11,14042
2017-10-12,13968
2017-10-13,13956
2017-10-14,13941
2017-10-15,13887
2017-10-16,13861
2017-10-17,13890
2017-10-18,13901
2017-10-19,13960
2017-10-20,14028
2017-10-21,14052
2017-10-22,14084
2017-10-23,14099
2017-10-24,14114
2017-10-25,14114
2017-10-26,14110
2017-10-27,14089
2017-10-28,14092
2017-10-29,14083
2017-10-30,14091
2017-10-31,14105
2017-11-01,14116
2017-11-02,14066
2017-11-03,14042
2017-11-04,14040
2017-11-05,14063
2017-11-06,14038
2017-11-07,14043
2017-11-08,14024
2017-11-09,13990
2017-11-10,14001
2017-11-11,14029
2017-11-12,14044
2017-11-13,14031
2017-11-14,13982
2017-11-15,13951
2017-11-16,13946
2017-11-17,13958
2017-11-18,13966
2017-11-19,13980
2017-11-20,13988
2017-11-21,13939
2017-11-22,13899
2017-11-23,13863
2017-11-24,13872
2017-11-25,13863
2017-11-26,13876
2017-11-27,13870
2017-11-28,13860
2017-11-29,13884
2017-11-30,13889
2017-12-01,13876
2017-12-02,13874
2017-12-03,13832
2017-12-04,13749
2017-12-05,13737
2017-12-06,13718
2017-12-07,13699
2017-12-08,13688
2017-12-09,13716
2017-12-10,13738
2017-12-11,13738
2017-12-12,13778
2017-12-13,13792
2017-12-14,13799
2017-12-15,13804
2017-12-16,13785
2017-12-17,13792
2017-12-18,13792
2017-12-19,13827
2017-12-20,13864
2017-12-21,13864
2017-12-22,13881
2017-12-23,13839
2017-12-24,13800
2017-12-25,13818
2017-12-26,13820
2017-12-27,13826
2017-12-28,13815
2017-12-29,13821
2017-12-30,13823
2017-12-31,13794
2018-01-01,13739
2018-01-02,13725
2018-01-03,13714
2018-01-04,13725
2018-01-05,13726
2018-01-06,13720
2018-01-07,13755
2018-01-08,13745
2018-01-09,13784
2018-01-10,13825
2018-01-11,13850
2018-01-12,13845
2018-01-13,13780
2018-01-14,13751
2018-01-15,13743
2018-01-16,13765
2018-01-17,13790
2018-01-18,13833
2018-01-19,13831
2018-01-20,13825
2018-01-21,13824
2018-01-22,13838
2018-01-23,13836
2018-01-24,13841
2018-01-25,13829
2018-01-26,13849
2018-01-27,13857
2018-01-28,13863
2018-01-29,13874
2018-01-30,13885
2018-01-31,13864
2018-02-01,13868
2018-02-02,13883
2018-02-03,13901
2018-02-04,13905
2018-02-05,13868
2018-02-06,13840
2018-02-07,13819
2018-02-08,13822
2018-02-09,13800
2018-02-10,13764
2018-02-11,13786
2018-02-12,13807
2018-02-13,13816
2018-02-14,13806
2018-02-15,13822
2018-02-16,13888
2018-02-17,13886
2018-02-18,13926
2018-02-19,13913
2018-02-20,13979
2018-02-21,13986
2018-02-22,13945
2018-02-23,13871
2018-02-24,13844
2018-02-25,13882
2018-02-26,14001
2018-02-27,13756
2018-02-28,13641
2018-03-01,13602
2018-03-02,13644
2018-03-03,13670
2018-03-04,13701
2018-03-05,13775
2018-03-06,13813
2018-03-07,13796
2018-03-08,13806
2018-03-09,13825
2018-03-10,13810
2018-03-11,13816
2018-03-12,13824
2018-03-13,13827
2018-03-14,13831
2018-03-15,13818
2018-03-16,13826
2018-03-17,13901
2018-03-18,13979
2018-03-19,13997
2018-03-20,14020
2018-03-21,14020
2018-03-22,14035
2018-03-23,14027
2018-03-24,14013
2018-03-25,14046
2018-03-26,13985
2018-03-27,13961
2018-03-28,13931
2018-03-29,13889
2018-03-30,13893
2018-03-31,13893
2018-04-01,13920
2018-04-02,13915
2018-04-03,13885
2018-04-04,13899
2018-04-05,13864
2018-04-06,13857
2018-04-07,13847
2018-04-08,13857
2018-04-09,13857
2018-04-10,13833
2018-04-11,13813
2018-04-12,13820
2018-04-13,13800
2018-04-14,13812
2018-04-15,13848
2018-04-16,13850
2018-04-17,13835
2018-04-18,13812
2018-04-19,13787
2018-04-20,13793
2018-04-21,13800
2018-04-22,13814
2018-04-23,13855
2018-04-24,13878
2018-04-25,13881
2018-04-26,13902
2018-04-27,13900
2018-04-28,13877
2018-04-29,13867
2018-04-30,13873
2018-05-01,13850
2018-05-02,13824
2018-05-03,13830
2018-05-04,13810
2018-05-05,13795
2018-05-06,13780
2018-05-07,13760
2018-05-08,13800
2018-05-09,13818
2018-05-10,13844
2018-05-11,13849
2018-05-12,13849
2018-05-13,13838
2018-05-14,13830
2018-05-15,13817
2018-05-16,13809
2018-05-17,13818
2018-05-18,13808
2018-05-19,13782
2018-05-20,13791
2018-05-21,13796
2018-05-22,13762
2018-05-23,13735
2018-05-24,13718
2018-05-25,13743
2018-05-26,13748
2018-05-27,13761
2018-05-28,13769
2018-05-29,13788
2018-05-30,13766
2018-05-31,13744
2018-06-01,13714
2018-06-02,13743
2018-06-03,13744
2018-06-04,13758
2018-06-05,13750
2018-06-06,13712
2018-06-07,13709
2018-06-08,13700
2018-06-09,13692
2018-06-10,13685
2018-06-11,13697
2018-06-12,13711
2018-06-13,13693
2018-06-14,13693
2018-06-15,13720
2018-06-16,13782
2018-06-17,13813
2018-06-18,13813
2018-06-19,13828
2018-06-20,13847
2018-06-21,13836
2018-06-22,13777
2018-06-23,13741
2018-06-24,13720
2018-06-25,13702
2018-06-26,13704
2018-06-27,13713
2018-06-28,13726
2018-06-29,13727
2018-06-30,13716
2018-07-01,13766
2018-07-02,13799
2018-07-03,13804
2018-07-04,13844
2018-07-05,13832
2018-07-06,13827
2018-07-07,13819
2018-07-08,13856
2018-07-09,13887
2018-07-10,13900
2018-07-11,13913
2018-07-12,13874
2018-07-13,13874
2018-07-14,13858
2018-07-15,13887
2018-07-16,13901
2018-07-17,13885
2018-07-18,13863
2018-07-19,13830
2018-07-20,13827
2018-07-21,13828
2018-07-22,13824
2018-07-23,13822
2018-07-24,13836
2018-07-25,13851
2018-07-26,13845
2018-07-27,13819
2018-07-28,13812
2018-07-29,13806
2018-07-30,13805
2018-07-31,13787
2018-08-01,13808
2018-08-02,13820
2018-08-03,13780
2018-08-04,13818
2018-08-05,13870
2018-08-06,13927
2018-08-07,13948
2018-08-08,13981
2018-08-09,13964
2018-08-10,13921
2018-08-11,13824
2018-08-12,13747
2018-08-13,13667
2018-08-14,13580
2018-08-15,13524
2018-08-16,13433
2018-08-17,13407
2018-08-18,13428
2018-08-19,13457
2018-08-20,13444
2018-08-21,13431
2018-08-22,13469
2018-08-23,13493
2018-08-24,13522
2018-08-25,13573
2018-08-26,13613
2018-08-27,13627
2018-08-28,13663
2018-08-29,13662
2018-08-30,13564
2018-08-31,13515
2018-09-01,13575
2018-09-02,13637
2018-09-03,13719
2018-09-04,13683
2018-09-05,13633
2018-09-06,13542
2018-09-07,13468
2018-09-08,13437
2018-09-09,13479
2018-09-10,13495
2018-09-11,13512
2018-09-12,13489
2018-09-13,13430
2018-09-14,13482
2018-09-15,13467
2018-09-16,13465
2018-09-17,13511
2018-09-18,13568
2018-09-19,13639
2018-09-20,13678
2018-09-21,13716
2018-09-22,13704
2018-09-23,13683
2018-09-24,13666
2018-09-25,13604
2018-09-26,13560
2018-09-27,13539
2018-09-28,13573
2018-09-29,13598
2018-09-30,13627
2018-10-01,13655
2018-10-02,13629
2018-10-03,13597
2018-10-04,13578
2018-10-05,13574
2018-10-06,13585
2018-10-07,13656
2018-10-08,13666
2018-10-09,13631
2018-10-10,13586
2018-10-11,13514
2018-10-12,13558
2018-10-13,13588
2018-10-14,13628
2018-10-15,13664
2018-10-16,13694
2018-10-17,13708
2018-10-18,13717
2018-10-19,13788
2018-10-20,13850
2018-10-21,13865
2018-10-22,13860
2018-10-23,13863
2018-10-24,13790
2018-10-25,13759
2018-10-26,13714
2018-10-27,13683
2018-10-28,13731
2018-10-29,13742
2018-10-30,13822
2018-10-31,13837
2018-11-01,13792
2018-11-02,13746
2018-11-03,13703
2018-11-04,13736
2018-11-05,13756
2018-11-06,13780
2018-11-07,13788
2018-11-08,13752
2018-11-09,13669
2018-11-10,13680
2018-11-11,13750
2018-11-12,13782
2018-11-13,13812
2018-11-14,13761
2018-11-15,13746
2018-11-16,13746
2018-11-17,13826
2018-11-18,14059
2018-11-19,13942
2018-11-20,13883
2018-11-21,13875
2018-11-22,13798
2018-11-23,13766
2018-11-24,13724
2018-11-25,13777
2018-11-26,13907
2018-11-27,13898
2018-11-28,13852
2018-11-29,13842
2018-11-30,13805
2018-12-01,13863
2018-12-02,13928
2018-12-03,13965
2018-12-04,13947
2018-12-05,13927
2018-12-06,13853
2018-12-07,13896
2018-12-08,13922
2018-12-09,13964
2018-12-10,13971
2018-12-11,13940
2018-12-12,13919
2018-12-13,13914
2018-12-14,13891
2018-12-15,13812
2018-12-16,13800
2018-12-17,13829
2018-12-18,13759
2018-12-19,13651
2018-12-20,13545
2018-12-21,13469
2018-12-22,13367
2018-12-23,13417
2018-12-24,13563
2018-12-25,13626
2018-12-26,13637
2018-12-27,13583
2018-12-28,13566
2018-12-29,13552
2018-12-30,13573
2018-12-31,13599
2019-01-01,13573
2019-01-02,13435
2019-01-03,13167
2019-01-04,12974
2019-01-05,12689
2019-01-06,12823
2019-01-07,12714
2019-01-08,12078
2019-01-09,11474
2019-01-10,10900
2019-01-11,10355
2019-01-12,9837
2019-01-13,9345
2019-01-14,8877
2019-01-15,8433
2019-01-16,8011
2019-01-17,7610
2019-01-18,7229
2019-01-19,6867
2019-01-20,6523
2019-01-21,6196
2019-01-22,5886
2019-01-23,5591
2019-01-24,5311
2019-01-25,5045
2019-01-26,4792
2019-01-27,4552
2019-01-28,4324
2019-01-29,4107
2019-01-30,3901
2019-01-31,3705
2019-02-01,3519
2019-02-02,3343
2019-02-03,3175
2019-02-04,3101
2019-02-05,3177
2019-02-06,3148
2019-02-07,3159
2019-02-08,3064
2019-02-09,3076
2019-02-10,3070
2019-02-11,3006
2019-02-12,2932
2019-02-13,2836
2019-02-14,2709
2019-02-15,2581
2019-02-16,2483
2019-02-17,2386
2019-02-18,2496
2019-02-19,2621
2019-02-20,2742
2019-02-21,2848
2019-02-22,2991
2019-02-23,3141
2019-02-24,3299
2019-02-25,3344
2019-02-26,3176
2019-02-27,3017
2019-02-28,2866
2019-03-01,2722
2019-03-02,2587
2019-03-03,2468
2019-03-04,2452
2019-03-05,2440
2019-03-06,2362
2019-03-07,2295
2019-03-08,2282
2019-03-09,2333
2019-03-10,2399
2019-03-11,2426
2019-03-12,2466
2019-03-13,2422
2019-03-14,2423
2019-03-15,2408
2019-03-16,2409
2019-03-17,2468
2019-03-18,2451
2019-03-19,2421
2019-03-20,2446
2019-03-21,2527
2019-03-22,2609
2019-03-23,2654
2019-03-24,2715
2019-03-25,2758
2019-03-26,2756
2019-03-27,2694
2019-03-28,2624
2019-03-29,2570
2019-03-30,2606
2019-03-31,2647
2019-04-01,2690
2019-04-02,2739
2019-04-03,2750
2019-04-04,2690
2019-04-05,2693
2019-04-06,2603
2019-04-07,2652
2019-04-08,2655
2019-04-09,2704
2019-04-10,2724
2019-04-11,2693
2019-04-12,2647
2019-04-13,2640
2019-04-14,2618
2019-04-15,2637
2019-04-16,2683
2019-04-17,2708
2019-04-18,2630
2019-04-19,2608
2019-04-20,2584
2019-04-21,2592
2019-04-22,2593
2019-04-23,2577
2019-04-24,2523
2019-04-25,2612
2019-04-26,2626
2019-04-27,2620
2019-04-28,2601
2019-04-29,2575
2019-04-30,2561
2019-05-01,2561
2019-05-02,2547
2019-05-03,2568
2019-05-04,2540
2019-05-05,2534
2019-05-06,2500
2019-05-07,2477
2019-05-08,2464
2019-05-09,2462
2019-05-10,2462
2019-05-11,2506
2019-05-12,2509
2019-05-13,2502
2019-05-14,2467
2019-05-15,2436
2019-05-16,2407
2019-05-17,2387
2019-05-18,2392
2019-05-19,2340
2019-05-20,2386
2019-05-21,2409
2019-05-22,2381
2019-05-23,2362
2019-05-24,2333
2019-05-25,2306
2019-05-26,2299
2019-05-27,2281
2019-05-28,2287
2019-05-29,2352
2019-05-30,2441
2019-05-31,2463
2019-06-01,2502
2019-06-02,2505
2019-06-03,2466
2019-06-04,2419
2019-06-05,2393
2019-06-06,2384
2019-06-07,2362
2019-06-08,2390
2019-06-09,2420
2019-06-10,2416
2019-06-11,2425
2019-06-12,2426
2019-06-13,2453
2019-06-14,2448
2019-06-15,2536
2019-06-16,2572
2019-06-17,2544
2019-06-18,2529
2019-06-19,2532
2019-06-20,2502
2019-06-21,2500
2019-06-22,2521
2019-06-23,2554
2019-06-24,2604
2019-06-25,2664
2019-06-26,2682
2019-06-27,2671
2019-06-28,2648
2019-06-29,2643
2019-06-30,2631
2019-07-01,2636
2019-07-02,2615
2019-07-03,2721
2019-07-04,2858
2019-07-05,3001
2019-07-06,3145
2019-07-07,3174
2019-07-08,3185
2019-07-09,3247
2019-07-10,3272
2019-07-11,3252
2019-07-12,3205
2019-07-13,3132
2019-07-14,3021
2019-07-15,2971
2019-07-16,2906
2019-07-17,2914
2019-07-18,2924
2019-07-19,2913
2019-07-20,2956
2019-07-21,3053
2019-07-22,3154
2019-07-23,3134
2019-07-24,3082
2019-07-25,3034
2019-07-26,3025
2019-07-27,3119
2019-07-28,3139
2019-07-29,3014
2019-07-30,2863
2019-07-31,2719
2019-08-01,2662
2019-08-02,2582
2019-08-03,2546
2019-08-04,2580
2019-08-05,2620
2019-08-06,2723
2019-08-07,2805
2019-08-08,2878
2019-08-09,2877
2019-08-10,2801
2019-08-11,2785
2019-08-12,2778
2019-08-13,2824
2019-08-14,2762
2019-08-15,2743
2019-08-16,2669
2019-08-17,2646
2019-08-18,2629
2019-08-19,2659
2019-08-20,2710
2019-08-21,2723
2019-08-22,2726
2019-08-23,2673
2019-08-24,2637
2019-08-25,2634
2019-08-26,2627
2019-08-27,2613
2019-08-28,2566
2019-08-29,2543
2019-08-30,2549
2019-08-31,2552
2019-09-01,2589
2019-09-02,2568
2019-09-03,2523
2019-09-04,2505
2019-09-05,2488
2019-09-06,2488
2019-09-07,2508
2019-09-08,2515
2019-09-09,2501
2019-09-10,2500
2019-09-11,2458
2019-09-12,2440
2019-09-13,2404
2019-09-14,2369
2019-09-15,2342
2019-09-16,2325
2019-09-17,2358
2019-09-18,2360
2019-09-19,2372
2019-09-20,2347
2019-09-21,2326
2019-09-22,2308
2019-09-23,2295
2019-09-24,2287
2019-09-25,2266
2019-09-26,2290
2019-09-27,2323
2019-09-28,2353
2019-09-29,2320
2019-09-30,2316
2019-10-01,2307
2019-10-02,2338
2019-10-03,2349
2019-10-04,2360
2019-10-05,2371
2019-10-06,2376
2019-10-07,2346
2019-10-08,2323
2019-10-09,2303
2019-10-10,2284
2019-10-11,2250
2019-10-12,2270
2019-10-13,2325
2019-10-14,2322
2019-10-15,2310
2019-10-16,2290
2019-10-17,2277
2019-10-18,2270
2019-10-19,2275
2019-10-20,2266
2019-10-21,2262
2019-10-22,2235
2019-10-23,2212
2019-10-24,2180
2019-10-25,2168
2019-10-26,2133
2019-10-27,2102
2019-10-28,2084
2019-10-29,2094
2019-10-30,2081
2019-10-31,2070
2019-11-01,2078
2019-11-02,2141
2019-11-03,2242
2019-11-04,2341
2019-11-05,2412
2019-11-06,2384
2019-11-07,2302
2019-11-08,2224
2019-11-09,2156
2019-11-10,2175
2019-11-11,2206
2019-11-12,2168
2019-11-13,2156
2019-11-14,2150
2019-11-15,2125
2019-11-16,2096
2019-11-17,2089
2019-11-18,2091
2019-11-19,2086
2019-11-20,2068
2019-11-21,2051
2019-11-22,2035
2019-11-23,2098
2019-11-24,2111
2019-11-25,2042
2019-11-26,2050
2019-11-27,2011
2019-11-28,2015
2019-11-29,2078
2019-11-30,2039
2019-12-01,2037
2019-12-02,2020
2019-12-03,2001
2019-12-04,1987
2019-12-05,1983
2019-12-06,1980
2019-12-07,1966
2019-12-08,1963
2019-12-09,1956
2019-12-10,1958
2019-12-11,1984
2019-12-12,2032
2019-12-13,2012
2019-12-14,1997
2019-12-15,1988
2019-12-16,1982
2019-12-17,2007
2019-12-18,1990
2019-12-19,1961
2019-12-20,1949
2019-12-21,1946
2019-12-22,1872
2019-12-23,1791
2019-12-24,1786
2019-12-25,1795
2019-12-26,1812
2019-12-27,1848
2019-12-28,1816
2019-12-29,1824
2019-12-30,1871
2019-12-31,1930
2020-01-01,1928
2020-01-02,1923
2020-01-03,1953
2020-01-04,1961
2020-01-05,1982
2020-01-06,1990
2020-01-07,1993
2020-01-08,1994
2020-01-09,1989
2020-01-10,2037
2020-01-11,2036
2020-01-12,2053
2020-01-13,2051
2020-01-14,2057
2020-01-15,2051
2020-01-16,2046
2020-01-17,2044
2020-01-18,2070
2020-01-19,2132
2020-01-20,2159
2020-01-21,2146
2020-01-22,2121
2020-01-23,2089
2020-01-24,2055
2020-01-25,2138
2020-01-26,2183
2020-01-27,2169
2020-01-28,2163
2020-01-29,2166
2020-01-30,2131
2020-01-31,2093
2020-02-01,2082
2020-02-02,2149
2020-02-03,2187
2020-02-04,2223
2020-02-05,2256
2020-02-06,2231
2020-02-07,2198
2020-02-08,2146
2020-02-09,2063
2020-02-10,2007
2020-02-11,1970
2020-02-12,1967
2020-02-13,2010
2020-02-14,2073
2020-02-15,2098
2020-02-16,2069
2020-02-17,2060
2020-02-18,2064
2020-02-19,2055
2020-02-20,2074
2020-02-21,2103
2020-02-22,2163
2020-02-23,2189
2020-02-24,2171
2020-02-25,2123
2020-02-26,2104
2020-02-27,2097
2020-02-28,2103
2020-02-29,2099
2020-03-01,2063
2020-03-02,2052
2020-03-03,2037
2020-03-04,2009
2020-03-05,1975
2020-03-06,1944
2020-03-07,1921
2020-03-08,1908
2020-03-09,1905
2020-03-10,1926
2020-03-11,1912
2020-03-12,1897
2020-03-13,1906
2020-03-14,1943
2020-03-15,1955
2020-03-16,1962
2020-03-17,1941
2020-03-18,1920
2020-03-19,1908
2020-03-20,1906
2020-03-21,1887
2020-03-22,1906
2020-03-23,1915
2020-03-24,1901
2020-03-25,1969
2020-03-26,1988
2020-03-27,1979
2020-03-28,1953
2020-03-29,1932
2020-03-30,1932
2020-03-31,1906
2020-04-01,1853
2020-04-02,1816
2020-04-03,1789
2020-04-04,1749
2020-04-05,1725
2020-04-06,1767
2020-04-07,1845
2020-04-08,1894
2020-04-09,1920
2020-04-10,1908
2020-04-11,1907
2020-04-12,1920
2020-04-13,1941
2020-04-14,1945
2020-04-15,1910
2020-04-16,1986
2020-04-17,2067
2020-04-18,2074
2020-04-19,2065
2020-04-20,2060
2020-04-21,2049
2020-04-22,2054
2020-04-23,2055
2020-04-24,2055
2020-04-25,2049
2020-04-26,2090
2020-04-27,2080
2020-04-28,2023
2020-04-29,2088
2020-04-30,2136
2020-05-01,2138
2020-05-02,2121
2020-05-03,2115
2020-05-04,2090
2020-05-05,2134
2020-05-06,2155
2020-05-07,2176
2020-05-08,2245
2020-05-09,2344
2020-05-10,2380
2020-05-11,2419
2020-05-12,2530
2020-05-13,2657
2020-05-14,2790
2020-05-15,2916
2020-05-16,2952
2020-05-17,2857
2020-05-18,2715
2020-05-19,2609
2020-05-20,2643
2020-05-21,2645
2020-05-22,2700
2020-05-23,2775
2020-05-24,2912
2020-05-25,3021
2020-05-26,3137
2020-05-27,3235
2020-05-28,3194
2020-05-29,3157
2020-05-30,3151
2020-05-31,3237
2020-06-01,3198
2020-06-02,3097
2020-06-03,3025
2020-06-04,2998
2020-06-05,2931
2020-06-06,2881
2020-06-07,2879
2020-06-08,2985
2020-06-09,3072
2020-06-10,3095
2020-06-11,3100
2020-06-12,3057
2020-06-13,2969
2020-06-14,2887
2020-06-15,2771
2020-06-16,2728
2020-06-17,2809
2020-06-18,2814
2020-06-19,2852
2020-06-20,2871
2020-06-21,2898
2020-06-22,2899
2020-06-23,2896
2020-06-24,2980
2020-06-25,2949
2020-06-26,2934
2020-06-27,2910
2020-06-28,2895
2020-06-29,2866
2020-06-30,2780
2020-07-01,2688
2020-07-02,2558
2020-07-03,2481
2020-07-04,2475
2020-07-05,2425
2020-07-06,2387
2020-07-07,2389
2020-07-08,2376
2020-07-09,2363
2020-07-10,2404
2020-07-11,2466
2020-07-12,2441
2020-07-13,2498
2020-07-14,2483
2020-07-15,2530
2020-07-16,2481
2020-07-17,2477
2020-07-18,2591
2020-07-19,2721
2020-07-20,2858
2020-07-21,2981
2020-07-22,2979
2020-07-23,2936
2020-07-24,2812
2020-07-25,2708
2020-07-26,2698
2020-07-27,2667
2020-07-28,2671
2020-07-29,2752
2020-07-30,2760
2020-07-31,2758
2020-08-01,2745
2020-08-02,2821
2020-08-03,2891
2020-08-04,2956
2020-08-05,3044
2020-08-06,3128
2020-08-07,3172
2020-08-08,3288
2020-08-09,3411
2020-08-10,3540
2020-08-11,3521
2020-08-12,3426
2020-08-13,3338
2020-08-14,3270
2020-08-15,3175
2020-08-16,3199
2020-08-17,3274
2020-08-18,3196
2020-08-19,3101
2020-08-20,3009
2020-08-21,2978
2020-08-22,2981
2020-08-23,3023
2020-08-24,3017
2020-08-25,3101
2020-08-26,3191
2020-08-27,3199
2020-08-28,3168
2020-08-29,3116
2020-08-30,3116
2020-08-31,3148
2020-09-01,3284
2020-09-02,3437
2020-09-03,3539
2020-09-04,3596
2020-09-05,3650
2020-09-06,3701
2020-09-07,3662
2020-09-08,3668
2020-09-09,3643
2020-09-10,3605
2020-09-11,3578
2020-09-12,3547
2020-09-13,3510
2020-09-14,3458
2020-09-15,3294
2020-09-16,3129
2020-09-17,3023
2020-09-18,2984
2020-09-19,2972
2020-09-20,3037
2020-09-21,3049
2020-09-22,3088
2020-09-23,3141
2020-09-24,3222
2020-09-25,3230
2020-09-26,3243
2020-09-27,3282
2020-09-28,3333
2020-09-29,3221
2020-09-30,3185
2020-10-01,3153
2020-10-02,3191
2020-10-03,3252
2020-10-04,3219
2020-10-05,3228
2020-10-06,3324
2020-10-07,3380
2020-10-08,3497
2020-10-09,3579
2020-10-10,3538
2020-10-11,3529
2020-10-12,3613
2020-10-13,3785
2020-10-14,3954
2020-10-15,4101
2020-10-16,4123
2020-10-17,4106
2020-10-18,3956
2020-10-19,3758
2020-10-20,3575
2020-10-21,3425
2020-10-22,3549
2020-10-23,3650
2020-10-24,3649
2020-10-25,3617
2020-10-26,3513
2020-10-27,3406
2020-10-28,3321
2020-10-29,3218
2020-10-30,3106
2020-10-31,3127
2020-11-01,3220
2020-11-02,3353
2020-11-03,3351
2020-11-04,3345
2020-11-05,3309
2020-11-06,3331
2020-11-07,3381
2020-11-08,3342
2020-11-09,3326
2020-11-10,3339
2020-11-11,3394
2020-11-12,3423
2020-11-13,3351
2020-11-14,3290
2020-11-15,3214
2020-11-16,3191
2020-11-17,3146
2020-11-18,3099
2020-11-19,3055
2020-11-20,3014
2020-11-21,2975
2020-11-22,2954
2020-11-23,3024
2020-11-24,3053
2020-11-25,3013
2020-11-26,2966
2020-11-27,2897
2020-11-28,2806
2020-11-29,2734
2020-11-30,2697
2020-12-01,2696
2020-12-02,2734
2020-12-03,2833
2020-12-04,2887
2020-12-05,2870
2020-12-06,2823
2020-12-07,2779
2020-12-08,2753
2020-12-09,2703
2020-12-10,2683
2020-12-11,2691
2020-12-12,2699
2020-12-13,2766
2020-12-14,2839
2020-12-15,2851
2020-12-16,2847
2020-12-17,2877
2020-12-18,2907
2020-12-19,2956
2020-12-20,2981
2020-12-21,3005
2020-12-22,3002
2020-12-23,3020
2020-12-24,2992
2020-12-25,2957
2020-12-26,2910
2020-12-27,2855
2020-12-28,2840
2020-12-29,2818
2020-12-30,2834
2020-12-31,2929
2021-01-01,2954
2021-01-02,2989
2021-01-03,2991
2021-01-04,3054
2021-01-05,3123
2021-01-06,3108
2021-01-07,3099
2021-01-08,3122
2021-01-09,3112
2021-01-10,3096
2021-01-11,3122
2021-01-12,3182
2021-01-13,3179
2021-01-14,3160
2021-01-15,3131
2021-01-16,3109
2021-01-17,3094
2021-01-18,3091
2021-01-19,3178
2021-01-20,3216
2021-01-21,3266
2021-01-22,3328
2021-01-23,3343
2021-01-24,3315
2021-01-25,3290
2021-01-26,3239
2021-01-27,3157
2021-01-28,3114
2021-01-29,3068
2021-01-30,3037
2021-01-31,3053
2021-02-01,3144
2021-02-02,3149
2021-02-03,3135
2021-02-04,3171
2021-02-05,3175
2021-02-06,3269
2021-02-07,3401
2021-02-08,3437
2021-02-09,3448
2021-02-10,3443
2021-02-11,3382
2021-02-12,3370
2021-02-13,3396
2021-02-14,3450
2021-02-15,3527
2021-02-16,3625
2021-02-17,3714
2021-02-18,3882
2021-02-19,4051
2021-02-20,4216
2021-02-21,4402
2021-02-22,4568
2021-02-23,4472
2021-02-24,4396
2021-02-25,4293
2021-02-26,4253
2021-02-27,4111
2021-02-28,4015
2021-03-01,3953
2021-03-02,3831
2021-03-03,3685
2021-03-04,3573
2021-03-05,3683
2021-03-06,3718
2021-03-07,3722
2021-03-08,3668
2021-03-09,3540
2021-03-10,3381
2021-03-11,3317
2021-03-12,3342
2021-03-13,3269
2021-03-14,3162
2021-03-15,3138
2021-03-16,3141
2021-03-17,3150
2021-03-18,3207
2021-03-19,3238
2021-03-20,3232
2021-03-21,3237
2021-03-22,3296
2021-03-23,3298
2021-03-24,3288
2021-03-25,3280
2021-03-26,3290
2021-03-27,3264
2021-03-28,3274
2021-03-29,3294
2021-03-30,3284
2021-03-31,3267
2021-04-01,3264
2021-04-02,3302
2021-04-03,3368
2021-04-04,3476
2021-04-05,3472
2021-04-06,3496
2021-04-07,3439
2021-04-08,3378
2021-04-09,3312
2021-04-10,3262
2021-04-11,3226
2021-04-12,3219
2021-04-13,3268
2021-04-14,3301
2021-04-15,3311
2021-04-16,3271
2021-04-17,3246
2021-04-18,3227
2021-04-19,3275
2021-04-20,3320
2021-04-21,3329
2021-04-22,3286
2021-04-23,3319
2021-04-24,3460
2021-04-25,3573
2021-04-26,3665
2021-04-27,3825
2021-04-28,3956
2021-04-29,4030
2021-04-30,3965
2021-05-01,3847
2021-05-02,3813
2021-05-03,3974
2021-05-04,4127
2021-05-05,4212
2021-05-06,4090
2021-05-07,3967
2021-05-08,3832
2021-05-09,3714
2021-05-10,3648
2021-05-11,3559
2021-05-12,3494
2021-05-13,3476
2021-05-14,3453
2021-05-15,3371
2021-05-16,3360
2021-05-17,3261
2021-05-18,3198
2021-05-19,3220
2021-05-20,3306
2021-05-21,3408
2021-05-22,3394
2021-05-23,3367
2021-05-24,3330
2021-05-25,3283
2021-05-26,3216
2021-05-27,3196
2021-05-28,3166
2021-05-29,3159
2021-05-30,3157
2021-05-31,3158
2021-06-01,3178
2021-06-02,3192
2021-06-03,3199
2021-06-04,3220
2021-06-05,3200
2021-06-06,3195
2021-06-07,3200
2021-06-08,3183
2021-06-09,3175
2021-06-10,3171
2021-06-11,3166
2021-06-12,3163
2021-06-13,3162
2021-06-14,3165
2021-06-15,3159
2021-06-16,3158
2021-06-17,3169
2021-06-18,3165
2021-06-19,3163
2021-06-20,3178
2021-06-21,3172
2021-06-22,3165
2021-06-23,3178
2021-06-24,3204
2021-06-25,3233
2021-06-26,3258
2021-06-27,3223
2021-06-28,3173
2021-06-29,3125
2021-06-30,3092
2021-07-01,3068
2021-07-02,3015
2021-07-03,2986
2021-07-04,2956
2021-07-05,2935
2021-07-06,2924
2021-07-07,2912
2021-07-08,2891
2021-07-09,2964
2021-07-10,2954
2021-07-11,2951
2021-07-12,2934
2021-07-13,2921
2021-07-14,2902
2021-07-15,2884
2021-07-16,2907
2021-07-17,2891
2021-07-18,2921
2021-07-19,2973
2021-07-20,2930
2021-07-21,2944
2021-07-22,2959
2021-07-23,3025
2021-07-24,3090
2021-07-25,3072
2021-07-26,3061
2021-07-27,3092
2021-07-28,3120
2021-07-29,3124
2021-07-30,3087
2021-07-31,2968
2021-08-01,2878
2021-08-02,2831
2021-08-03,2836
2021-08-04,2882
2021-08-05,2961
2021-08-06,2993
2021-08-07,3013
2021-08-08,2978
2021-08-09,2938
2021-08-10,2865
2021-08-11,2770
2021-08-12,2729
2021-08-13,2704
2021-08-14,2730
2021-08-15,2707
2021-08-16,2739
2021-08-17,2714
2021-08-18,2696
2021-08-19,2733
2021-08-20,2712
2021-08-21,2671
2021-08-22,2621
2021-08-23,2616
2021-08-24,2613
2021-08-25,2628
2021-08-26,2575
2021-08-27,2551
2021-08-28,2524
2021-08-29,2538
2021-08-30,2494
2021-08-31,2489
2021-09-01,2480
2021-09-02,2451
2021-09-03,2413
2021-09-04,2393
2021-09-05,2350
2021-09-06,2368
2021-09-07,2407
2021-09-08,2442
2021-09-09,2492
2021-09-10,2506
2021-09-11,2465
2021-09-12,2416
2021-09-13,2409
2021-09-14,2418
2021-09-15,2457
2021-09-16,2525
2021-09-17,2525
2021-09-18,2583
2021-09-19,2599
2021-09-20,2664
2021-09-21,2722
2021-09-22,2762
2021-09-23,2705
2021-09-24,2616
2021-09-25,2531
2021-09-26,2485
2021-09-27,2485
2021-09-28,2461
2021-09-29,2382
2021-09-30,2382
2021-10-01,2496
2021-10-02,2554
2021-10-03,2563
2021-10-04,2563
2021-10-05,2604
2021-10-06,2611
2021-10-07,2605
2021-10-08,2633
2021-10-09,2625
2021-10-10,2609
2021-10-11,2609
2021-10-12,2668
2021-10-13,2745
2021-10-14,2732
2021-10-15,2692
2021-10-16,2593
2021-10-17,2593
2021-10-18,2479
2021-10-19,2415
2021-10-20,2451
2021-10-21,2437
2021-10-22,2521
2021-10-23,2515
2021-10-24,2515
2021-10-25,2550
2021-10-26,2547
2021-10-27,2545
2021-10-28,2601
2021-10-29,2650
2021-10-30,2664
2021-10-31,2641
2021-11-01,2636
2021-11-02,2592
2021-11-03,2485
2021-11-04,2452
2021-11-05,2490
2021-11-06,2536
2021-11-07,2551
2021-11-08,2557
2021-11-09,2556
2021-11-10,2504
2021-11-11,2478
2021-11-12,2483
2021-11-13,2526
2021-11-14,2456
2021-11-15,2425
2021-11-16,2430
2021-11-17,2449
2021-11-18,2482
2021-11-19,2499
2021-11-20,2558
2021-11-21,2602
2021-11-22,2659
2021-11-23,2694
2021-11-24,2697
2021-11-25,2702
2021-11-26,2720
2021-11-27,2689
2021-11-28,2677
2021-11-29,2680
2021-11-30,2655
2021-12-01,2654
2021-12-02,2656
2021-12-03,2713
2021-12-04,2703
2021-12-05,2731
2021-12-06,2788
2021-12-07,2821
2021-12-08,2834
2021-12-09,2838
2021-12-10,2849
2021-12-11,2860
2021-12-12,2865
2021-12-13,2886
2021-12-14,2886
2021-12-15,2833
2021-12-16,2802
2021-12-17,2837
2021-12-18,2887
2021-12-19,2964
2021-12-20,3019
2021-12-21,3076
2021-12-22,3094
2021-12-23,3196
2021-12-24,3265
2021-12-25,3326
2021-12-26,3460
2021-12-27,3600
2021-12-28,3750
2021-12-29,3709
2021-12-30,3710
2021-12-31,3829
2022-01-01,3932
2022-01-02,4023
2022-01-03,4179
2022-01-04,4349
2022-01-05,4549
2022-01-06,4730
2022-01-07,4691
2022-01-08,4685
2022-01-09,4694
2022-01-10,4677
2022-01-11,4616
2022-01-12,4552
2022-01-13,4459
2022-01-14,4441
2022-01-15,4533
2022-01-16,4667
2022-01-17,4776
2022-01-18,4762
2022-01-19,4725
2022-01-20,4681
2022-01-21,4693
2022-01-22,4590
2022-01-23,4392
2022-01-24,4393
2022-01-25,4504
2022-01-26,4492
2022-01-27,4620
2022-01-28,4559
2022-01-29,4514
2022-01-30,4486
2022-01-31,4577
2022-02-01,4773
2022-02-02,4851
2022-02-03,4846
2022-02-04,4951
2022-02-05,5105
2022-02-06,5076
2022-02-07,5029
2022-02-08,4954
2022-02-09,4768
2022-02-10,4642
2022-02-11,4695
2022-02-12,4775
2022-02-13,4816
2022-02-14,4738
2022-02-15,4663
2022-02-16,4607
2022-02-17,4645
2022-02-18,4779
2022-02-19,4801
2022-02-20,4843
2022-02-21,4803
2022-02-22,4765
2022-02-23,4672
2022-02-24,4764
2022-02-25,4812
2022-02-26,4724
2022-02-27,4805
2022-02-28,4805
2022-03-01,4775
2022-03-02,4837
2022-03-03,4774
2022-03-04,4722
2022-03-05,4704
2022-03-06,4667
2022-03-07,4634
2022-03-08,4553
2022-03-09,4517
2022-03-10,4409
2022-03-11,4302
2022-03-12,4236
2022-03-13,4166
2022-03-14,4135
2022-03-15,4105
2022-03-16,4175
2022-03-17,4108
2022-03-18,4028
2022-03-19,3936
2022-03-20,3929
2022-03-21,3929
2022-03-22,4089
2022-03-23,4247
2022-03-24,4207
2022-03-25,4205
2022-03-26,4187
2022-03-27,4159
2022-03-28,4122
2022-03-29,4211
2022-03-30,4192
2022-03-31,4276
2022-04-01,4291
2022-04-02,4203
2022-04-03,4100
2022-04-04,4055
2022-04-05,4019
2022-04-06,3957
2022-04-07,4003
2022-04-08,3943
2022-04-09,3933
2022-04-10,3919
2022-04-11,3892
2022-04-12,3893
2022-04-13,3922
2022-04-14,3906
2022-04-15,3866
2022-04-16,3945
2022-04-17,3898
2022-04-18,3821
2022-04-19,3778
2022-04-20,3709
2022-04-21,3703
2022-04-22,3636
2022-04-23,3584
2022-04-24,3549
2022-04-25,3559
2022-04-26,3620
2022-04-27,3692
2022-04-28,3790
2022-04-29,3888
2022-04-30,3903
2022-05-01,3970
2022-05-02,3987
2022-05-03,3970
2022-05-04,4030
2022-05-05,3988
2022-05-06,3929
2022-05-07,3810
2022-05-08,3808
2022-05-09,3864
2022-05-10,3913
2022-05-11,4026
2022-05-12,4026
2022-05-13,4110
2022-05-14,4025
2022-05-15,3998
2022-05-16,3975
2022-05-17,3995
2022-05-18,4144
2022-05-19,4134
2022-05-20,4316
2022-05-21,4283
2022-05-22,4249
2022-05-23,4153
2022-05-24,4012
2022-05-25,3899
2022-05-26,3814
2022-05-27,3824
2022-05-28,3827
2022-05-29,3882
2022-05-30,3878
2022-05-31,3901
2022-06-01,3922
2022-06-02,3985
2022-06-03,3970
2022-06-04,3944
2022-06-05,3996
2022-06-06,4081
2022-06-07,4116
2022-06-08,4178
2022-06-09,4181
2022-06-10,4115
2022-06-11,4198
2022-06-12,4239
2022-06-13,4150
2022-06-14,4037
2022-06-15,4007
2022-06-16,4031
2022-06-17,4083
2022-06-18,4028
2022-06-19,3968
2022-06-20,3935
2022-06-21,3923
2022-06-22,3920
2022-06-23,3899
2022-06-24,3886
2022-06-25,3902
2022-06-26,3839
2022-06-27,3805
2022-06-28,4355
2022-06-29,4355
2022-06-30,3755
2022-07-01,3701
2022-07-02,3742
2022-07-03,3823
2022-07-04,3823
2022-07-05,3854
2022-07-06,3841
2022-07-07,3852
2022-07-08,3811
2022-07-09,3813
2022-07-10,3764
2022-07-11,3860
2022-07-12,3905
2022-07-13,3867
2022-07-14,3846
2022-07-15,3823
2022-07-16,3807
2022-07-17,3869
2022-07-18,4045
2022-07-19,4191
2022-07-20,4119
2022-07-21,4068
2022-07-22,4096
2022-07-23,4199
2022-07-24,4398
2022-07-25,4414
2022-07-26,4327
2022-07-27,4436
2022-07-28,4409
2022-07-29,4411
2022-07-30,4362
2022-07-31,4323
2022-08-01,4332
2022-08-02,4346
2022-08-03,4360
2022-08-04,4398
2022-08-05,4398
2022-08-06,4390
2022-08-07,4386
2022-08-08,4386
2022-08-09,4339
2022-08-10,4382
2022-08-11,4424
2022-08-12,4460
2022-08-13,4556
2022-08-14,4601
2022-08-15,4540
2022-08-16,4514
2022-08-17,4600
2022-08-18,4619
2022-08-19,4625
2022-08-20,4731
2022-08-21,4859
2022-08-22,4862
2022-08-23,4805
2022-08-24,4748
2022-08-25,4721
2022-08-26,4734
2022-08-27,4662
2022-08-28,4589
2022-08-29,4531
2022-08-30,4514
2022-08-31,4671
2022-09-01,4892
2022-09-02,4990
2022-09-03,5027
2022-09-04,4994
2022-09-05,4944
2022-09-06,4971
2022-09-07,5106
2022-09-08,5116
2022-09-09,5082
2022-09-10,5042
2022-09-11,5025
2022-09-12,4991
2022-09-13,4949
2022-09-14,4843
2022-09-15,4818
2022-09-16,4843
2022-09-17,4857
2022-09-18,4767
2022-09-19,4703
2022-09-20,4649
2022-09-21,4726
2022-09-22,4702
2022-09-23,4708
2022-09-24,4834
2022-09-25,4772
2022-09-26,4759
2022-09-27,4906
2022-09-28,4904
2022-09-29,4939
2022-09-30,4838
2022-10-01,4757
2022-10-02,4638
2022-10-03,4554
2022-10-04,4465
2022-10-05,4364
2022-10-06,4294
2022-10-07,4217
2022-10-08,4305
2022-10-09,4390
2022-10-10,4387
2022-10-11,4497
2022-10-12,4615
2022-10-13,4634
2022-10-14,4633
2022-10-15,4605
2022-10-16,4585
2022-10-17,4631
2022-10-18,4658
2022-10-19,4719
2022-10-20,4746
2022-10-21,4746
2022-10-22,4703
2022-10-23,4681
2022-10-24,4651
2022-10-25,4627
2022-10-26,4596
2022-10-27,4547
2022-10-28,4476
2022-10-29,4369
2022-10-30,4278
2022-10-31,4265
2022-11-01,4227
2022-11-02,4296
2022-11-03,4336
2022-11-04,4368
2022-11-05,4410
2022-11-06,4428
2022-11-07,4424
2022-11-08,4461
2022-11-09,4461
2022-11-10,4469
2022-11-11,4543
2022-11-12,4586
2022-11-13,4560
2022-11-14,4511
2022-11-15,4473
2022-11-16,4410
2022-11-17,4388
2022-11-18,4367
2022-11-19,4326
2022-11-20,4298
2022-11-21,4298
2022-11-22,4292
2022-11-23,4286
2022-11-24,4342
2022-11-25,4458
2022-11-26,4501
2022-11-27,4440
2022-11-28,4388
2022-11-29,4343
2022-11-30,4320
2022-12-01,4313
2022-12-02,4381
2022-12-03,4401
2022-12-04,4414
2022-12-05,4418
2022-12-06,4416
2022-12-07,4415
2022-12-08,4417
2022-12-09,4450
2022-12-10,4544
2022-12-11,4594
2022-12-12,4665
2022-12-13,4665
2022-12-14,4689
2022-12-15,4607
2022-12-16,4531
2022-12-17,4505
2022-12-18,4485
2022-12-19,4481
2022-12-20,4510
2022-12-21,4574
2022-12-22,4565
2022-12-23,4497
2022-12-24,4428
2022-12-25,4429
2022-12-26,4418
2022-12-27,4453
2022-12-28,4598
2022-12-29,4743
2022-12-30,4770
2022-12-31,4670
2023-01-01,4702
2023-01-02,4701
2023-01-03,4654
2023-01-04,4654
2023-01-05,4611
2023-01-06,4611
2023-01-07,4633
2023-01-08,4641
2023-01-09,4580
2023-01-10,4576
2023-01-11,4568
2023-01-12,4547
2023-01-13,4489
2023-01-14,4393
2023-01-15,4344
2023-01-16,4380
2023-01-17,4389
2023-01-18,4451
2023-01-19,4444
2023-01-20,4497
2023-01-21,4497
2023-01-22,4487
2023-01-23,4579
2023-01-24,4715
2023-01-25,4707
2023-01-26,4761
2023-01-27,4751
2023-01-28,4816
2023-01-29,4826
2023-01-30,4887
2023-01-31,4965
2023-02-01,5112
2023-02-02,5150
2023-02-03,5283
2023-02-04,5239
2023-02-05,5193
2023-02-06,5226
2023-02-07,5320
2023-02-08,5333
2023-02-09,5342
2023-02-10,5269
2023-02-11,5214
2023-02-12,5185
2023-02-13,5122
2023-02-14,5115
2023-02-15,5072
2023-02-16,5056
2023-02-17,5019
2023-02-18,4998
2023-02-19,4842
2023-02-20,4740
2023-02-21,4686
2023-02-22,4625
2023-02-23,4607
2023-02-24,4604
2023-02-25,4707
2023-02-26,4763
2023-02-27,4900
2023-02-28,5018
2023-03-01,5221
2023-03-02,5409
2023-03-03,5561
2023-03-04,5638
2023-03-05,5570
2023-03-06,5439
2023-03-07,5361
2023-03-08,5328
2023-03-09,5263
2023-03-10,5139
2023-03-11,5077
2023-03-12,5138
2023-03-13,5159
2023-03-14,5252
2023-03-15,5293
2023-03-16,5293
2023-03-17,5375
2023-03-18,5469
2023-03-19,5507
2023-03-20,5605
2023-03-21,5591
2023-03-22,5626
2023-03-23,5692
2023-03-24,5712
2023-03-25,5765
2023-03-26,5785
2023-03-27,5789
2023-03-28,5735
2023-03-29,5667
2023-03-30,5646
2023-03-31,5618
2023-04-01,5551
2023-04-02,5515
2023-04-03,5426
2023-04-04,5423
2023-04-05,5423
2023-04-06,5454
2023-04-07,5362
2023-04-08,5412
2023-04-09,5390
2023-04-10,5406
2023-04-11,5406
2023-04-12,5378
2023-04-13,5373
2023-04-14,5478
2023-04-15,5489
2023-04-16,5510
2023-04-17,5650
2023-04-18,5804
2023-04-19,5864
2023-04-20,5914
2023-04-21,5912
2023-04-22,6003
2023-04-23,6044
2023-04-24,6047
2023-04-25,5958
2023-04-26,5958
2023-04-27,5969
2023-04-28,5969
2023-04-29,6063
2023-04-30,6259
2023-05-01,6453
2023-05-02,6589
2023-05-03,6596
2023-05-04,6645
2023-05-05,6597
2023-05-06,6520
2023-05-07,6424
2023-05-08,6349
2023-05-09,6312
2023-05-10,6371
2023-05-11,6394
2023-05-12,6349
2023-05-13,6298
2023-05-14,6214
2023-05-15,6147
2023-05-16,6067
2023-05-17,6010
2023-05-18,6051
2023-05-19,6131
2023-05-20,6184
2023-05-21,6219
2023-05-22,6060
2023-05-23,5951
2023-05-24,5884
2023-05-25,5840
2023-05-26,5854
2023-05-27,5900
2023-05-28,5770
2023-05-29,5692
2023-05-30,5611
2023-05-31,5660
2023-06-01,5598
2023-06-02,5648
2023-06-03,5789
2023-06-04,5791
2023-06-05,5832
2023-06-06,5855
2023-06-07,5832
2023-06-08,5710
2023-06-09,5688
2023-06-10,5619
2023-06-11,5619
2023-06-12,5467
2023-06-14,5308
2023-06-15,5170
2023-06-16,5069
2023-06-17,4954
2023-06-18,4890
2023-06-19,4966
2023-06-21,5021
2023-06-22,5080
2023-06-23,5165
2023-06-24,5235
2023-06-25,5264
2023-06-26,5234
2023-06-27,5251
2023-06-28,5200
2023-06-29,5168
2023-06-30,5247
2023-07-01,5383
2023-07-02,5531
2023-07-03,5539
2023-07-04,5472
2023-07-05,5449
2023-07-06,5488
2023-07-07,5523
2023-07-08,5573
2023-07-09,5570
2023-07-10,5651
2023-07-11,5652
2023-07-12,5691
2023-07-13,5692
2023-07-14,5668
2023-07-15,5689
2023-07-16,5675
2023-07-17,5675
2023-07-18,5640
2023-07-19,5586
2023-07-20,5649
2023-07-21,5523
2023-07-22,5512
2023-07-23,5495
2023-07-27,5447
2023-07-30,5465
2023-07-31,5418
2023-08-01,5384
2023-08-02,5348
2023-08-03,5324
2023-08-04,5301
2023-08-05,5327
2023-08-06,5384
2023-08-09,5362
2023-08-10,5264
2023-08-11,5154
2023-08-12,5052
2023-08-13,4901
2023-08-14,4811
2023-08-19,4180
2023-08-20,4174
2023-08-21,4221
2023-08-22,4430
2023-08-23,4631
2023-08-24,4818
2023-08-25,4796
2023-08-26,4865
2023-08-27,4899
2023-08-28,4984
2023-08-29,4966
2023-08-30,4882
2023-08-31,4869
2023-09-01,4862
2023-09-02,4920
2023-09-03,4976
2023-09-04,4976
2023-09-05,4951
2023-09-06,4941
2023-09-07,4914
2023-09-08,4891
2023-09-09,4914
2023-09-10,4869
2023-09-11,4868
2023-09-12,4873
2023-09-13,4980
2023-09-14,5003
2023-09-15,5046
2023-09-16,5068
2023-09-17,5136
2023-09-18,5249
2023-09-19,5264
2023-09-20,5341
2023-09-21,5341
2023-09-22,5309
2023-09-23,5288
2023-09-24,5331
2023-09-25,5396
2023-09-26,5548
2023-09-27,5631
2023-09-28,5583
2023-09-29,5564
2023-09-30,5543
2023-10-01,5467
2023-10-02,5408
2023-10-03,5395
2023-10-04,5295
2023-10-05,5295
2023-10-06,5251
2023-10-07,5251
2023-10-08,5258
2023-10-09,5304
2023-10-10,5337
2023-10-11,5357
2023-10-12,5357
2023-10-13,5469
2023-10-14,5423
2023-10-15,5432
2023-10-16,5444
2023-10-17,5444
2023-10-18,5456
2023-10-19,5582
2023-10-20,5585
2023-10-21,5531
2023-10-22,5548
2023-10-23,5546
2023-10-24,5548
2023-10-25,5606
2023-10-26,5518
2023-10-27,5406
2023-10-28,5400
2023-10-29,5390
2023-10-30,5374
2023-10-31,5338
2023-11-01,5324
2023-11-02,5355
2023-11-03,5415
2023-11-04,5459
2023-11-05,5485
2023-11-06,5396
2023-11-07,5375
2023-11-08,5465
2023-11-09,5468
2023-11-10,5396
2023-11-11,5283
2023-11-12,5248
2023-11-13,5225
2023-11-14,5198
2023-11-15,5178
2023-11-16,5144
2023-11-17,5234
2023-11-18,5254
2023-11-19,5253
2023-11-20,5378
2023-11-21,5396
2023-11-22,5346
2023-11-23,5291
2023-11-24,5242
2023-11-25,5189
2023-11-26,5127
2023-11-27,5078
2023-11-28,4989
2023-11-29,4926
2023-11-30,4859
2023-12-01,4781
2023-12-02,4729
2023-12-03,4733
2023-12-04,4865
2023-12-05,4958
2023-12-06,5092
2023-12-07,5092
2023-12-08,5080
2023-12-09,5026
2023-12-10,5089
2023-12-11,5087
2023-12-12,5095
2023-12-13,5059
2023-12-14,5059
2023-12-15,5005
2023-12-16,4919
2023-12-17,4936
2023-12-18,5039
2023-12-19,5073
2023-12-20,5182
2023-12-21,5182
2023-12-22,5143
2023-12-23,5087
2023-12-24,5040
2023-12-25,5040
2023-12-26,5044
2023-12-27,4984
2023-12-28,4984
2023-12-29,5005
2023-12-30,5141
2023-12-31,5172
2024-01-01,5233
2024-01-02,5247
2024-01-03,5252
2024-01-04,5314
2024-01-05,5369
2024-01-06,5545
2024-01-07,5676
2024-01-08,5689
2024-01-09,5684
2024-01-10,5697
2024-01-11,5803
2024-01-12,5891
2024-01-13,5914
2024-01-14,6005
2024-01-15,6083
2024-01-16,6041
2024-01-17,6050
2024-01-18,6093
2024-01-19,5964
2024-01-20,5889
2024-01-21,5993
2024-01-22,6147
2024-01-23,6130
2024-01-24,6078
2024-01-25,6006
2024-01-26,5877
2024-01-27,5867
2024-01-28,5748
2024-01-29,5606
2024-01-30,5497
2024-01-31,5620
2024-02-01,5791
2024-02-02,5935
2024-02-03,6018
2024-02-04,5907
2024-02-05,5825
2024-02-06,5836
2024-02-07,5993
2024-02-08,6057
2024-02-09,6167
2024-02-10,6323
2024-02-11,6300
2024-02-12,6222
2024-02-13,6259
2024-02-14,6188
2024-02-15,6022
2024-02-16,5927
2024-02-17,5851
2024-02-18,5795
2024-02-19,5693
2024-02-20,5567
2024-02-21,5431
2024-02-22,5429
2024-02-23,5343
2024-02-24,5398
2024-02-25,5483
2024-02-26,5474
2024-02-27,5549
2024-02-28,5520
2024-02-29,5579
2024-03-01,5594
2024-03-02,5620
2024-03-03,5495
2024-03-04,5495
2024-03-05,5463
2024-03-06,5483
2024-03-07,5486
2024-03-08,5453
2024-03-09,5453
2024-03-10,5381
2024-03-11,5412
2024-03-12,5345
2024-03-13,5302
2024-03-14,5292
2024-03-15,5250
2024-03-16,5250
2024-03-17,5205
2024-03-18,5215
2024-03-19,5384
2024-03-20,5464
2024-03-21,5464
2024-03-22,5571
2024-03-23,5561
2024-03-24,5643
2024-03-25,5589
2024-03-26,5494
2024-03-27,5516
2024-03-28,5485
2024-03-29,5485
2024-03-30,5478
2024-03-31,5497
2024-04-01,5493
2024-04-02,5526
2024-04-03,5655
2024-04-04,5720
2024-04-05,5789
2024-04-06,5860
2024-04-07,6036
2024-04-08,6036
2024-04-09,6180
2024-04-10,6204
2024-04-11,6323
2024-04-12,6211
2024-04-13,6066
2024-04-14,5914
2024-04-15,5845
2024-04-16,5746
2024-04-17,5680
2024-04-18,5619
2024-04-19,5657
2024-04-20,5611
2024-04-21,5547
2024-04-22,5547
2024-04-23,5517
2024-04-24,5501
2024-04-25,5477
2024-04-26,5456
2024-04-27,5595
2024-04-28,5734
2024-04-29,5845
2024-04-30,5993
2024-05-01,6018
2024-05-02,5987
2024-05-03,5864
2024-05-08,5680
2024-05-09,5698
2024-05-10,5819
2024-05-11,5916
2024-05-12,5993
2024-05-13,5995
2024-05-14,5902
2024-05-15,5858
2024-05-16,5816
2024-05-17,5794
2024-05-18,5805
2024-05-19,5714
2024-05-20,5781
2024-05-21,5721
2024-05-22,5728
2024-05-23,5684
2024-05-24,5731
2024-05-25,5731
2024-05-26,5806
2024-05-27,5937
2024-05-28,5989
2024-05-29,6031
2024-05-30,6162
2024-05-31,5986
2024-06-01,5873
2024-06-02,5719
2024-06-03,5699
2024-06-04,5719
2024-06-05,5838
2024-06-06,6030
2024-06-07,6083
2024-06-08,6174
2024-06-09,6275
2024-06-10,6454
2024-06-11,6594
2024-06-12,6663
2024-06-14,6793
2024-06-15,6804
2024-06-16,6881
2024-06-17,6881
2024-06-18,6881
2024-06-19,6769
2024-06-20,6431
2024-06-21,6337
2024-06-22,6227
2024-06-23,6204
2024-06-24,6165
2024-06-25,6145
2024-06-26,5964
2024-06-27,5987
2024-06-28,6053
2024-06-29,6134
2024-06-30,6130
2024-07-01,6103
2024-07-02,6302
2024-07-03,6271
2024-07-04,6229
2024-07-05,6098
2024-07-06,6016
2024-07-07,5943
2024-07-08,5880
2024-07-09,5823
2024-07-10,5833
2024-07-11,6037
2024-07-12,6074
2024-07-13,6105
2024-07-14,6173
2024-07-15,6173
2024-07-16,6196
2024-07-17,6264
2024-07-18,6396
2024-07-19,6531
2024-07-20,6582
2024-07-21,6582
2024-07-22,6524
2024-07-23,6488
2024-07-24,6468
2024-07-25,6446
2024-07-26,6367
2024-07-27,6320
2024-07-28,6313
2024-07-29,6313
2024-07-30,6437
2024-07-31,6568
2024-08-01,6764
2024-08-02,7026
2024-08-03,7159
2024-08-04,7033
2024-08-05,6848
2024-08-06,6682
2024-08-07,6688
2024-08-08,6980
2024-08-09,7196
2024-08-10,7410
2024-08-11,7580
2024-08-12,7734
2024-08-13,7582
2024-08-14,7625
2024-08-15,7657
2024-08-16,7705
2024-08-17,7883
2024-08-18,7826
2024-08-19,7902
2024-08-20,8059
2024-08-21,8007
2024-08-22,8176
2024-08-23,8312
2024-08-24,8462
2024-08-25,8632
2024-08-26,8688
2024-08-27,8789
2024-08-28,9039
2024-08-29,9301
2024-08-30,9603
2024-08-31,9722
2024-09-01,9541
2024-09-02,9460
2024-09-03,9330
2024-09-04,9187
2024-09-05,9131
2024-09-06,9020
2024-09-07,8838
2024-09-08,8637
2024-09-09,8402
2024-09-10,8180
2024-09-11,8285
2024-09-12,8474
2024-09-13,8517
2024-09-14,8530
2024-09-15,8517
2024-09-16,8517
2024-09-17,8409
2024-09-18,8352
2024-09-19,8296
2024-09-20,8258
2024-09-21,8132
2024-09-22,7944
2024-09-23,7808
2024-09-24,7843
2024-09-25,7929
2024-09-26,8053
2024-09-27,8055
2024-09-28,8208
2024-09-29,8197
2024-09-30,8128
2024-10-01,8130
2024-10-02,8168
2024-10-03,8340
2024-10-04,8279
2024-10-05,8346
2024-10-06,8440
2024-10-07,8331
2024-10-08,8339
2024-10-09,8234
2024-10-10,8187
2024-10-11,8139
2024-10-12,8122
2024-10-13,8063
2024-10-14,7983
2024-10-15,7907
2024-10-16,7787
2024-10-17,7687
2024-10-18,7818
2024-10-19,7969
2024-10-20,7969
2024-10-21,7865
2024-10-22,7856
2024-10-23,7739
2024-10-24,7745
2024-10-25,7742
2024-10-26,7914
2024-10-27,8210
2024-10-28,8244
2024-10-29,8292
2024-10-30,8277
2024-10-31,8249
2024-11-01,8174
2024-11-02,8151
2024-11-03,8099
2024-11-04,8059
2024-11-05,7925
2024-11-06,8039
2024-11-07,8253
2024-11-08,8253
2024-11-09,8485
2024-11-10,8707
2024-11-11,8757
2024-11-12,8740
2024-11-13,8786
2024-11-14,8699
2024-11-15,8589
2024-11-16,8513
2024-11-17,8346
2024-11-18,8171
2024-11-19,8055
2024-11-20,8018
2024-11-21,7921
2024-11-22,7823
2024-11-23,7708
2024-11-24,7635
2024-11-25,7639
2024-11-26,7574
2024-11-27,7590
2024-11-28,7743
2024-11-29,7844
2024-11-30,7868
2024-12-01,7853
2024-12-02,7818
2024-12-03,7824
2024-12-04,7567
2024-12-05,7385
2024-12-06,7433
2024-12-07,7563
2024-12-08,7611
2024-12-09,7554
2024-12-10,7465
2024-12-11,7465
2024-12-12,7355
2024-12-13,7193
2024-12-14,7001
2024-12-15,6902
2024-12-16,6665
2024-12-17,6331
2024-12-18,6165
2024-12-19,6335
2024-12-20,6535
2024-12-21,6703
2024-12-22,6697
2024-12-23,6706
2024-12-24,6883
2024-12-25,6969
2024-12-26,7098
2024-12-27,7238
2024-12-28,7346
2024-12-29,7243
2024-12-30,7170
2024-12-31,7030
2025-01-01,6958
2025-01-02,6849
2025-01-03,6771
2025-01-04,6666
2025-01-05,6662
2025-01-06,6658
2025-01-07,6686
2025-01-08,6771
2025-01-09,6909
2025-01-10,6859
2025-01-11,6787
2025-01-12,6678
2025-01-13,6594
2025-01-14,6563
2025-01-15,6573
2025-01-16,6763
2025-01-17,6959
2025-01-18,7004
2025-01-19,6997
2025-01-20,6991
2025-01-21,7059
2025-01-22,7062
2025-01-23,7025
2025-01-24,7069
2025-01-25,7069
2025-01-26,7251
2025-01-27,7176
2025-01-28,7278
2025-01-29,7297
2025-01-30,7320
2025-01-31,7373
2025-02-01,7448
2025-02-02,7479
2025-02-03,7493
2025-02-04,7546
2025-02-05,7533
2025-02-06,7531
2025-02-07,7524
2025-02-08,7482
2025-02-09,7452
2025-02-10,7469
2025-02-11,7525
2025-02-12,7579
2025-02-13,7563
2025-02-14,7529
2025-02-15,7613
2025-02-16,7666
2025-02-17,7640
2025-02-18,7654
2025-02-19,7627
2025-02-20,7617
2025-02-21,7669
2025-02-22,7654
2025-02-23,7607
2025-02-24,7592
2025-02-25,7519
2025-02-26,7403
2025-02-27,7288
2025-02-28,7285
2025-03-01,7281
2025-03-02,7224
2025-03-03,7224
2025-03-04,7191
2025-03-05,7249
2025-03-06,7251
2025-03-07,7296
2025-03-08,7356
2025-03-09,7392
2025-03-10,7380
2025-03-11,7385
2025-03-12,7368
2025-03-13,7368
2025-03-14,7369
2025-03-15,7302
2025-03-16,7228
2025-03-17,7169
2025-03-18,7293
2025-03-19,7261
2025-03-20,7206
2025-03-21,7151
2025-03-22,7151
2025-03-23,7150
2025-03-24,7248
2025-03-25,7227
2025-03-26,7329
2025-03-27,7153
2025-03-28,7322
2025-03-29,7343
2025-03-30,7285
2025-03-31,7190
2025-04-01,7186
2025-04-02,7156
2025-04-03,7127
2025-04-04,7081
2025-04-05,7086
2025-04-06,7095
2025-04-07,7062
2025-04-08,7021
2025-04-09,6982
2025-04-10,6902
2025-04-11,6861
2025-04-12,6817
2025-04-13,6817
2025-04-14,6912
2025-04-15,7046
2025-04-16,7070
2025-04-17,7063
2025-04-18,7051
2025-04-19,7051
2025-04-20,7021
2025-04-21,7042
2025-04-22,7042
2025-04-23,7048
2025-04-24,6977
2025-04-25,6865
2025-04-26,6789
2025-04-27,6753
2025-04-28,6965
2025-04-29,7118
2025-04-30,7172
2025-05-01,7209
2025-05-02,7190
2025-05-03,7139
2025-05-04,7077
2025-05-05,7077
2025-05-06,6965
2025-05-07,6897
2025-05-08,6897
2025-05-09,6855
2025-05-10,6794
2025-05-11,6785
2025-05-12,6755
2025-05-13,6800
2025-05-14,6831
2025-05-15,6893
2025-05-16,6893
2025-05-17,6860
2025-05-18,6793
2025-05-19,6764
2025-05-20,6684
2025-05-21,6684
2025-05-22,6674
2025-05-23,6699
2025-05-24,6753
2025-05-25,6652
2025-05-26,6619
2025-05-27,6571
2025-05-28,6678
2025-05-29,6733
2025-05-30,6743
2025-05-31,6655
2025-06-01,6494
2025-06-02,6396
2025-06-03,6313
2025-06-04,6338
2025-06-05,6243
2025-06-06,6207
2025-06-07,6184
2025-06-08,6144
2025-06-09,6150
2025-06-10,6119
2025-06-11,6119
2025-06-12,6059
2025-06-13,6025
2025-06-14,6025
2025-06-15,5917
2025-06-16,5942
2025-06-17,5981
2025-06-18,5990
2025-06-19,6005
2025-06-20,6045
2025-06-21,6130
2025-06-22,6072
2025-06-23,6074
2025-06-24,6028
2025-06-25,6045
2025-06-26,6004
2025-06-27,6000
2025-06-28,5971
2025-06-29,6008
2025-06-30,6016
2025-07-01,6016
2025-07-02,6072
2025-07-03,6102
2025-07-04,6126
2025-07-05,6133
2025-07-06,6063
2025-07-07,6144
2025-07-08,6157
2025-07-09,6157
2025-07-10,6185
2025-07-11,6160
2025-07-12,6160
2025-07-13,6165
2025-07-14,6165
2025-07-15,6172
2025-07-16,6172
2025-07-17,6198
2025-07-18,6129
2025-07-19,6057
2025-07-20,5839
2025-07-21,5831
2025-07-22,5831
2025-07-23,5981
2025-07-24,6016
2025-07-25,6079
2025-07-26,6059
2025-07-27,6051
2025-07-28,6042
2025-07-29,6042
2025-07-30,6070
