date,price
2008-05-21,12100
2008-05-22,12100
2008-05-23,12100
2008-05-24,12100
2008-05-25,12100
2008-05-26,12000
2008-05-27,12000
2008-05-28,12000
2008-05-29,12000
2008-05-30,11900
2008-05-31,11900
2008-06-01,11900
2008-06-02,11900
2008-06-03,12000
2008-06-04,12000
2008-06-05,12000
2008-06-06,11800
2008-06-07,11800
2008-06-08,11700
2008-06-09,11800
2008-06-10,11800
2008-06-11,11800
2008-06-12,11900
2008-06-13,11900
2008-06-14,11800
2008-06-15,11700
2008-06-16,11700
2008-06-17,11700
2008-06-18,11700
2008-06-19,11700
2008-06-20,11600
2008-06-21,11600
2008-06-22,11700
2008-06-23,11700
2008-06-24,11700
2008-06-25,11700
2008-06-26,11700
2008-06-27,11800
2008-06-28,11800
2008-06-29,11800
2008-06-30,11800
2008-07-01,11800
2008-07-02,11800
2008-07-03,11800
2008-07-04,11900
2008-07-05,11900
2008-07-06,11900
2008-07-07,11900
2008-07-08,11900
2008-07-09,12000
2008-07-10,12000
2008-07-11,11900
2008-07-12,11900
2008-07-13,11900
2008-07-14,11800
2008-07-15,11800
2008-07-16,11800
2008-07-17,11700
2008-07-18,11700
2008-07-19,11700
2008-07-20,11700
2008-07-21,11700
2008-07-22,11700
2008-07-23,11700
2008-07-24,11700
2008-07-25,11700
2008-07-26,11700
2008-07-27,11700
2008-07-28,11700
2008-07-29,11700
2008-07-30,11700
2008-07-31,11800
2008-08-01,11800
2008-08-02,11900
2008-08-03,12000
2008-08-04,12100
2008-08-05,12100
2008-08-06,12100
2008-08-07,12200
2008-08-08,12100
2008-08-09,11900
2008-08-10,11900
2008-08-11,11900
2008-08-12,11900
2008-08-13,11900
2008-08-14,11900
2008-08-15,11900
2008-08-16,11900
2008-08-17,11900
2008-08-18,11900
2008-08-19,11900
2008-08-20,11800
2008-08-21,11800
2008-08-22,11900
2008-08-23,11900
2008-08-24,11900
2008-08-25,12000
2008-08-26,12000
2008-08-27,12000
2008-08-28,12000
2008-08-29,12000
2008-08-30,12100
2008-08-31,12100
2008-09-01,12100
2008-09-02,12100
2008-09-03,12000
2008-09-04,12000
2008-09-05,12000
2008-09-06,12000
2008-09-07,12000
2008-09-08,12000
2008-09-09,12000
2008-09-10,12100
2008-09-11,12100
2008-09-12,12100
2008-09-13,12100
2008-09-14,12100
2008-09-15,12200
2008-09-16,12200
2008-09-17,12200
2008-09-18,12200
2008-09-19,12100
2008-09-20,12100
2008-09-21,12000
2008-09-22,11900
2008-09-23,12000
2008-09-24,12000
2008-09-25,12000
2008-09-26,12000
2008-09-27,12000
2008-09-28,12000
2008-09-29,12000
2008-09-30,12100
2008-10-01,12300
2008-10-02,12300
2008-10-03,12300
2008-10-04,12200
2008-10-05,12200
2008-10-06,12100
2008-10-07,12100
2008-10-08,12100
2008-10-09,12100
2008-10-10,12200
2008-10-11,12200
2008-10-12,12200
2008-10-13,12200
2008-10-14,12200
2008-10-15,12200
2008-10-16,12600
2008-10-17,12900
2008-10-18,13500
2008-10-19,14900
2008-10-20,14900
2008-10-21,15600
2008-10-22,16400
2008-10-23,16500
2008-10-24,16500
2008-10-25,15200
2008-10-26,15200
2008-10-27,15400
2008-10-28,16200
2008-10-29,16800
2008-10-30,17200
2008-10-31,17500
2008-11-01,17700
2008-11-02,18300
2008-11-03,18600
2008-11-04,18900
2008-11-05,18900
2008-11-06,19100
2008-11-07,18900
2008-11-08,18400
2008-11-09,18100
2008-11-10,17900
2008-11-11,17900
2008-11-12,17900
2008-11-13,17800
2008-11-14,17400
2008-11-15,17300
2008-11-16,17700
2008-11-17,18000
2008-11-18,18000
2008-11-19,18000
2008-11-20,18000
2008-11-21,18000
2008-11-22,18000
2008-11-23,18200
2008-11-24,18500
2008-11-25,18600
2008-11-26,18600
2008-11-27,18600
2008-11-28,18500
2008-11-29,18500
2008-11-30,18400
2008-12-01,18400
2008-12-02,18300
2008-12-03,18300
2008-12-04,18200
2008-12-05,17800
2008-12-06,17500
2008-12-07,17500
2008-12-08,17500
2008-12-09,17500
2008-12-10,17400
2008-12-11,17500
2008-12-12,17500
2008-12-13,17800
2008-12-14,18100
2008-12-15,18300
2008-12-16,18300
2008-12-17,18100
2008-12-18,17800
2008-12-19,17900
2008-12-20,17900
2008-12-21,18100
2008-12-22,18100
2008-12-23,17900
2008-12-24,17900
2008-12-25,17900
2008-12-26,17900
2008-12-27,17900
2008-12-28,17600
2008-12-29,17500
2008-12-30,17400
2008-12-31,17400
2009-01-01,17400
2009-01-02,17300
2009-01-03,16800
2009-01-04,16600
2009-01-05,16400
2009-01-06,16300
2009-01-07,16200
2009-01-08,16200
2009-01-09,16100
2009-01-10,15700
2009-01-11,15700
2009-01-12,15600
2009-01-13,15800
2009-01-14,15800
2009-01-15,16300
2009-01-16,16500
2009-01-17,16400
2009-01-18,16500
2009-01-19,16500
2009-01-20,16800
2009-01-21,16700
2009-01-22,16700
2009-01-23,16100
2009-01-24,16100
2009-01-25,16000
2009-01-26,16000
2009-01-27,16200
2009-01-28,15900
2009-01-29,15900
2009-01-30,15700
2009-01-31,15800
2009-02-01,16000
2009-02-02,16000
2009-02-03,16000
2009-02-04,16100
2009-02-05,16100
2009-02-06,16100
2009-02-07,16200
2009-02-08,16200
2009-02-09,16100
2009-02-10,16100
2009-02-11,16100
2009-02-12,16100
2009-02-13,16000
2009-02-14,16100
2009-02-15,16100
2009-02-16,16100
2009-02-17,16100
2009-02-18,16100
2009-02-19,16000
2009-02-20,16000
2009-02-21,15800
2009-02-22,15800
2009-02-23,15900
2009-02-24,15900
2009-02-25,15800
2009-02-26,15600
2009-02-27,15500
2009-02-28,15600
2009-03-01,15600
2009-03-02,15700
2009-03-03,15600
2009-03-04,15600
2009-03-05,15600
2009-03-06,15600
2009-03-07,15600
2009-03-08,15600
2009-03-09,15700
2009-03-10,15700
2009-03-11,15700
2009-03-12,15700
2009-03-13,15800
2009-03-14,15800
2009-03-15,15900
2009-03-16,15900
2009-03-17,15900
2009-03-18,15900
2009-03-19,16000
2009-03-20,16000
2009-03-21,16000
2009-03-22,16000
2009-03-23,15800
2009-03-24,15800
2009-03-25,15700
2009-03-26,15600
2009-03-27,15600
2009-03-28,15600
2009-03-29,15600
2009-03-30,15600
2009-03-31,15700
2009-04-01,15700
2009-04-02,15700
2009-04-03,15700
2009-04-04,15800
2009-04-05,15800
2009-04-06,15800
2009-04-07,15800
2009-04-08,15600
2009-04-09,15600
2009-04-10,15600
2009-04-11,15600
2009-04-12,15600
2009-04-13,15600
2009-04-14,15600
2009-04-15,15300
2009-04-16,15200
2009-04-17,15200
2009-04-18,15300
2009-04-19,15300
2009-04-20,15300
2009-04-21,15300
2009-04-22,15000
2009-04-23,14900
2009-04-24,15000
2009-04-25,15100
2009-04-26,15200
2009-04-27,15300
2009-04-28,15400
2009-04-29,15400
2009-04-30,15400
2009-05-01,15400
2009-05-02,15500
2009-05-03,15400
2009-05-04,15400
2009-05-05,15400
2009-05-06,15500
2009-05-07,16200
2009-05-08,16800
2009-05-09,16800
2009-05-10,16000
2009-05-11,15500
2009-05-12,15600
2009-05-13,15800
2009-05-14,15900
2009-05-15,15700
2009-05-16,15700
2009-05-17,15600
2009-05-18,15600
2009-05-19,15600
2009-05-20,15500
2009-05-21,15300
2009-05-22,15200
2009-05-23,15200
2009-05-24,15200
2009-05-25,15200
2009-05-26,15200
2009-05-27,15200
2009-05-28,14500
2009-05-29,14500
2009-05-30,14500
2009-05-31,14900
2009-06-01,14900
2009-06-02,14500
2009-06-03,14500
2009-06-04,15300
2009-06-05,15900
2009-06-06,15900
2009-06-07,15600
2009-06-08,14900
2009-06-09,14300
2009-06-10,14300
2009-06-11,14500
2009-06-12,14600
2009-06-13,14600
2009-06-14,14200
2009-06-15,14200
2009-06-16,14100
2009-06-17,13800
2009-06-18,13900
2009-06-19,13900
2009-06-20,13800
2009-06-21,13800
2009-06-22,13700
2009-06-23,13600
2009-06-24,13400
2009-06-25,13500
2009-06-26,13500
2009-06-27,13500
2009-06-28,13300
2009-06-29,13300
2009-06-30,13300
2009-07-01,13200
2009-07-02,13200
2009-07-03,13600
2009-07-04,13800
2009-07-05,13800
2009-07-06,13600
2009-07-07,13500
2009-07-08,13600
2009-07-09,13600
2009-07-10,13600
2009-07-11,13400
2009-07-12,13400
2009-07-13,13300
2009-07-14,13500
2009-07-15,13900
2009-07-16,14600
2009-07-17,15200
2009-07-18,14800
2009-07-19,13400
2009-07-20,13400
2009-07-21,13500
2009-07-22,13700
2009-07-23,13700
2009-07-24,13700
2009-07-25,13600
2009-07-26,13700
2009-07-27,13700
2009-07-28,13700
2009-07-29,13900
2009-07-30,13900
2009-07-31,14000
2009-08-01,14100
2009-08-02,14000
2009-08-03,14000
2009-08-04,14000
2009-08-05,14100
2009-08-06,14100
2009-08-07,14000
2009-08-08,14000
2009-08-09,14100
2009-08-10,14200
2009-08-11,14200
2009-08-12,14100
2009-08-13,14100
2009-08-14,14000
2009-08-15,14000
2009-08-16,14000
2009-08-17,14000
2009-08-18,14100
2009-08-19,14100
2009-08-20,14100
2009-08-21,14400
2009-08-22,14400
2009-08-23,14300
2009-08-24,14300
2009-08-25,14600
2009-08-26,14600
2009-08-27,14500
2009-08-28,14500
2009-08-29,14500
2009-08-30,14500
2009-08-31,14600
2009-09-01,14600
2009-09-02,14700
2009-09-03,14700
2009-09-04,14700
2009-09-05,14800
2009-09-06,14800
2009-09-07,15100
2009-09-08,15100
2009-09-09,15100
2009-09-10,14700
2009-09-11,14600
2009-09-12,14600
2009-09-13,14800
2009-09-14,15000
2009-09-15,15100
2009-09-16,15000
2009-09-17,15000
2009-09-18,14900
2009-09-19,14900
2009-09-20,14800
2009-09-21,14800
2009-09-22,15000
2009-09-23,15100
2009-09-24,15100
2009-09-25,15100
2009-09-26,15100
2009-09-27,15100
2009-09-28,15000
2009-09-29,15000
2009-09-30,15000
2009-10-01,15000
2009-10-02,15100
2009-10-03,15100
2009-10-04,15000
2009-10-05,15100
2009-10-06,15100
2009-10-07,15200
2009-10-08,15200
2009-10-09,15300
2009-10-10,15200
2009-10-11,15200
2009-10-12,15200
2009-10-13,15100
2009-10-14,15100
2009-10-15,15100
2009-10-16,15000
2009-10-17,15000
2009-10-18,15000
2009-10-19,15000
2009-10-20,15000
2009-10-21,15000
2009-10-22,15000
2009-10-23,15000
2009-10-24,15000
2009-10-25,15000
2009-10-26,15000
2009-10-27,15000
2009-10-28,15000
2009-10-29,15000
2009-10-30,15000
2009-10-31,15000
2009-11-01,15000
2009-11-02,15200
2009-11-03,15200
2009-11-04,15300
2009-11-05,15300
2009-11-06,15300
2009-11-07,15400
2009-11-08,15400
2009-11-09,15500
2009-11-10,15800
2009-11-11,15800
2009-11-12,15800
2009-11-13,15900
2009-11-14,16000
2009-11-15,16100
2009-11-16,16100
2009-11-17,16000
2009-11-18,15900
2009-11-19,15900
2009-11-20,15900
2009-11-21,16100
2009-11-22,16200
2009-11-23,16200
2009-11-24,16200
2009-11-25,16200
2009-11-26,16200
2009-11-27,16200
2009-11-28,16200
2009-11-29,16300
2009-11-30,16300
2009-12-01,16300
2009-12-02,16300
2009-12-03,16400
2009-12-04,16600
2009-12-05,16600
2009-12-06,16800
2009-12-07,16900
2009-12-08,16900
2009-12-09,17000
2009-12-10,17600
2009-12-11,17600
2009-12-12,17700
2009-12-13,17300
2009-12-14,17000
2009-12-15,16900
2009-12-16,16900
2009-12-17,17100
2009-12-18,17100
2009-12-19,17200
2009-12-20,17300
2009-12-21,17200
2009-12-22,17200
2009-12-23,16800
2009-12-24,16900
2009-12-25,17000
2009-12-26,16600
2009-12-27,16600
2009-12-28,16600
2009-12-29,16800
2009-12-30,16800
2009-12-31,17000
2010-01-01,17100
2010-01-02,16900
2010-01-03,16600
2010-01-04,17000
2010-01-05,17000
2010-01-06,17000
2010-01-07,16800
2010-01-08,16400
2010-01-09,16600
2010-01-10,16800
2010-01-11,16800
2010-01-12,16900
2010-01-13,16900
2010-01-14,16900
2010-01-15,16900
2010-01-16,17200
2010-01-17,17300
2010-01-18,17300
2010-01-19,17000
2010-01-20,17000
2010-01-21,17200
2010-01-22,17200
2010-01-23,17200
2010-01-24,17300
2010-01-25,17300
2010-01-26,17100
2010-01-27,17000
2010-01-28,17000
2010-01-29,17100
2010-01-30,17100
2010-01-31,17100
2010-02-01,17100
2010-02-02,17100
2010-02-03,17100
2010-02-04,17100
2010-02-05,17200
2010-02-06,17300
2010-02-07,17300
2010-02-08,17400
2010-02-09,17400
2010-02-10,17200
2010-02-11,17000
2010-02-12,17100
2010-02-13,17100
2010-02-14,17300
2010-02-15,17300
2010-02-16,17300
2010-02-17,17300
2010-02-18,17100
2010-02-19,17100
2010-02-20,17100
2010-02-21,17000
2010-02-22,17100
2010-02-23,17100
2010-02-24,17100
2010-02-25,17000
2010-02-26,16900
2010-02-27,16900
2010-02-28,17100
2010-03-01,17300
2010-03-02,17200
2010-03-03,17100
2010-03-04,16900
2010-03-05,16900
2010-03-06,17100
2010-03-07,17200
2010-03-08,17200
2010-03-09,17100
2010-03-10,17000
2010-03-11,17000
2010-03-12,17000
2010-03-13,17200
2010-03-14,17200
2010-03-15,17200
2010-03-16,17200
2010-03-17,17000
2010-03-18,17000
2010-03-19,17100
2010-03-20,17100
2010-03-21,17100
2010-03-22,17200
2010-03-23,17200
2010-03-24,17200
2010-03-25,17200
2010-03-26,17200
2010-03-27,17200
2010-03-28,17100
2010-03-29,17100
2010-03-30,17100
2010-03-31,17100
2010-04-01,17100
2010-04-02,17100
2010-04-03,17100
2010-04-04,17000
2010-04-05,17000
2010-04-06,16900
2010-04-07,16900
2010-04-08,17000
2010-04-09,17000
2010-04-10,17000
2010-04-11,17100
2010-04-12,17100
2010-04-13,17000
2010-04-14,17000
2010-04-15,16800
2010-04-16,16800
2010-04-17,16800
2010-04-18,16900
2010-04-19,16900
2010-04-20,16900
2010-04-21,17000
2010-04-22,17000
2010-04-23,17000
2010-04-24,17000
2010-04-25,17000
2010-04-26,17000
2010-04-27,17100
2010-04-28,17300
2010-04-29,17300
2010-04-30,17300
2010-05-01,17400
2010-05-02,17500
2010-05-03,17500
2010-05-04,17500
2010-05-05,17600
2010-05-06,17600
2010-05-07,17600
2010-05-08,17600
2010-05-09,17800
2010-05-10,17800
2010-05-11,17900
2010-05-12,18000
2010-05-13,17900
2010-05-14,17600
2010-05-15,17800
2010-05-16,18100
2010-05-17,18200
2010-05-18,18100
2010-05-19,18300
2010-05-20,18300
2010-05-21,18400
2010-05-22,18300
2010-05-23,18300
2010-05-24,18200
2010-05-25,18200
2010-05-26,18500
2010-05-27,18500
2010-05-28,18700
2010-05-29,18900
2010-05-30,18900
2010-05-31,18800
2010-06-01,18800
2010-06-02,19200
2010-06-03,19200
2010-06-04,19400
2010-06-05,19600
2010-06-06,19800
2010-06-07,19600
2010-06-08,19300
2010-06-09,19200
2010-06-10,19000
2010-06-11,18600
2010-06-12,18600
2010-06-13,18800
2010-06-14,19100
2010-06-15,19100
2010-06-16,19200
2010-06-17,19200
2010-06-18,19200
2010-06-19,19200
2010-06-20,19000
2010-06-21,19000
2010-06-22,19100
2010-06-23,19100
2010-06-24,19100
2010-06-25,19100
2010-06-26,19000
2010-06-27,19000
2010-06-28,18900
2010-06-29,18800
2010-06-30,18900
2010-07-01,18900
2010-07-02,19000
2010-07-03,19100
2010-07-04,19000
2010-07-05,18700
2010-07-06,18700
2010-07-07,18700
2010-07-08,18800
2010-07-09,18800
2010-07-10,18800
2010-07-11,18700
2010-07-12,18700
2010-07-13,18700
2010-07-14,18700
2010-07-15,18100
2010-07-16,18100
2010-07-17,18100
2010-07-18,18300
2010-07-19,18300
2010-07-20,17800
2010-07-21,17800
2010-07-22,16400
2010-07-23,16300
2010-07-24,16300
2010-07-25,15900
2010-07-26,15600
2010-07-27,15500
2010-07-28,15700
2010-07-29,16100
2010-07-30,16100
2010-07-31,16200
2010-08-01,16200
2010-08-02,16300
2010-08-03,16300
2010-08-04,16200
2010-08-05,15800
2010-08-06,15600
2010-08-07,15000
2010-08-08,14400
2010-08-09,14000
2010-08-10,13800
2010-08-11,14900
2010-08-12,14900
2010-08-13,15400
2010-08-14,15600
2010-08-15,15000
2010-08-16,14400
2010-08-17,14400
2010-08-18,14400
2010-08-19,13900
2010-08-20,13900
2010-08-21,13900
2010-08-22,14300
2010-08-23,14100
2010-08-24,13900
2010-08-25,14000
2010-08-26,14400
2010-08-27,14100
2010-08-28,14100
2010-08-29,13900
2010-08-30,14200
2010-08-31,14000
2010-09-01,14000
2010-09-02,14100
2010-09-03,13900
2010-09-04,13700
2010-09-05,13500
2010-09-06,13500
2010-09-07,13200
2010-09-08,13200
2010-09-09,13300
2010-09-10,13500
2010-09-11,13600
2010-09-12,13600
2010-09-13,13600
2010-09-14,13700
2010-09-15,13700
2010-09-16,13600
2010-09-17,13600
2010-09-18,13700
2010-09-19,13700
2010-09-20,13800
2010-09-21,13800
2010-09-22,13700
2010-09-23,13700
2010-09-24,13600
2010-09-25,13400
2010-09-26,13400
2010-09-27,13500
2010-09-28,13700
2010-09-29,13700
2010-09-30,13700
2010-10-01,13700
2010-10-02,13700
2010-10-03,13700
2010-10-04,13700
2010-10-05,13700
2010-10-06,13700
2010-10-07,13700
2010-10-08,13700
2010-10-09,13700
2010-10-10,13600
2010-10-11,13700
2010-10-12,13700
2010-10-13,13600
2010-10-14,13500
2010-10-15,13500
2010-10-16,13500
2010-10-17,13600
2010-10-18,13600
2010-10-19,13400
2010-10-20,13400
2010-10-21,13500
2010-10-22,13500
2010-10-23,13500
2010-10-24,13600
2010-10-25,13600
2010-10-26,13600
2010-10-27,13600
2010-10-28,13600
2010-10-29,13700
2010-10-30,13700
2010-10-31,13800
2010-11-01,13800
2010-11-02,13900
2010-11-03,13900
2010-11-04,13900
2010-11-05,13800
2010-11-07,13800
2010-11-08,13700
2010-11-09,13700
2010-11-10,13700
2010-11-11,13700
2010-11-12,13700
2010-11-13,13800
2010-11-14,13800
2010-11-15,13800
2010-11-16,13800
2010-11-17,13900
2010-11-18,13900
2010-11-19,14000
2010-11-20,14100
2010-11-21,14100
2010-11-22,14100
2010-11-23,14000
2010-11-24,13900
2010-11-25,13800
2010-11-26,13800
2010-11-27,13900
2010-11-28,14100
2010-11-29,14100
2010-11-30,14100
2010-12-01,13900
2010-12-02,13900
2010-12-03,13900
2010-12-04,13900
2010-12-05,13800
2010-12-06,13800
2010-12-07,13800
2010-12-08,13800
2010-12-09,13900
2010-12-10,13900
2010-12-11,13900
2010-12-12,13800
2010-12-13,13900
2010-12-14,13900
2010-12-15,13800
2010-12-16,13900
2010-12-17,13800
2010-12-18,13800
2010-12-19,13900
2010-12-20,13900
2010-12-21,13900
2010-12-22,13900
2010-12-23,13900
2010-12-24,13900
2010-12-25,13900
2010-12-26,13900
2010-12-27,13900
2010-12-28,13900
2010-12-29,13900
2010-12-30,13900
2010-12-31,13800
2011-01-01,13800
2011-01-02,14000
2011-01-03,13900
2011-01-04,13700
2011-01-05,13800
2011-01-06,13400
2011-01-07,13100
2011-01-08,12800
2011-01-09,12947
2011-01-10,12900
2011-01-11,13300
2011-01-12,13200
2011-01-13,13100
2011-01-14,12700
2011-01-15,12800
2011-01-16,12800
2011-01-17,12900
2011-01-18,12908
2011-01-19,13017
2011-01-20,13275
2011-01-21,13300
2011-01-22,14100
2011-01-23,15300
2011-01-24,13800
2011-01-25,13700
2011-01-26,13800
2011-01-27,13800
2011-01-28,13600
2011-01-29,13400
2011-01-30,13400
2011-01-31,13300
2011-02-01,13300
2011-02-03,12034
2011-02-04,12034
2011-02-05,11744
2011-02-06,11700
2011-02-07,11800
2011-02-08,12000
2011-02-09,12000
2011-02-10,12200
2011-02-11,12200
2011-02-12,11900
2011-02-13,11708
2011-02-14,11700
2011-02-15,11800
2011-02-16,11800
2011-02-17,11500
2011-02-18,11541
2011-02-19,11400
2011-02-20,11400
2011-02-21,10000
2011-02-22,11200
2011-02-23,10862
2011-02-24,10700
2011-02-25,10900
2011-02-26,10889
2011-02-27,11000
2011-02-28,10800
2011-03-01,10700
2011-03-02,10700
2011-03-03,10600
2011-03-04,10600
2011-03-05,10600
2011-03-06,11100
2011-03-07,10600
2011-03-08,10700
2011-03-09,10700
2011-03-10,11200
2011-03-11,10900
2011-03-12,10600
2011-03-13,10600
2011-03-14,10700
2011-03-15,10600
2011-03-16,10600
2011-03-17,10200
2011-03-18,10200
2011-03-19,10200
2011-03-20,10400
2011-03-21,10400
2011-03-22,10900
2011-03-23,10500
2011-03-24,10300
2011-03-25,10300
2011-03-26,10300
2011-03-27,10400
2011-03-28,10500
2011-03-29,10600
2011-03-30,10595
2011-03-31,10600
2011-04-01,10500
2011-04-02,10500
2011-04-03,10500
2011-04-04,10500
2011-04-05,10654
2011-04-06,10700
2011-04-07,10800
2011-04-08,10800
2011-04-09,10800
2011-04-10,10900
2011-04-11,11000
2011-04-12,11000
2011-04-13,11200
2011-04-14,11200
2011-04-15,11400
2011-04-16,11300
2011-04-17,11400
2011-04-18,11200
2011-04-19,11100
2011-04-20,11100
2011-04-21,11100
2011-04-22,11200
2011-04-23,11200
2011-04-24,11700
2011-04-25,11200
2011-04-26,11100
2011-04-27,11000
2011-04-28,10900
2011-04-29,10900
2011-04-30,11000
2011-05-01,10953
2011-05-02,10900
2011-05-03,10800
2011-05-04,10800
2011-05-05,10869
2011-05-06,10900
2011-05-07,10901
2011-05-08,10956
2011-05-09,11100
2011-05-10,11100
2011-05-11,11200
2011-05-12,11200
2011-05-13,11100
2011-05-14,11100
2011-05-15,11000
2011-05-16,11034
2011-05-17,11000
2011-05-18,11000
2011-05-19,11100
2011-05-20,11100
2011-05-21,11100
2011-05-22,11100
2011-05-23,11131
2011-05-24,11200
2011-05-25,11200
2011-05-26,11200
2011-05-27,11100
2011-05-28,11177
2011-05-29,11200
2011-05-30,11111
2011-05-31,11087
2011-06-01,11051
2011-06-02,11021
2011-06-03,11000
2011-06-04,11060
2011-06-05,11060
2011-06-06,11070
2011-06-07,11100
2011-06-08,11000
2011-06-09,11042
2011-06-10,11089
2011-06-11,11100
2011-06-12,11182
2011-06-13,11200
2011-06-14,11138
2011-06-15,11100
2011-06-16,11121
2011-06-17,11040
2011-06-18,11000
2011-06-19,11020
2011-06-20,11000
2011-06-21,11100
2011-06-22,11062
2011-06-23,11054
2011-06-24,11055
2011-06-25,11100
2011-06-26,11000
2011-06-27,10982
2011-06-28,10982
2011-06-29,10963
2011-06-30,11003
2011-07-01,11000
2011-07-02,11000
2011-07-03,10900
2011-07-04,10800
2011-07-05,10691
2011-07-06,10700
2011-07-07,10830
2011-07-08,10800
2011-07-09,10900
2011-07-10,10800
2011-07-11,10700
2011-07-12,10696
2011-07-13,10691
2011-07-14,10691
2011-07-15,10766
2011-07-16,10714
2011-07-17,10700
2011-07-18,10665
2011-07-19,10631
2011-07-20,10600
2011-07-21,10675
2011-07-22,10800
2011-07-23,10900
2011-07-24,10800
2011-07-25,10804
2011-07-26,10748
2011-07-27,10700
2011-07-28,10680
2011-07-29,10600
2011-07-30,10560
2011-07-31,10538
2011-08-01,10500
2011-08-02,10573
2011-08-03,10600
2011-08-04,10636
2011-08-05,10681
2011-08-06,10700
2011-08-07,10715
2011-08-08,10721
2011-08-09,10747
2011-08-10,10733
2011-08-11,10700
2011-08-12,10800
2011-08-13,10900
2011-08-14,10800
2011-08-15,10826
2011-08-16,10817
2011-08-17,10829
2011-08-18,10800
2011-08-19,10785
2011-08-20,10696
2011-08-21,10500
2011-08-22,10477
2011-08-23,10477
2011-08-24,10523
2011-08-25,10572
2011-08-26,10600
2011-08-27,10635
2011-08-28,10600
2011-08-29,10552
2011-08-30,10510
2011-08-31,10500
2011-09-01,10485
2011-09-02,10476
2011-09-03,10487
2011-09-04,10473
2011-09-05,10478
2011-09-06,10508
2011-09-07,10500
2011-09-08,10546
2011-09-09,10550
2011-09-10,10600
2011-09-11,10700
2011-09-12,10948
2011-09-13,10899
2011-09-14,10800
2011-09-15,10800
2011-09-16,10700
2011-09-17,10627
2011-09-18,10700
2011-09-19,10737
2011-09-20,10736
2011-09-21,10685
2011-09-22,10636
2011-09-23,10600
2011-09-24,10554
2011-09-25,10600
2011-09-26,10800
2011-09-27,10800
2011-09-28,10625
2011-09-29,10600
2011-09-30,10641
2011-10-01,10700
2011-10-02,10744
2011-10-03,10800
2011-10-04,10710
2011-10-05,10700
2011-10-06,10709
2011-10-07,10711
2011-10-08,10709
2011-10-09,10707
2011-10-10,10797
2011-10-11,10800
2011-10-12,10779
2011-10-13,10776
2011-10-14,10761
2011-10-15,10765
2011-10-16,10765
2011-10-17,11000
2011-10-18,11026
2011-10-19,10998
2011-10-20,10962
2011-10-21,10952
2011-10-22,11085
2011-10-23,11321
2011-10-24,11472
2011-10-25,11546
2011-10-26,11546
2011-10-27,10835
2011-10-28,10835
2011-10-29,10500
2011-10-30,10586
2011-10-31,10738
2011-11-01,10858
2011-11-02,10900
2011-11-03,11000
2011-11-04,11100
2011-11-05,10831
2011-11-06,10800
2011-11-07,11000
2011-11-08,11063
2011-11-09,11002
2011-11-10,10920
2011-11-11,10900
2011-11-12,10852
2011-11-13,10840
2011-11-14,10730
2011-11-15,10884
2011-11-16,10911
2011-11-17,10852
2011-11-18,10946
2011-11-19,11000
2011-11-20,10955
2011-11-21,10859
2011-11-22,10949
2011-11-23,10907
2011-11-24,10942
2011-11-25,10800
2011-11-26,10900
2011-11-27,10870
2011-11-28,10845
2011-11-29,10800
2011-11-30,10834
2011-12-01,10805
2011-12-02,10800
2011-12-03,10849
2011-12-04,11000
2011-12-05,10960
2011-12-06,10978
2011-12-07,10925
2011-12-08,10893
2011-12-09,10943
2011-12-10,10903
2011-12-11,10893
2011-12-12,10888
2011-12-13,10921
2011-12-14,10866
2011-12-15,10891
2011-12-16,10872
2011-12-17,10760
2011-12-18,10726
2011-12-19,10797
2011-12-20,10780
2011-12-21,10746
2011-12-22,10698
2011-12-23,10728
2011-12-24,10668
2011-12-25,10668
2011-12-26,10662
2011-12-27,10627
2011-12-28,10717
2011-12-29,10739
2011-12-30,10743
2011-12-31,10741
2012-01-01,10730
2012-01-02,10704
2012-01-03,10637
2012-01-04,10637
2012-01-05,10626
2012-01-06,10638
2012-01-07,10578
2012-01-08,10667
2012-01-09,10728
2012-01-10,10721
2012-01-11,10716
2012-01-12,10705
2012-01-13,10690
2012-01-14,10704
2012-01-15,10862
2012-01-16,10901
2012-01-17,10859
2012-01-18,10792
2012-01-19,10759
2012-01-20,10708
2012-01-21,10714
2012-01-22,10641
2012-01-23,10611
2012-01-24,10597
2012-01-25,10574
2012-01-26,10634
2012-01-27,10637
2012-01-28,10572
2012-01-29,10460
2012-01-30,10401
2012-01-31,10382
2012-02-01,10396
2012-02-02,10423
2012-02-03,10445
2012-02-04,10371
2012-02-05,10279
2012-02-06,10307
2012-02-07,10377
2012-02-08,10462
2012-02-09,10440
2012-02-10,10415
2012-02-11,10361
2012-02-12,10392
2012-02-13,10432
2012-02-14,10295
2012-02-15,10261
2012-02-16,10182
2012-02-17,10178
2012-02-18,10183
2012-02-19,10299
2012-02-20,10243
2012-02-21,10271
2012-02-22,10268
2012-02-23,10340
2012-02-24,10388
2012-02-25,10429
2012-02-26,10394
2012-02-27,10417
2012-02-28,10433
2012-02-29,10431
2012-03-01,10454
2012-03-02,10461
2012-03-03,10525
2012-03-04,10554
2012-03-05,10586
2012-03-06,10586
2012-03-07,10555
2012-03-08,10542
2012-03-09,10491
2012-03-10,10388
2012-03-11,10335
2012-03-12,10376
2012-03-13,10450
2012-03-14,10530
2012-03-15,10575
2012-03-16,10577
2012-03-17,10584
2012-03-18,10556
2012-03-19,10524
2012-03-20,10675
2012-03-21,10625
2012-03-22,10658
2012-03-23,10660
2012-03-24,10662
2012-03-25,10664
2012-03-26,10666
2012-03-27,10668
2012-03-28,10605
2012-03-29,10615
2012-03-30,10623
2012-03-31,10614
2012-04-01,10640
2012-04-02,10591
2012-04-03,10644
2012-04-04,10607
2012-04-05,10599
2012-04-06,10606
2012-04-07,10629
2012-04-08,10695
2012-04-09,10711
2012-04-10,10705
2012-04-11,10694
2012-04-12,10659
2012-04-13,10593
2012-04-14,10634
2012-04-15,10636
2012-04-16,10714
2012-04-17,10734
2012-04-18,10685
2012-04-19,10695
2012-04-20,10768
2012-04-21,10838
2012-04-22,10852
2012-04-23,10843
2012-04-24,10823
2012-04-25,10885
2012-04-26,10913
2012-04-27,10936
2012-04-28,10933
2012-04-29,10919
2012-04-30,10911
2012-05-01,10911
2012-05-02,10898
2012-05-03,10868
2012-05-04,10863
2012-05-05,10833
2012-05-06,10847
2012-05-07,10798
2012-05-08,10773
2012-05-09,10663
2012-05-10,10651
2012-05-11,10672
2012-05-12,10665
2012-05-13,10654
2012-05-14,10651
2012-05-15,10621
2012-05-16,10595
2012-05-17,10586
2012-05-18,10552
2012-05-19,10531
2012-05-20,10321
2012-05-21,10282
2012-05-22,10232
2012-05-23,10223
2012-05-24,10236
2012-05-25,10308
2012-05-26,10439
2012-05-27,10596
2012-05-28,10622
2012-05-29,10721
2012-05-30,10494
2012-05-31,10333
2012-06-01,10427
2012-06-02,10603
2012-06-03,10602
2012-06-04,10585
2012-06-05,10554
2012-06-06,10466
2012-06-07,10479
2012-06-08,10546
2012-06-09,10628
2012-06-10,10653
2012-06-11,10727
2012-06-12,10762
2012-06-13,10757
2012-06-14,10728
2012-06-15,10689
2012-06-16,10727
2012-06-17,10698
2012-06-18,10635
2012-06-19,10672
2012-06-20,10676
2012-06-21,10692
2012-06-22,10685
2012-06-23,10664
2012-06-24,10595
2012-06-25,10489
2012-06-26,10510
2012-06-27,10517
2012-06-28,10565
2012-06-29,10568
2012-06-30,10528
2012-07-01,10522
2012-07-02,10524
2012-07-03,10456
2012-07-04,10468
2012-07-05,10420
2012-07-06,10440
2012-07-07,10535
2012-07-08,10379
2012-07-09,10328
2012-07-10,10301
2012-07-11,10367
2012-07-12,10378
2012-07-13,10354
2012-07-14,10389
2012-07-15,10345
2012-07-16,10350
2012-07-17,10263
2012-07-18,10088
2012-07-19,10224
2012-07-20,10178
2012-07-21,10264
2012-07-22,10297
2012-07-23,10306
2012-07-24,10321
2012-07-25,10292
2012-07-26,10294
2012-07-27,10345
2012-07-28,10316
2012-07-29,10294
2012-07-30,10250
2012-07-31,10279
2012-08-01,10310
2012-08-02,10290
2012-08-03,10322
2012-08-04,10324
2012-08-05,10339
2012-08-06,10381
2012-08-07,10459
2012-08-08,10426
2012-08-09,10372
2012-08-10,10355
2012-08-11,10387
2012-08-12,10361
2012-08-13,10358
2012-08-14,10311
2012-08-15,10316
2012-08-16,10339
2012-08-17,10380
2012-08-18,10465
2012-08-19,10532
2012-08-20,10600
2012-08-21,10609
2012-08-22,10443
2012-08-23,10462
2012-08-24,10500
2012-08-25,10517
2012-08-26,10609
2012-08-27,10618
2012-08-28,10550
2012-08-29,10582
2012-08-30,10504
2012-08-31,10489
2012-09-01,10454
2012-09-02,10443
2012-09-03,10444
2012-09-04,10508
2012-09-05,10585
2012-09-06,10472
2012-09-07,10470
2012-09-08,10496
2012-09-09,10786
2012-09-10,10885
2012-09-11,10918
2012-09-12,10926
2012-09-13,11004
2012-09-14,11084
2012-09-15,10949
2012-09-16,10723
2012-09-17,10719
2012-09-18,10635
2012-09-19,10661
2012-09-20,10668
2012-09-21,10639
2012-09-22,10624
2012-09-23,10552
2012-09-24,10567
2012-09-25,10544
2012-09-26,10598
2012-09-27,10562
2012-09-28,10394
2012-09-29,10412
2012-09-30,10415
2012-10-01,10323
2012-10-02,10258
2012-10-03,10244
2012-10-04,10211
2012-10-05,10191
2012-10-06,10200
2012-10-07,10291
2012-10-08,10321
2012-10-09,10280
2012-10-10,10198
2012-10-11,10224
2012-10-12,10287
2012-10-13,10267
2012-10-14,10380
2012-10-15,10390
2012-10-16,10359
2012-10-17,10344
2012-10-18,10427
2012-10-19,10505
2012-10-20,10570
2012-10-21,10524
2012-10-22,10571
2012-10-23,10612
2012-10-24,11030
2012-10-25,10793
2012-10-26,10518
2012-10-27,10149
2012-10-28,10354
2012-10-29,10391
2012-10-30,10482
2012-10-31,10466
2012-11-01,10503
2012-11-02,10526
2012-11-03,10502
2012-11-04,10489
2012-11-05,10512
2012-11-06,10508
2012-11-07,10504
2012-11-08,10499
2012-11-09,10495
2012-11-10,10491
2012-11-11,10487
2012-11-12,10482
2012-11-13,10478
2012-11-14,10516
2012-11-15,10652
2012-11-16,10877
2012-11-17,10671
2012-11-18,10665
2012-11-19,10667
2012-11-20,10745
2012-11-21,10439
2012-11-22,10425
2012-11-23,10481
2012-11-24,10697
2012-11-25,10784
2012-11-26,10818
2012-11-27,10808
2012-11-28,10860
2012-11-29,10830
2012-11-30,10814
2012-12-01,10678
2012-12-02,10437
2012-12-03,10425
2012-12-04,10508
2012-12-05,10626
2012-12-06,10702
2012-12-07,10687
2012-12-08,10654
2012-12-09,10665
2012-12-10,10565
2012-12-11,10491
2012-12-12,10504
2012-12-13,10490
2012-12-14,10546
2012-12-15,10567
2012-12-16,10589
2012-12-17,10585
2012-12-18,10629
2012-12-19,10591
2012-12-20,10606
2012-12-21,10553
2012-12-22,10523
2012-12-23,10561
2012-12-24,10585
2012-12-25,10590
2012-12-26,10634
2012-12-27,10770
2012-12-28,10802
2012-12-29,10770
2012-12-30,10760
2012-12-31,10723
2013-01-01,10733
2013-01-02,10730
2013-01-03,10772
2013-01-04,10929
2013-01-05,10858
2013-01-06,10849
2013-01-07,10779
2013-01-08,10735
2013-01-09,10727
2013-01-10,10818
2013-01-11,10834
2013-01-12,10918
2013-01-13,10904
2013-01-14,10804
2013-01-15,10744
2013-01-16,10782
2013-01-17,10775
2013-01-18,10818
2013-01-19,10853
2013-01-20,10859
2013-01-21,10859
2013-01-22,10836
2013-01-23,10849
2013-01-24,10629
2013-01-25,10694
2013-01-26,10737
2013-01-27,10734
2013-01-28,10732
2013-01-29,10750
2013-01-30,10771
2013-01-31,10806
2013-02-01,10832
2013-02-02,10935
2013-02-03,10916
2013-02-04,10851
2013-02-05,10844
2013-02-06,10852
2013-02-07,10810
2013-02-08,10621
2013-02-09,10669
2013-02-10,10703
2013-02-11,10755
2013-02-12,10791
2013-02-13,10792
2013-02-14,10771
2013-02-15,10806
2013-02-16,10767
2013-02-17,10758
2013-02-18,10775
2013-02-19,10787
2013-02-20,10794
2013-02-21,10851
2013-02-22,10871
2013-02-23,10885
2013-02-24,10823
2013-02-25,10740
2013-02-26,10646
2013-02-27,10620
2013-02-28,10709
2013-03-01,10762
2013-03-02,10792
2013-03-03,10790
2013-03-04,10793
2013-03-05,10789
2013-03-06,10795
2013-03-07,10794
2013-03-08,10794
2013-03-09,10792
2013-03-10,10766
2013-03-11,10727
2013-03-12,10747
2013-03-13,10758
2013-03-14,10771
2013-03-15,10763
2013-03-16,10722
2013-03-17,10757
2013-03-18,10756
2013-03-19,10769
2013-03-20,10785
2013-03-21,10787
2013-03-22,10794
2013-03-23,10770
2013-03-24,10741
2013-03-25,10709
2013-03-26,10706
2013-03-27,10717
2013-03-28,10724
2013-03-29,10727
2013-03-30,10706
2013-03-31,10706
2013-04-01,10704
2013-04-02,10715
2013-04-03,10723
2013-04-04,10731
2013-04-05,10739
2013-04-06,10746
2013-04-07,10754
2013-04-08,10762
2013-04-09,10770
2013-04-10,10773
2013-04-11,10768
2013-04-12,10744
2013-04-13,10688
2013-04-14,10652
2013-04-15,10615
2013-04-16,10620
2013-04-17,10618
2013-04-18,10610
2013-04-19,10587
2013-04-20,10583
2013-04-21,10571
2013-04-22,10583
2013-04-23,10587
2013-04-24,10574
2013-04-25,10559
2013-04-26,10527
2013-04-27,10471
2013-04-28,10487
2013-04-29,10505
2013-04-30,10529
2013-05-01,10543
2013-05-02,10525
2013-05-03,10532
2013-05-04,10582
2013-05-05,10609
2013-05-06,10618
2013-05-07,10627
2013-05-08,10636
2013-05-09,10636
2013-05-10,10617
2013-05-11,10550
2013-05-12,10508
2013-05-13,10513
2013-05-14,10522
2013-05-15,10540
2013-05-16,10518
2013-05-17,10487
2013-05-18,10429
2013-05-19,10418
2013-05-20,10385
2013-05-21,10419
2013-05-22,10442
2013-05-23,10461
2013-05-24,10456
2013-05-25,10439
2013-05-26,10390
2013-05-27,10390
2013-05-28,10383
2013-05-29,10377
2013-05-30,10404
2013-05-31,10409
2013-06-01,10397
2013-06-02,10403
2013-06-03,10411
2013-06-04,10405
2013-06-05,10416
2013-06-06,10436
2013-06-07,10501
2013-06-08,10513
2013-06-09,10531
2013-06-10,10539
2013-06-11,10549
2013-06-12,10574
2013-06-13,10637
2013-06-14,10625
2013-06-15,10628
2013-06-16,10597
2013-06-17,10566
2013-06-18,10566
2013-06-19,10560
2013-06-20,10579
2013-06-21,10599
2013-06-22,10626
2013-06-23,10601
2013-06-24,10589
2013-06-25,10584
2013-06-26,10586
2013-06-27,10587
2013-06-28,10600
2013-06-29,10504
2013-06-30,10478
2013-07-01,10502
2013-07-02,10511
2013-07-03,10568
2013-07-04,10576
2013-07-05,10599
2013-07-06,10560
2013-07-07,10544
2013-07-08,10573
2013-07-09,10638
2013-07-10,10631
2013-07-11,10624
2013-07-12,10616
2013-07-13,10607
2013-07-14,10583
2013-07-15,10573
2013-07-16,10582
2013-07-17,10592
2013-07-18,10601
2013-07-19,10611
2013-07-20,10621
2013-07-21,10630
2013-07-22,10640
2013-07-23,10610
2013-07-24,10564
2013-07-25,10514
2013-07-26,10476
2013-07-27,10358
2013-07-28,10320
2013-07-29,10345
2013-07-30,10336
2013-07-31,10316
2013-08-01,10320
2013-08-02,10365
2013-08-03,10401
2013-08-04,10463
2013-08-05,10473
2013-08-06,10467
2013-08-07,10426
2013-08-08,10421
2013-08-09,10423
2013-08-10,10392
2013-08-11,10360
2013-08-12,10372
2013-08-13,10374
2013-08-14,10393
2013-08-15,10424
2013-08-16,10464
2013-08-17,10484
2013-08-18,10493
2013-08-19,10489
2013-08-20,10474
2013-08-21,10484
2013-08-22,10540
2013-08-23,10532
2013-08-24,10543
2013-08-25,10497
2013-08-26,10437
2013-08-27,10447
2013-08-28,10471
2013-08-29,10451
2013-08-30,10466
2013-08-31,10436
2013-09-01,10420
2013-09-02,10413
2013-09-03,10395
2013-09-04,10409
2013-09-05,10431
2013-09-06,10487
2013-09-07,10511
2013-09-08,10502
2013-09-09,10430
2013-09-10,10387
2013-09-11,10421
2013-09-12,10455
2013-09-13,10459
2013-09-14,10456
2013-09-15,10451
2013-09-16,10429
2013-09-17,10419
2013-09-18,10441
2013-09-19,10447
2013-09-20,10487
2013-09-21,10444
2013-09-22,10416
2013-09-23,10402
2013-09-24,10370
2013-09-25,10337
2013-09-26,10378
2013-09-27,10372
2013-09-28,10328
2013-09-29,10382
2013-09-30,10366
2013-10-01,10355
2013-10-02,10354
2013-10-03,10342
2013-10-04,10341
2013-10-05,10348
2013-10-06,10318
2013-10-07,10318
2013-10-08,10326
2013-10-09,10334
2013-10-10,10343
2013-10-11,10351
2013-10-12,10359
2013-10-13,10344
2013-10-14,10330
2013-10-15,10315
2013-10-16,10355
2013-10-17,10309
2013-10-18,10277
2013-10-19,10281
2013-10-20,10297
2013-10-21,10300
2013-10-22,10338
2013-10-23,10351
2013-10-24,10386
2013-10-25,10382
2013-10-26,10365
2013-10-27,10356
2013-10-28,10334
2013-10-29,10327
2013-10-30,10326
2013-10-31,10335
2013-11-01,10353
2013-11-02,10401
2013-11-03,10481
2013-11-04,10435
2013-11-05,10425
2013-11-06,10426
2013-11-07,10424
2013-11-08,10483
2013-11-09,10464
2013-11-10,10459
2013-11-11,10448
2013-11-12,10426
2013-11-13,10414
2013-11-14,10399
2013-11-15,10396
2013-11-16,10416
2013-11-17,10411
2013-11-18,10410
2013-11-19,10408
2013-11-20,10404
2013-11-21,10437
2013-11-22,10421
2013-11-23,10403
2013-11-24,10410
2013-11-25,10401
2013-11-26,10394
2013-11-27,10386
2013-11-28,10379
2013-11-29,10372
2013-11-30,10365
2013-12-01,10357
2013-12-02,10350
2013-12-03,10351
2013-12-04,10323
2013-12-05,10302
2013-12-06,10300
2013-12-07,10276
2013-12-08,10282
2013-12-09,10280
2013-12-10,10303
2013-12-11,10346
2013-12-12,10374
2013-12-13,10390
2013-12-14,10401
2013-12-15,10414
2013-12-16,10443
2013-12-17,10551
2013-12-18,10647
2013-12-19,10753
2013-12-20,10682
2013-12-21,10538
2013-12-22,10473
2013-12-23,10413
2013-12-24,10394
2013-12-25,10380
2013-12-26,10416
2013-12-27,10408
2013-12-28,10432
2013-12-29,10435
2013-12-30,10456
2013-12-31,10441
2014-01-01,10441
2014-01-02,10457
2014-01-03,10444
2014-01-04,10433
2014-01-05,10429
2014-01-06,10449
2014-01-07,10548
2014-01-08,10514
2014-01-09,10525
2014-01-10,10475
2014-01-11,10448
2014-01-12,10438
2014-01-13,10423
2014-01-14,10410
2014-01-15,10389
2014-01-16,10432
2014-01-17,10555
2014-01-18,10581
2014-01-19,10619
2014-01-20,10574
2014-01-21,10556
2014-01-22,10530
2014-01-23,10548
2014-01-24,10511
2014-01-25,10623
2014-01-26,10571
2014-01-27,10613
2014-01-28,10742
2014-01-29,10899
2014-01-30,10917
2014-01-31,10892
2014-02-01,10854
2014-02-02,10876
2014-02-03,10775
2014-02-04,10637
2014-02-05,10541
2014-02-06,10471
2014-02-07,10354
2014-02-08,10366
2014-02-09,10379
2014-02-10,10411
2014-02-11,10455
2014-02-12,10475
2014-02-13,10481
2014-02-14,10474
2014-02-15,10443
2014-02-16,10426
2014-02-17,10420
2014-02-18,10416
2014-02-19,10428
2014-02-20,10455
2014-02-21,10502
2014-02-22,10528
2014-02-23,10519
2014-02-24,10700
2014-02-25,10758
2014-02-26,10633
2014-02-27,10623
2014-02-28,10674
2014-03-01,10796
2014-03-02,10741
2014-03-03,10579
2014-03-04,10576
2014-03-05,10658
2014-03-06,10606
2014-03-07,10642
2014-03-08,10574
2014-03-09,10485
2014-03-10,10460
2014-03-11,10512
2014-03-12,10574
2014-03-13,10607
2014-03-14,10567
2014-03-15,10531
2014-03-16,10542
2014-03-17,10493
2014-03-18,10494
2014-03-19,10514
2014-03-20,10551
2014-03-21,10520
2014-03-22,10522
2014-03-23,10550
2014-03-24,10549
2014-03-25,10554
2014-03-26,10552
2014-03-27,10647
2014-03-28,10717
2014-03-29,10732
2014-03-30,10573
2014-03-31,10529
2014-04-01,10532
2014-04-02,10538
2014-04-03,10543
2014-04-04,10581
2014-04-05,10564
2014-04-06,10616
2014-04-07,10564
2014-04-08,10575
2014-04-09,10631
2014-04-10,10691
2014-04-11,10711
2014-04-12,10768
2014-04-13,10816
2014-04-14,10857
2014-04-15,10782
2014-04-16,10914
2014-04-17,10943
2014-04-18,10870
2014-04-19,10721
2014-04-20,10599
2014-04-21,10526
2014-04-22,10548
2014-04-23,10554
2014-04-24,10555
2014-04-25,10601
2014-04-26,10641
2014-04-27,10768
2014-04-28,10878
2014-04-29,10908
2014-04-30,10664
2014-05-01,10597
2014-05-02,10663
2014-05-03,10735
2014-05-04,10810
2014-05-05,10799
2014-05-06,11176
2014-05-07,11494
2014-05-08,12062
2014-05-09,12202
2014-05-10,12291
2014-05-11,12855
2014-05-12,12360
2014-05-13,11864
2014-05-14,11320
2014-05-15,11185
2014-05-16,11527
2014-05-17,11490
2014-05-18,11590
2014-05-19,11487
2014-05-20,11493
2014-05-21,11407
2014-05-22,11543
2014-05-23,11575
2014-05-24,11544
2014-05-25,11560
2014-05-26,11470
2014-05-27,11631
2014-05-28,11948
2014-05-29,12166
2014-05-30,12215
2014-05-31,12174
2014-06-01,11925
2014-06-02,11724
2014-06-03,11790
2014-06-04,11808
2014-06-05,11886
2014-06-06,11936
2014-06-07,11959
2014-06-08,12019
2014-06-09,12259
2014-06-10,12248
2014-06-11,12244
2014-06-12,12185
2014-06-13,12212
2014-06-14,12285
2014-06-15,12240
2014-06-16,12106
2014-06-17,11869
2014-06-18,11748
2014-06-19,11691
2014-06-20,11749
2014-06-21,11793
2014-06-22,11669
2014-06-23,11668
2014-06-24,11569
2014-06-25,11601
2014-06-26,11653
2014-06-27,11648
2014-06-28,11591
2014-06-29,11580
2014-06-30,11444
2014-07-01,11410
2014-07-02,11337
2014-07-03,11388
2014-07-04,11507
2014-07-05,11541
2014-07-06,11538
2014-07-07,11627
2014-07-08,11620
2014-07-09,11707
2014-07-10,11772
2014-07-11,11723
2014-07-12,11767
2014-07-13,11652
2014-07-14,11599
2014-07-15,11443
2014-07-16,11372
2014-07-17,11438
2014-07-18,11483
2014-07-19,11516
2014-07-20,11606
2014-07-21,11745
2014-07-22,11852
2014-07-23,11856
2014-07-24,11757
2014-07-25,11703
2014-07-26,11618
2014-07-27,11532
2014-07-28,11558
2014-07-29,11556
2014-07-30,11482
2014-07-31,11408
2014-08-01,11464
2014-08-02,11468
2014-08-03,11471
2014-08-04,11427
2014-08-05,11483
2014-08-06,11428
2014-08-07,11367
2014-08-08,11362
2014-08-09,11336
2014-08-10,11335
2014-08-11,11368
2014-08-12,11382
2014-08-13,11444
2014-08-14,11488
2014-08-15,11519
2014-08-16,11533
2014-08-17,11500
2014-08-18,11455
2014-08-19,11370
2014-08-20,11307
2014-08-21,11287
2014-08-22,11306
2014-08-23,11269
2014-08-24,11308
2014-08-25,11263
2014-08-26,11261
2014-08-27,11185
2014-08-28,11165
2014-08-29,11169
2014-08-30,11132
2014-08-31,11133
2014-09-01,11141
2014-09-02,11215
2014-09-03,11245
2014-09-04,11282
2014-09-05,11257
2014-09-06,11213
2014-09-07,11141
2014-09-08,11108
2014-09-09,11178
2014-09-10,11287
2014-09-11,11331
2014-09-12,11385
2014-09-13,11610
2014-09-14,11663
2014-09-15,11455
2014-09-16,11324
2014-09-17,11269
2014-09-18,11226
2014-09-19,11043
2014-09-20,11030
2014-09-21,10827
2014-09-22,10799
2014-09-23,10825
2014-09-24,10909
2014-09-25,10845
2014-09-26,10729
2014-09-27,10656
2014-09-28,10483
2014-09-29,10440
2014-09-30,10491
2014-10-01,10575
2014-10-02,10685
2014-10-03,10875
2014-10-04,10968
2014-10-05,11030
2014-10-06,10949
2014-10-07,11028
2014-10-08,11091
2014-10-09,11137
2014-10-10,11109
2014-10-11,10993
2014-10-12,10836
2014-10-13,10818
2014-10-14,10752
2014-10-15,10646
2014-10-16,10612
2014-10-17,10594
2014-10-18,10534
2014-10-19,10480
2014-10-20,10505
2014-10-21,10670
2014-10-22,10765
2014-10-23,10845
2014-10-24,10793
2014-10-25,10711
2014-10-26,10604
2014-10-27,10577
2014-10-28,10543
2014-10-29,10528
2014-10-30,10547
2014-10-31,10441
2014-11-01,10338
2014-11-02,10256
2014-11-03,10320
2014-11-04,10533
2014-11-05,10865
2014-11-06,10970
2014-11-07,11027
2014-11-08,10915
2014-11-09,10981
2014-11-10,11042
2014-11-11,11258
2014-11-12,11332
2014-11-13,11372
2014-11-14,11394
2014-11-15,11447
2014-11-16,11405
2014-11-17,11375
2014-11-18,11342
2014-11-19,11270
2014-11-20,11222
2014-11-21,11193
2014-11-22,11131
2014-11-23,11082
2014-11-24,11050
2014-11-25,11213
2014-11-26,11247
2014-11-27,11321
2014-11-28,11271
2014-11-29,11165
2014-11-30,11102
2014-12-01,11122
2014-12-02,11171
2014-12-03,11164
2014-12-04,11160
2014-12-05,11247
2014-12-06,11252
2014-12-07,10809
2014-12-08,10491
2014-12-09,10448
2014-12-10,10409
2014-12-11,10368
2014-12-12,10549
2014-12-13,10701
2014-12-14,10641
2014-12-15,10608
2014-12-16,10587
2014-12-17,10636
2014-12-18,10686
2014-12-19,10774
2014-12-20,10754
2014-12-21,10798
2014-12-22,10892
2014-12-23,10929
2014-12-24,10997
2014-12-25,11141
2014-12-26,11111
2014-12-27,11016
2014-12-28,10910
2014-12-29,10689
2014-12-30,10612
2014-12-31,10718
2015-01-01,10913
2015-01-02,11051
2015-01-03,11095
2015-01-04,11111
2015-01-05,11106
2015-01-06,11128
2015-01-07,11339
2015-01-08,11350
2015-01-09,11359
2015-01-10,11127
2015-01-11,11033
2015-01-12,10985
2015-01-13,10980
2015-01-14,11100
2015-01-15,11174
2015-01-16,11263
2015-01-17,11179
2015-01-18,10930
2015-01-19,10692
2015-01-20,10741
2015-01-21,10717
2015-01-22,10694
2015-01-23,10674
2015-01-24,10723
2015-01-25,10588
2015-01-26,10586
2015-01-27,10594
2015-01-28,10608
2015-01-29,10639
2015-01-30,10660
2015-01-31,10632
2015-02-01,10593
2015-02-02,10519
2015-02-03,10454
2015-02-04,10476
2015-02-05,10489
2015-02-06,10473
2015-02-07,10416
2015-02-08,10372
2015-02-09,10360
2015-02-10,10342
2015-02-11,10367
2015-02-12,10398
2015-02-13,10382
2015-02-14,10317
2015-02-15,10263
2015-02-16,10245
2015-02-17,10258
2015-02-18,10264
2015-02-19,10227
2015-02-20,10053
2015-02-21,9970
2015-02-22,10008
2015-02-23,10195
2015-02-24,10377
2015-02-25,10506
2015-02-26,10637
2015-02-27,10709
2015-02-28,10718
2015-03-01,10698
2015-03-02,10701
2015-03-03,10739
2015-03-04,10806
2015-03-05,10858
2015-03-06,10731
2015-03-07,10639
2015-03-08,10591
2015-03-09,10543
2015-03-10,10474
2015-03-11,10560
2015-03-12,10675
2015-03-13,10748
2015-03-14,10771
2015-03-15,10740
2015-03-16,10728
2015-03-17,10745
2015-03-18,10930
2015-03-19,10936
2015-03-20,10951
2015-03-21,10930
2015-03-22,10882
2015-03-23,10889
2015-03-24,10993
2015-03-25,11063
2015-03-26,11071
2015-03-27,10989
2015-03-28,10885
2015-03-29,10763
2015-03-30,10729
2015-03-31,10744
2015-04-01,10786
2015-04-02,10799
2015-04-03,10838
2015-04-04,10858
2015-04-05,10871
2015-04-06,10895
2015-04-07,10828
2015-04-08,10862
2015-04-09,10902
2015-04-10,10920
2015-04-11,10962
2015-04-12,10958
2015-04-13,10981
2015-04-14,11023
2015-04-15,11080
2015-04-16,11101
2015-04-17,11136
2015-04-18,11113
2015-04-19,10951
2015-04-20,10845
2015-04-21,10833
2015-04-22,10944
2015-04-23,11025
2015-04-24,11042
2015-04-25,11066
2015-04-26,11053
2015-04-27,11053
2015-04-28,10949
2015-04-29,10975
2015-04-30,10906
2015-05-01,10592
2015-05-02,10495
2015-05-03,10435
2015-05-04,10461
2015-05-05,10494
2015-05-06,10512
2015-05-07,10465
2015-05-08,10438
2015-05-09,10433
2015-05-10,10454
2015-05-11,10517
2015-05-12,10559
2015-05-13,10599
2015-05-14,10636
2015-05-15,10649
2015-05-16,10583
2015-05-17,10439
2015-05-18,10385
2015-05-19,10376
2015-05-20,10397
2015-05-21,10437
2015-05-22,10475
2015-05-23,10518
2015-05-24,10543
2015-05-25,10578
2015-05-26,10600
2015-05-27,10620
2015-05-28,10603
2015-05-29,10569
2015-05-30,10564
2015-05-31,10537
2015-06-01,10485
2015-06-02,10491
2015-06-03,10519
2015-06-04,10557
2015-06-05,10611
2015-06-06,10633
2015-06-07,10554
2015-06-08,10514
2015-06-09,10517
2015-06-10,10526
2015-06-11,10493
2015-06-12,10519
2015-06-13,10511
2015-06-14,10434
2015-06-15,10315
2015-06-16,10169
2015-06-17,10200
2015-06-18,10257
2015-06-19,10337
2015-06-20,10434
2015-06-21,10450
2015-06-22,10425
2015-06-23,10432
2015-06-24,10415
2015-06-25,10400
2015-06-26,10376
2015-06-27,10368
2015-06-28,10351
2015-06-29,10312
2015-06-30,10336
2015-07-01,10313
2015-07-02,10296
2015-07-03,10324
2015-07-04,10312
2015-07-05,10299
2015-07-06,10304
2015-07-07,10310
2015-07-08,10309
2015-07-09,10312
2015-07-10,10330
2015-07-11,10330
2015-07-12,10299
2015-07-13,10307
2015-07-14,10310
2015-07-15,10307
2015-07-16,10290
2015-07-17,10323
2015-07-18,10300
2015-07-19,10277
2015-07-20,10271
2015-07-21,10271
2015-07-22,10292
2015-07-23,10332
2015-07-24,10346
2015-07-25,10372
2015-07-26,10342
2015-07-27,10350
2015-07-28,10336
2015-07-29,10330
2015-07-30,10356
2015-07-31,10475
2015-08-01,10427
2015-08-02,10408
2015-08-03,10388
2015-08-04,10379
2015-08-05,10379
2015-08-06,10377
2015-08-07,10381
2015-08-08,10411
2015-08-09,10415
2015-08-10,10393
2015-08-11,10341
2015-08-12,10319
2015-08-13,10286
2015-08-14,10289
2015-08-15,10288
2015-08-16,10266
2015-08-17,10237
2015-08-18,10275
2015-08-19,10279
2015-08-20,10262
2015-08-21,10242
2015-08-22,10216
2015-08-23,10189
2015-08-24,10194
2015-08-25,10202
2015-08-26,10090
2015-08-27,10077
2015-08-28,10099
2015-08-29,10112
2015-08-30,10147
2015-08-31,10145
2015-09-01,10143
2015-09-02,10141
2015-09-03,10143
2015-09-04,10191
2015-09-05,10212
2015-09-06,10204
2015-09-07,10205
2015-09-08,10219
2015-09-09,10254
2015-09-10,10266
2015-09-11,10232
2015-09-12,10168
2015-09-13,10145
2015-09-14,10131
2015-09-15,10144
2015-09-16,10163
2015-09-17,10197
2015-09-18,10232
2015-09-19,10252
2015-09-20,10248
2015-09-21,10209
2015-09-22,10201
2015-09-23,10170
2015-09-24,10155
2015-09-25,10032
2015-09-26,9895
2015-09-27,9950
2015-09-28,10127
2015-09-29,10189
2015-09-30,10239
2015-10-01,10279
2015-10-02,10289
2015-10-03,10338
2015-10-04,10350
2015-10-05,10360
2015-10-06,10408
2015-10-07,10455
2015-10-08,10474
2015-10-09,10473
2015-10-10,10440
2015-10-11,10453
2015-10-12,10448
2015-10-13,10459
2015-10-14,10487
2015-10-15,10502
2015-10-16,10528
2015-10-17,10582
2015-10-18,10624
2015-10-19,10624
2015-10-20,10559
2015-10-21,10321
2015-10-22,10040
2015-10-23,10023
2015-10-24,10054
2015-10-25,10025
2015-10-26,10006
2015-10-27,9970
2015-10-28,9938
2015-10-29,9920
2015-10-30,9935
2015-10-31,9936
2015-11-01,9927
2015-11-02,9914
2015-11-03,9914
2015-11-04,9902
2015-11-05,9945
2015-11-06,10020
2015-11-07,10140
2015-11-08,10162
2015-11-09,10106
2015-11-10,10101
2015-11-11,10133
2015-11-12,10143
2015-11-13,10149
2015-11-14,10174
2015-11-15,10137
2015-11-16,10149
2015-11-17,10144
2015-11-18,10153
2015-11-19,10168
2015-11-20,10197
2015-11-21,10195
2015-11-22,10195
2015-11-23,10201
2015-11-24,10207
2015-11-25,10260
2015-11-26,10262
2015-11-27,10199
2015-11-28,10153
2015-11-29,10143
2015-11-30,10113
2015-12-01,10065
2015-12-02,10013
2015-12-03,10011
2015-12-04,9988
2015-12-05,9995
2015-12-06,10001
2015-12-07,10001
2015-12-08,9998
2015-12-09,10020
2015-12-10,10032
2015-12-11,10038
2015-12-12,10026
2015-12-13,9999
2015-12-14,9954
2015-12-15,9965
2015-12-16,9989
2015-12-17,9999
2015-12-18,10006
2015-12-19,10056
2015-12-20,10082
2015-12-21,10073
2015-12-22,10054
2015-12-23,10038
2015-12-24,10030
2015-12-25,10044
2015-12-26,10053
2015-12-27,10023
2015-12-28,9999
2015-12-29,9976
2015-12-30,9979
2015-12-31,9975
2016-01-01,9983
2016-01-02,9989
2016-01-03,9994
2016-01-04,9998
2016-01-05,9996
2016-01-06,10019
2016-01-07,10010
2016-01-08,10026
2016-01-09,10021
2016-01-10,9999
2016-01-11,9987
2016-01-12,9970
2016-01-13,9966
2016-01-14,9952
2016-01-15,9968
2016-01-16,9988
2016-01-17,9998
2016-01-18,9998
2016-01-19,9998
2016-01-20,9991
2016-01-21,10007
2016-01-22,10003
2016-01-23,9992
2016-01-24,9962
2016-01-25,9946
2016-01-26,9853
2016-01-27,9814
2016-01-28,9688
2016-01-29,9698
2016-01-30,9704
2016-01-31,9669
2016-02-01,9441
2016-02-02,9375
2016-02-03,9420
2016-02-04,9514
2016-02-05,9536
2016-02-06,9572
2016-02-07,9549
2016-02-08,9505
2016-02-09,9468
2016-02-10,9447
2016-02-11,9415
2016-02-12,9385
2016-02-13,9360
2016-02-14,9307
2016-02-15,9307
2016-02-16,9368
2016-02-17,9377
2016-02-18,9400
2016-02-19,9406
2016-02-20,9431
2016-02-21,9463
2016-02-22,9451
2016-02-23,9395
2016-02-24,9410
2016-02-25,9367
2016-02-26,9287
2016-02-27,9196
2016-02-28,9153
2016-02-29,9172
2016-03-01,9258
2016-03-02,9436
2016-03-03,9503
2016-03-04,9418
2016-03-05,9436
2016-03-06,9461
2016-03-07,9487
2016-03-08,9581
2016-03-09,9640
2016-03-10,9624
2016-03-11,9681
2016-03-12,9747
2016-03-13,9782
2016-03-14,9787
2016-03-15,9756
2016-03-16,9747
2016-03-17,9731
2016-03-18,9757
2016-03-19,9818
2016-03-20,9841
2016-03-21,9870
2016-03-22,9869
2016-03-23,9866
2016-03-24,9860
2016-03-25,9844
2016-03-26,9840
2016-03-27,9850
2016-03-28,9803
2016-03-29,9747
2016-03-30,9454
2016-03-31,9422
2016-04-01,9550
2016-04-02,9606
2016-04-03,9726
2016-04-04,9773
2016-04-05,9836
2016-04-06,9842
2016-04-07,9897
2016-04-08,9849
2016-04-09,9847
2016-04-10,9890
2016-04-11,10014
2016-04-12,10023
2016-04-13,10000
2016-04-14,10016
2016-04-15,9985
2016-04-16,9990
2016-04-17,10035
2016-04-18,10099
2016-04-19,10109
2016-04-20,10128
2016-04-21,10133
2016-04-22,10109
2016-04-23,10167
2016-04-24,10168
2016-04-25,10155
2016-04-26,10172
2016-04-27,10166
2016-04-28,10178
2016-04-29,10275
2016-04-30,10323
2016-05-01,10389
2016-05-02,10384
2016-05-03,10424
2016-05-04,10462
2016-05-05,10453
2016-05-06,10524
2016-05-07,10477
2016-05-08,10412
2016-05-09,10177
2016-05-10,10172
2016-05-11,10137
2016-05-12,10155
2016-05-13,10197
2016-05-14,10362
2016-05-15,10361
2016-05-16,10329
2016-05-17,10372
2016-05-18,10395
2016-05-19,10404
2016-05-20,10425
2016-05-21,10409
2016-05-22,10379
2016-05-23,10379
2016-05-24,10182
2016-05-25,10205
2016-05-26,10249
2016-05-27,10321
2016-05-28,10409
2016-05-29,10480
2016-05-30,10420
2016-05-31,10419
2016-06-01,10459
2016-06-02,10507
2016-06-03,10602
2016-06-04,10666
2016-06-05,10766
2016-06-06,10848
2016-06-07,10868
2016-06-08,10888
2016-06-09,10775
2016-06-10,10725
2016-06-11,10667
2016-06-12,10629
2016-06-13,10551
2016-06-14,10420
2016-06-15,9984
2016-06-16,9746
2016-06-17,9731
2016-06-18,9952
2016-06-19,10082
2016-06-20,10165
2016-06-21,10314
2016-06-22,10390
2016-06-23,10612
2016-06-24,10680
2016-06-25,10702
2016-06-26,10833
2016-06-27,10797
2016-06-28,10805
2016-06-29,10961
2016-06-30,11021
2016-07-01,11205
2016-07-02,11342
2016-07-03,11354
2016-07-04,11382
2016-07-05,11441
2016-07-06,11462
2016-07-07,11371
2016-07-08,11280
2016-07-09,11222
2016-07-10,11141
2016-07-11,11094
2016-07-12,11104
2016-07-13,11235
2016-07-14,11331
2016-07-15,11374
2016-07-16,11396
2016-07-17,11419
2016-07-18,11349
2016-07-19,11329
2016-07-20,11262
2016-07-21,11295
2016-07-22,11441
2016-07-23,11550
2016-07-24,11498
2016-07-25,11498
2016-07-26,11710
2016-07-27,11519
2016-07-28,11382
2016-07-29,11313
2016-07-30,11301
2016-07-31,11326
2016-08-01,11316
2016-08-02,11364
2016-08-03,11433
2016-08-04,11494
2016-08-05,11459
2016-08-06,11355
2016-08-07,11332
2016-08-08,11332
2016-08-09,11304
2016-08-10,11327
2016-08-11,11278
2016-08-12,11215
2016-08-13,11243
2016-08-14,11260
2016-08-15,11234
2016-08-16,11198
2016-08-17,11211
2016-08-18,11205
2016-08-19,11162
2016-08-20,11118
2016-08-21,11110
2016-08-22,11110
2016-08-23,11001
2016-08-24,10989
2016-08-25,11051
2016-08-26,11144
2016-08-27,11158
2016-08-28,11154
2016-08-29,11174
2016-08-30,11178
2016-08-31,11272
2016-09-01,11275
2016-09-02,11315
2016-09-03,11251
2016-09-04,11182
2016-09-05,11143
2016-09-06,11040
2016-09-07,10903
2016-09-08,10935
2016-09-09,11110
2016-09-10,11134
2016-09-11,11199
2016-09-12,11179
2016-09-13,11145
2016-09-14,11210
2016-09-15,11314
2016-09-16,11436
2016-09-17,11476
2016-09-18,11413
2016-09-19,11281
2016-09-20,11164
2016-09-21,10990
2016-09-22,10924
2016-09-23,10804
2016-09-24,10598
2016-09-25,10575
2016-09-26,10571
2016-09-27,10781
2016-09-28,11043
2016-09-29,11287
2016-09-30,11288
2016-10-01,11361
2016-10-02,11376
2016-10-03,11402
2016-10-04,11496
2016-10-05,11615
2016-10-06,11618
2016-10-07,11521
2016-10-08,11551
2016-10-09,11661
2016-10-10,11661
2016-10-11,11672
2016-10-12,11670
2016-10-13,11643
2016-10-14,11555
2016-10-15,11388
2016-10-16,11221
2016-10-17,11099
2016-10-18,11042
2016-10-19,11167
2016-10-20,11378
2016-10-21,11494
2016-10-22,11471
2016-10-23,11492
2016-10-24,11485
2016-10-25,11490
2016-10-26,11512
2016-10-27,11464
2016-10-28,11463
2016-10-29,11466
2016-10-30,11465
2016-10-31,11411
2016-11-01,11387
2016-11-02,11390
2016-11-03,11385
2016-11-04,11411
2016-11-05,11406
2016-11-06,11377
2016-11-07,11354
2016-11-08,11338
2016-11-09,11310
2016-11-10,11297
2016-11-11,11286
2016-11-12,11276
2016-11-13,11267
2016-11-14,11273
2016-11-15,11333
2016-11-16,11352
2016-11-17,11368
2016-11-18,11442
2016-11-19,11420
2016-11-20,11382
2016-11-21,11372
2016-11-22,11352
2016-11-23,11335
2016-11-24,11299
2016-11-25,11283
2016-11-26,11350
2016-11-27,11401
2016-11-28,11375
2016-11-29,11335
2016-11-30,11319
2016-12-01,11293
2016-12-02,11309
2016-12-03,11295
2016-12-04,11254
2016-12-05,11170
2016-12-06,11156
2016-12-07,11148
2016-12-08,11199
2016-12-09,11299
2016-12-10,11344
2016-12-11,11293
2016-12-12,11165
2016-12-13,10933
2016-12-14,10893
2016-12-15,10878
2016-12-16,10860
2016-12-17,10828
2016-12-18,10770
2016-12-19,10590
2016-12-20,10470
2016-12-21,10545
2016-12-22,10558
2016-12-23,10624
2016-12-24,10715
2016-12-25,10716
2016-12-26,10650
2016-12-27,10636
2016-12-28,10656
2016-12-29,10657
2016-12-30,10698
2016-12-31,10713
2017-01-01,10698
2017-01-02,10677
2017-01-03,10624
2017-01-04,10588
2017-01-05,10572
2017-01-06,10559
2017-01-07,10558
2017-01-08,10615
2017-01-09,10646
2017-01-10,10705
2017-01-11,10752
2017-01-12,10775
2017-01-13,10873
2017-01-14,10943
2017-01-15,11007
2017-01-16,11056
2017-01-17,11019
2017-01-18,11062
2017-01-19,11094
2017-01-20,11121
2017-01-21,11132
2017-01-22,11153
2017-01-23,11093
2017-01-24,11019
2017-01-25,10975
2017-01-26,10950
2017-01-27,10937
2017-01-28,10894
2017-01-29,10876
2017-01-30,10793
2017-01-31,10559
2017-02-01,10217
2017-02-02,10187
2017-02-03,10318
2017-02-04,10339
2017-02-05,10358
2017-02-06,10351
2017-02-07,10598
2017-02-08,10727
2017-02-09,10859
2017-02-10,10941
2017-02-11,10911
2017-02-12,10835
2017-02-13,10667
2017-02-14,10589
2017-02-15,10597
2017-02-16,10610
2017-02-17,10621
2017-02-18,10541
2017-02-19,10519
2017-02-20,10570
2017-02-21,10624
2017-02-22,10728
2017-02-23,10773
2017-02-24,10809
2017-02-25,10842
2017-02-26,10887
2017-02-27,10905
2017-02-28,10925
2017-03-01,10964
2017-03-02,10974
2017-03-03,11019
2017-03-04,11078
2017-03-05,11052
2017-03-06,11032
2017-03-07,11013
2017-03-08,10973
2017-03-09,10954
2017-03-10,10938
2017-03-11,10907
2017-03-12,10928
2017-03-13,10926
2017-03-14,10952
2017-03-15,10970
2017-03-16,10991
2017-03-17,11014
2017-03-18,11051
2017-03-19,11070
2017-03-20,11075
2017-03-21,11097
2017-03-22,11130
2017-03-23,11131
2017-03-24,11186
2017-03-25,11229
2017-03-26,11253
2017-03-27,11252
2017-03-28,11137
2017-03-29,11012
2017-03-30,10985
2017-03-31,10939
2017-04-01,10872
2017-04-02,10850
2017-04-03,10784
2017-04-04,10749
2017-04-05,10753
2017-04-06,10723
2017-04-07,10735
2017-04-08,10775
2017-04-09,10899
2017-04-10,10869
2017-04-11,10845
2017-04-12,10799
2017-04-13,10790
2017-04-14,10781
2017-04-15,10852
2017-04-16,10845
2017-04-17,10846
2017-04-18,10848
2017-04-19,10879
2017-04-20,10901
2017-04-21,10950
2017-04-22,10967
2017-04-23,10962
2017-04-24,10919
2017-04-25,10883
2017-04-26,10866
2017-04-27,10835
2017-04-28,10822
2017-04-29,10794
2017-04-30,10722
2017-05-01,10659
2017-05-02,10670
2017-05-03,10691
2017-05-04,10678
2017-05-05,10696
2017-05-06,10762
2017-05-07,10780
2017-05-08,10780
2017-05-09,10790
2017-05-10,10786
2017-05-11,10786
2017-05-12,10783
2017-05-13,10801
2017-05-14,10741
2017-05-15,10695
2017-05-16,10704
2017-05-17,10722
2017-05-18,10670
2017-05-19,10562
2017-05-20,10482
2017-05-21,10466
2017-05-22,10491
2017-05-23,10532
2017-05-24,10559
2017-05-25,10615
2017-05-26,10656
2017-05-27,10689
2017-05-28,10731
2017-05-29,10783
2017-05-30,10770
2017-05-31,10753
2017-06-01,10742
2017-06-02,10763
2017-06-03,10806
2017-06-04,10838
2017-06-05,10800
2017-06-06,10763
2017-06-07,10755
2017-06-08,10754
2017-06-09,10767
2017-06-10,10747
2017-06-11,10693
2017-06-12,10650
2017-06-13,10643
2017-06-14,10614
2017-06-15,10591
2017-06-16,10558
2017-06-17,10570
2017-06-18,10575
2017-06-19,10599
2017-06-20,10639
2017-06-21,10696
2017-06-22,10758
2017-06-23,10790
2017-06-24,10810
2017-06-25,10808
2017-06-26,10841
2017-06-27,10851
2017-06-28,10862
2017-06-29,10872
2017-06-30,10881
2017-07-01,10881
2017-07-02,10874
2017-07-03,10858
2017-07-04,10793
2017-07-05,10790
2017-07-06,10776
2017-07-07,10755
2017-07-08,10783
2017-07-09,10830
2017-07-10,10869
2017-07-11,10912
2017-07-12,10963
2017-07-13,10979
2017-07-14,11037
2017-07-15,11050
2017-07-16,11022
2017-07-17,10982
2017-07-18,10951
2017-07-19,10959
2017-07-20,11006
2017-07-21,11076
2017-07-22,11103
2017-07-23,11127
2017-07-24,11134
2017-07-25,11136
2017-07-26,11160
2017-07-27,11182
2017-07-28,11281
2017-07-29,11336
2017-07-30,11343
2017-07-31,11344
2017-08-01,11300
2017-08-02,11228
2017-08-03,11120
2017-08-04,10998
2017-08-05,10961
2017-08-06,10847
2017-08-07,10915
2017-08-08,10919
2017-08-09,10930
2017-08-10,10929
2017-08-11,10964
2017-08-12,10945
2017-08-13,10936
2017-08-14,10899
2017-08-15,10853
2017-08-16,10843
2017-08-17,10890
2017-08-18,10963
2017-08-19,11046
2017-08-20,11072
2017-08-21,11023
2017-08-22,11036
2017-08-23,11027
2017-08-24,10990
2017-08-25,10927
2017-08-26,10894
2017-08-27,10901
2017-08-28,10874
2017-08-29,10842
2017-08-30,10880
2017-08-31,10944
2017-09-01,10961
2017-09-02,10956
2017-09-03,10953
2017-09-04,10950
2017-09-05,10937
2017-09-06,10932
2017-09-07,10935
2017-09-08,10951
2017-09-09,10943
2017-09-10,10936
2017-09-11,10910
2017-09-12,10908
2017-09-13,10899
2017-09-14,10863
2017-09-15,10723
2017-09-16,10456
2017-09-17,10509
2017-09-18,10524
2017-09-19,10587
2017-09-20,10724
2017-09-21,10874
2017-09-22,11012
2017-09-23,11254
2017-09-24,11274
2017-09-25,11294
2017-09-26,11317
2017-09-27,11368
2017-09-28,11396
2017-09-29,11419
2017-09-30,11509
2017-10-01,11518
2017-10-02,11518
2017-10-03,11628
2017-10-04,11750
2017-10-05,11991
2017-10-06,12091
2017-10-07,12045
2017-10-08,11898
2017-10-09,11852
2017-10-10,11806
2017-10-11,11724
2017-10-12,11621
2017-10-13,11593
2017-10-14,11580
2017-10-15,11585
2017-10-16,11621
2017-10-17,11677
2017-10-18,11701
2017-10-19,11865
2017-10-20,11886
2017-10-21,11888
2017-10-22,11894
2017-10-23,11888
2017-10-24,11864
2017-10-25,11823
2017-10-26,11778
2017-10-27,11769
2017-10-28,11783
2017-10-29,11815
2017-10-30,11887
2017-10-31,11990
2017-11-01,12001
2017-11-02,12047
2017-11-03,11998
2017-11-04,11958
2017-11-05,11847
2017-11-06,11783
2017-11-07,11795
2017-11-08,11812
2017-11-09,11831
2017-11-10,11892
2017-11-11,11906
2017-11-12,11933
2017-11-13,11938
2017-11-14,12018
2017-11-15,12030
2017-11-16,12026
2017-11-17,12081
2017-11-18,12061
2017-11-19,12032
2017-11-20,11986
2017-11-21,11921
2017-11-22,11831
2017-11-23,11754
2017-11-24,11494
2017-11-25,11210
2017-11-26,11137
2017-11-27,11026
2017-11-28,10888
2017-11-29,11002
2017-11-30,11162
2017-12-01,11272
2017-12-02,11236
2017-12-03,11167
2017-12-04,11053
2017-12-05,11016
2017-12-06,11018
2017-12-07,11063
2017-12-08,11129
2017-12-09,11153
2017-12-10,11292
2017-12-11,11292
2017-12-12,11330
2017-12-13,11280
2017-12-14,11254
2017-12-15,11248
2017-12-16,11235
2017-12-17,11262
2017-12-18,11262
2017-12-19,11240
2017-12-20,11252
2017-12-21,11267
2017-12-22,11296
2017-12-23,11318
2017-12-24,11330
2017-12-25,11323
2017-12-26,11301
2017-12-27,11301
2017-12-28,11343
2017-12-29,11372
2017-12-30,11367
2017-12-31,11371
2018-01-01,11380
2018-01-02,11345
2018-01-03,11356
2018-01-04,11359
2018-01-05,11361
2018-01-06,11347
2018-01-07,11339
2018-01-08,11330
2018-01-09,11341
2018-01-10,11402
2018-01-11,11442
2018-01-12,11537
2018-01-13,11541
2018-01-14,11536
2018-01-15,11525
2018-01-16,11506
2018-01-17,11482
2018-01-18,11483
2018-01-19,11479
2018-01-20,11472
2018-01-21,11465
2018-01-22,11457
2018-01-23,11463
2018-01-24,11472
2018-01-25,11474
2018-01-26,11483
2018-01-27,11549
2018-01-28,11572
2018-01-29,11575
2018-01-30,11601
2018-01-31,11601
2018-02-01,11620
2018-02-02,11649
2018-02-03,11672
2018-02-04,11677
2018-02-05,11650
2018-02-06,11607
2018-02-07,11578
2018-02-08,11581
2018-02-09,11601
2018-02-10,11599
2018-02-11,11586
2018-02-12,11469
2018-02-13,11288
2018-02-14,11197
2018-02-15,11216
2018-02-16,11226
2018-02-17,11278
2018-02-18,11282
2018-02-19,11301
2018-02-20,11296
2018-02-21,11271
2018-02-22,11227
2018-02-23,10999
2018-02-24,10654
2018-02-25,10643
2018-02-26,10712
2018-02-27,10928
2018-02-28,11149
2018-03-01,11238
2018-03-02,11381
2018-03-03,11404
2018-03-04,11529
2018-03-05,11645
2018-03-06,11649
2018-03-07,11641
2018-03-08,11635
2018-03-09,11647
2018-03-10,11660
2018-03-11,11551
2018-03-12,11516
2018-03-13,11470
2018-03-14,11489
2018-03-15,11522
2018-03-16,11765
2018-03-17,11829
2018-03-18,11891
2018-03-19,11927
2018-03-20,11968
2018-03-21,12032
2018-03-22,12008
2018-03-23,11929
2018-03-24,11854
2018-03-25,11765
2018-03-26,11640
2018-03-27,11586
2018-03-28,11531
2018-03-29,11465
2018-03-30,11410
2018-03-31,11372
2018-04-01,11273
2018-04-02,11237
2018-04-03,11232
2018-04-04,11325
2018-04-05,11528
2018-04-06,11626
2018-04-07,11703
2018-04-08,11651
2018-04-09,11651
2018-04-10,11617
2018-04-11,11623
2018-04-12,11698
2018-04-13,11703
2018-04-14,11720
2018-04-15,11698
2018-04-16,11635
2018-04-17,11622
2018-04-18,11633
2018-04-19,11639
2018-04-20,11647
2018-04-21,11604
2018-04-22,11569
2018-04-23,11524
2018-04-24,11482
2018-04-25,11454
2018-04-26,11446
2018-04-27,11500
2018-04-28,11527
2018-04-29,11542
2018-04-30,11558
2018-05-01,11617
2018-05-02,11698
2018-05-03,11762
2018-05-04,11793
2018-05-05,11832
2018-05-06,11821
2018-05-07,11850
2018-05-08,11865
2018-05-09,11889
2018-05-10,11893
2018-05-11,11907
2018-05-12,11905
2018-05-13,11874
2018-05-14,11883
2018-05-15,11905
2018-05-16,12029
2018-05-17,12059
2018-05-18,12117
2018-05-19,12094
2018-05-20,12086
2018-05-21,12053
2018-05-22,12042
2018-05-23,12061
2018-05-24,12094
2018-05-25,12092
2018-05-26,12067
2018-05-27,12030
2018-05-28,11941
2018-05-29,11871
2018-05-30,11838
2018-05-31,11831
2018-06-01,11786
2018-06-02,11737
2018-06-03,11700
2018-06-04,11674
2018-06-05,11653
2018-06-06,11659
2018-06-07,11683
2018-06-08,11698
2018-06-09,11707
2018-06-10,11728
2018-06-11,11771
2018-06-12,11794
2018-06-13,11843
2018-06-14,11869
2018-06-15,11871
2018-06-16,11836
2018-06-17,11797
2018-06-18,11781
2018-06-19,11763
2018-06-20,11768
2018-06-21,11803
2018-06-22,11853
2018-06-23,11854
2018-06-24,11841
2018-06-25,11854
2018-06-26,11846
2018-06-27,11846
2018-06-28,11843
2018-06-29,11880
2018-06-30,11920
2018-07-01,11957
2018-07-02,11964
2018-07-03,11978
2018-07-04,12033
2018-07-05,11998
2018-07-06,11970
2018-07-07,11954
2018-07-08,11933
2018-07-09,11910
2018-07-10,11876
2018-07-11,11875
2018-07-12,11879
2018-07-13,11921
2018-07-14,11907
2018-07-15,11899
2018-07-16,11921
2018-07-17,11990
2018-07-18,12047
2018-07-19,12057
2018-07-20,12055
2018-07-21,12057
2018-07-22,12080
2018-07-23,12064
2018-07-24,12060
2018-07-25,12089
2018-07-26,12104
2018-07-27,12124
2018-07-28,12148
2018-07-29,12067
2018-07-30,11975
2018-07-31,11886
2018-08-01,11762
2018-08-02,11675
2018-08-03,11605
2018-08-04,11595
2018-08-05,11544
2018-08-06,11510
2018-08-07,11488
2018-08-08,11524
2018-08-09,11582
2018-08-10,11564
2018-08-11,11504
2018-08-12,11386
2018-08-13,11092
2018-08-14,11058
2018-08-15,11040
2018-08-16,11052
2018-08-17,11189
2018-08-18,11241
2018-08-19,11303
2018-08-20,11323
2018-08-21,11414
2018-08-22,11446
2018-08-23,11471
2018-08-24,11471
2018-08-25,11423
2018-08-26,11233
2018-08-27,11103
2018-08-28,11008
2018-08-29,11041
2018-08-30,11092
2018-08-31,10992
2018-09-01,10834
2018-09-02,10753
2018-09-03,10763
2018-09-04,10990
2018-09-05,11073
2018-09-06,11168
2018-09-07,11268
2018-09-08,11336
2018-09-09,11334
2018-09-10,11304
2018-09-11,11285
2018-09-12,11266
2018-09-13,11328
2018-09-14,11407
2018-09-15,11431
2018-09-16,11466
2018-09-17,11497
2018-09-18,11630
2018-09-19,11781
2018-09-20,11909
2018-09-21,11884
2018-09-22,11835
2018-09-23,11745
2018-09-24,11642
2018-09-25,11597
2018-09-26,11582
2018-09-27,11631
2018-09-28,11710
2018-09-29,11717
2018-09-30,11696
2018-10-01,11675
2018-10-02,11644
2018-10-03,11637
2018-10-04,11674
2018-10-05,11701
2018-10-06,11714
2018-10-07,11664
2018-10-08,11635
2018-10-09,11619
2018-10-10,11603
2018-10-11,11623
2018-10-12,11635
2018-10-13,11646
2018-10-14,11672
2018-10-15,11677
2018-10-16,11710
2018-10-17,11813
2018-10-18,11812
2018-10-19,11834
2018-10-20,11877
2018-10-21,11899
2018-10-22,11907
2018-10-23,11929
2018-10-24,11961
2018-10-25,11971
2018-10-26,11960
2018-10-27,11934
2018-10-28,11893
2018-10-29,11873
2018-10-30,11834
2018-10-31,11883
2018-11-01,11943
2018-11-02,11962
2018-11-03,11985
2018-11-04,11942
2018-11-05,11933
2018-11-06,11929
2018-11-07,11968
2018-11-08,12059
2018-11-09,12071
2018-11-10,12026
2018-11-11,11909
2018-11-12,11807
2018-11-13,11701
2018-11-14,11667
2018-11-15,11657
2018-11-16,11628
2018-11-17,11474
2018-11-18,11353
2018-11-19,11349
2018-11-20,11367
2018-11-21,11406
2018-11-22,11699
2018-11-23,11967
2018-11-24,12101
2018-11-25,12001
2018-11-26,11906
2018-11-27,11936
2018-11-28,12142
2018-11-29,12333
2018-11-30,12414
2018-12-01,12351
2018-12-02,12214
2018-12-03,12066
2018-12-04,12016
2018-12-05,12025
2018-12-06,12079
2018-12-07,12113
2018-12-08,12144
2018-12-09,12082
2018-12-10,12069
2018-12-11,12088
2018-12-12,12183
2018-12-13,12407
2018-12-14,12489
2018-12-15,12232
2018-12-16,11837
2018-12-17,11719
2018-12-18,11669
2018-12-19,11540
2018-12-20,11539
2018-12-21,11558
2018-12-22,11506
2018-12-23,11399
2018-12-24,11049
2018-12-25,10754
2018-12-26,10372
2018-12-27,10329
2018-12-28,10449
2018-12-29,10510
2018-12-30,10648
2018-12-31,10486
2019-01-01,10249
2019-01-02,9966
2019-01-03,9731
2019-01-04,9683
2019-01-05,9539
2019-01-06,9415
2019-01-07,9198
2019-01-08,8738
2019-01-09,8301
2019-01-10,7885
2019-01-11,7490
2019-01-12,7115
2019-01-13,6759
2019-01-14,6421
2019-01-15,6099
2019-01-16,5794
2019-01-17,5504
2019-01-18,5229
2019-01-19,4968
2019-01-20,4720
2019-01-21,4484
2019-01-22,4259
2019-01-23,4046
2019-01-24,3843
2019-01-25,3650
2019-01-26,3467
2019-01-27,3293
2019-01-28,3128
2019-01-29,2971
2019-01-30,2822
2019-01-31,2680
2019-02-01,2547
2019-02-02,2419
2019-02-03,2298
2019-02-04,2183
2019-02-05,2074
2019-02-06,1970
2019-02-07,1871
2019-02-08,1777
2019-02-09,1688
2019-02-10,1603
2019-02-11,1522
2019-02-12,1445
2019-02-13,1372
2019-02-14,1309
2019-02-15,1251
2019-02-16,1210
2019-02-17,1150
2019-02-18,1132
2019-02-19,1186
2019-02-20,1219
2019-02-21,1264
2019-02-22,1312
2019-02-23,1327
2019-02-24,1355
2019-02-25,1363
2019-02-26,1339
2019-02-27,1312
2019-02-28,1311
2019-03-01,1273
2019-03-02,1225
2019-03-03,1167
2019-03-04,1115
2019-03-05,1084
2019-03-06,1108
2019-03-07,1101
2019-03-08,1109
2019-03-09,1106
2019-03-10,1091
2019-03-11,1078
2019-03-12,1063
2019-03-13,1087
2019-03-14,1110
2019-03-15,1124
2019-03-16,1145
2019-03-17,1140
2019-03-18,1147
2019-03-19,1166
2019-03-20,1183
2019-03-21,1188
2019-03-22,1223
2019-03-23,1268
2019-03-24,1295
2019-03-25,1299
2019-03-26,1291
2019-03-27,1288
2019-03-28,1278
2019-03-29,1286
2019-03-30,1284
2019-03-31,1305
2019-04-01,1284
2019-04-02,1279
2019-04-03,1298
2019-04-04,1296
2019-04-05,1285
2019-04-06,1278
2019-04-07,1280
2019-04-08,1285
2019-04-09,1285
2019-04-10,1281
2019-04-11,1288
2019-04-12,1300
2019-04-13,1288
2019-04-14,1273
2019-04-15,1261
2019-04-16,1241
2019-04-17,1240
2019-04-18,1261
2019-04-19,1257
2019-04-20,1260
2019-04-21,1248
2019-04-22,1243
2019-04-23,1254
2019-04-24,1246
2019-04-25,1249
2019-04-26,1247
2019-04-27,1237
2019-04-28,1227
2019-04-29,1215
2019-04-30,1203
2019-05-01,1198
2019-05-02,1207
2019-05-03,1198
2019-05-04,1192
2019-05-05,1180
2019-05-06,1166
2019-05-07,1169
2019-05-08,1202
2019-05-09,1211
2019-05-10,1197
2019-05-11,1184
2019-05-12,1150
2019-05-13,1126
2019-05-14,1111
2019-05-15,1118
2019-05-16,1108
2019-05-17,1113
2019-05-18,1114
2019-05-19,1101
2019-05-20,1085
2019-05-21,1037
2019-05-22,998
2019-05-23,991
2019-05-24,1018
2019-05-25,1037
2019-05-26,1063
2019-05-27,1067
2019-05-28,1074
2019-05-29,1094
2019-05-30,1094
2019-05-31,1121
2019-06-01,1170
2019-06-02,1188
2019-06-03,1169
2019-06-04,1158
2019-06-05,1161
2019-06-06,1162
2019-06-07,1170
2019-06-08,1169
2019-06-09,1146
2019-06-10,1137
2019-06-11,1144
2019-06-12,1165
2019-06-13,1164
2019-06-14,1177
2019-06-15,1177
2019-06-16,1173
2019-06-17,1181
2019-06-18,1185
2019-06-19,1191
2019-06-20,1189
2019-06-21,1183
2019-06-22,1165
2019-06-23,1169
2019-06-24,1172
2019-06-25,1174
2019-06-26,1187
2019-06-27,1226
2019-06-28,1234
2019-06-29,1237
2019-06-30,1227
2019-07-01,1223
2019-07-02,1233
2019-07-03,1246
2019-07-04,1300
2019-07-05,1361
2019-07-06,1430
2019-07-07,1484
2019-07-08,1528
2019-07-09,1566
2019-07-10,1588
2019-07-11,1613
2019-07-12,1612
2019-07-13,1565
2019-07-14,1491
2019-07-15,1418
2019-07-16,1357
2019-07-17,1319
2019-07-18,1304
2019-07-19,1290
2019-07-20,1283
2019-07-21,1299
2019-07-22,1289
2019-07-23,1296
2019-07-24,1294
2019-07-25,1307
2019-07-26,1325
2019-07-27,1297
2019-07-28,1274
2019-07-29,1257
2019-07-30,1246
2019-07-31,1257
2019-08-01,1253
2019-08-02,1237
2019-08-03,1210
2019-08-04,1190
2019-08-05,1207
2019-08-06,1233
2019-08-07,1263
2019-08-08,1275
2019-08-09,1278
2019-08-10,1300
2019-08-11,1310
2019-08-12,1294
2019-08-13,1292
2019-08-14,1289
2019-08-15,1274
2019-08-16,1238
2019-08-17,1207
2019-08-18,1179
2019-08-19,1162
2019-08-20,1139
2019-08-21,1126
2019-08-22,1149
2019-08-23,1174
2019-08-24,1177
2019-08-25,1171
2019-08-26,1171
2019-08-27,1146
2019-08-28,1129
2019-08-29,1125
2019-08-30,1135
2019-08-31,1140
2019-09-01,1152
2019-09-02,1125
2019-09-03,1098
2019-09-04,1082
2019-09-05,1090
2019-09-06,1076
2019-09-07,1043
2019-09-08,1015
2019-09-09,1002
2019-09-10,1000
2019-09-11,1029
2019-09-12,1046
2019-09-13,1044
2019-09-14,1043
2019-09-15,1038
2019-09-16,1025
2019-09-17,1019
2019-09-18,1030
2019-09-19,1026
2019-09-20,1035
2019-09-21,1022
2019-09-22,1020
2019-09-23,1017
2019-09-24,1004
2019-09-25,1027
2019-09-26,999
2019-09-27,1007
2019-09-28,1007
2019-09-29,1006
2019-09-30,1000
2019-10-01,1000
2019-10-02,1005
2019-10-03,995
2019-10-04,998
2019-10-05,1014
2019-10-06,1029
2019-10-07,1031
2019-10-08,1030
2019-10-09,1040
2019-10-10,1066
2019-10-11,1074
2019-10-12,1066
2019-10-13,1059
2019-10-14,1038
2019-10-15,1030
2019-10-16,1034
2019-10-17,1020
2019-10-18,1022
2019-10-19,1029
2019-10-20,1024
2019-10-21,1017
2019-10-22,1017
2019-10-23,1029
2019-10-24,1029
2019-10-25,1018
2019-10-26,1014
2019-10-27,1005
2019-10-28,1000
2019-10-29,1016
2019-10-30,1029
2019-10-31,1027
2019-11-01,1061
2019-11-02,1072
2019-11-03,1094
2019-11-04,1112
2019-11-05,1093
2019-11-06,1091
2019-11-07,1088
2019-11-08,1097
2019-11-09,1087
2019-11-10,1081
2019-11-11,1060
2019-11-12,1045
2019-11-13,1034
2019-11-14,1023
2019-11-15,1019
2019-11-16,1008
2019-11-17,1010
2019-11-18,989
2019-11-19,975
2019-11-20,963
2019-11-21,947
2019-11-22,946
2019-11-23,922
2019-11-24,920
2019-11-25,910
2019-11-26,925
2019-11-27,955
2019-11-28,982
2019-11-29,1008
2019-11-30,1011
2019-12-01,994
2019-12-02,1005
2019-12-03,1018
2019-12-04,1032
2019-12-05,1011
2019-12-06,1004
2019-12-07,989
2019-12-08,975
2019-12-09,960
2019-12-10,952
2019-12-11,943
2019-12-12,931
2019-12-13,939
2019-12-14,948
2019-12-15,959
2019-12-16,950
2019-12-17,943
2019-12-18,936
2019-12-19,933
2019-12-20,928
2019-12-21,925
2019-12-22,901
2019-12-23,883
2019-12-24,876
2019-12-25,877
2019-12-26,871
2019-12-27,873
2019-12-28,876
2019-12-29,883
2019-12-30,900
2019-12-31,913
2020-01-01,937
2020-01-02,957
2020-01-03,958
2020-01-04,958
2020-01-05,945
2020-01-06,926
2020-01-07,913
2020-01-08,907
2020-01-09,923
2020-01-10,915
2020-01-11,917
2020-01-12,908
2020-01-13,899
2020-01-14,909
2020-01-15,909
2020-01-16,899
2020-01-17,894
2020-01-18,894
2020-01-19,892
2020-01-20,900
2020-01-21,894
2020-01-22,893
2020-01-23,888
2020-01-24,884
2020-01-25,882
2020-01-26,897
2020-01-27,908
2020-01-28,911
2020-01-29,915
2020-01-30,917
2020-01-31,917
2020-02-01,920
2020-02-02,920
2020-02-03,919
2020-02-04,928
2020-02-05,948
2020-02-06,978
2020-02-07,986
2020-02-08,981
2020-02-09,962
2020-02-10,956
2020-02-11,935
2020-02-12,908
2020-02-13,895
2020-02-14,884
2020-02-15,870
2020-02-16,844
2020-02-17,837
2020-02-18,845
2020-02-19,862
2020-02-20,877
2020-02-21,878
2020-02-22,897
2020-02-23,867
2020-02-24,859
2020-02-25,844
2020-02-26,830
2020-02-27,830
2020-02-28,828
2020-02-29,820
2020-03-01,818
2020-03-02,819
2020-03-03,830
2020-03-04,847
2020-03-05,868
2020-03-06,889
2020-03-07,879
2020-03-08,883
2020-03-09,875
2020-03-10,882
2020-03-11,899
2020-03-12,925
2020-03-13,935
2020-03-14,935
2020-03-15,930
2020-03-16,930
2020-03-17,924
2020-03-18,942
2020-03-19,959
2020-03-20,962
2020-03-21,969
2020-03-22,977
2020-03-23,984
2020-03-24,1002
2020-03-25,1034
2020-03-26,1034
2020-03-27,1026
2020-03-28,1017
2020-03-29,1005
2020-03-30,1005
2020-03-31,1009
2020-04-01,1009
2020-04-02,990
2020-04-03,967
2020-04-04,972
2020-04-05,952
2020-04-06,913
2020-04-07,883
2020-04-08,857
2020-04-09,868
2020-04-10,852
2020-04-11,854
2020-04-12,847
2020-04-13,846
2020-04-14,852
2020-04-15,852
2020-04-16,873
2020-04-17,886
2020-04-18,921
2020-04-19,924
2020-04-20,925
2020-04-21,924
2020-04-22,933
2020-04-23,954
2020-04-24,975
2020-04-25,984
2020-04-26,976
2020-04-27,963
2020-04-28,931
2020-04-29,931
2020-04-30,947
2020-05-01,947
2020-05-02,949
2020-05-03,983
2020-05-04,991
2020-05-05,992
2020-05-06,975
2020-05-07,978
2020-05-08,964
2020-05-09,944
2020-05-10,944
2020-05-11,927
2020-05-12,928
2020-05-13,947
2020-05-14,957
2020-05-15,1001
2020-05-16,1032
2020-05-17,1064
2020-05-18,1045
2020-05-19,1038
2020-05-20,1020
2020-05-21,996
2020-05-22,1007
2020-05-23,1052
2020-05-24,1093
2020-05-25,1147
2020-05-26,1205
2020-05-27,1250
2020-05-28,1302
2020-05-29,1361
2020-05-30,1430
2020-05-31,1494
2020-06-01,1566
2020-06-02,1642
2020-06-03,1655
2020-06-04,1612
2020-06-05,1593
2020-06-06,1562
2020-06-07,1483
2020-06-08,1419
2020-06-09,1348
2020-06-10,1330
2020-06-11,1339
2020-06-12,1319
2020-06-13,1326
2020-06-14,1391
2020-06-15,1461
2020-06-16,1436
2020-06-17,1415
2020-06-18,1429
2020-06-19,1462
2020-06-20,1517
2020-06-21,1543
2020-06-22,1589
2020-06-23,1649
2020-06-24,1649
2020-06-25,1580
2020-06-26,1502
2020-06-27,1426
2020-06-28,1354
2020-06-29,1288
2020-06-30,1243
2020-07-01,1235
2020-07-02,1210
2020-07-03,1200
2020-07-04,1215
2020-07-05,1211
2020-07-06,1176
2020-07-07,1139
2020-07-08,1117
2020-07-09,1104
2020-07-10,1077
2020-07-11,1037
2020-07-12,1046
2020-07-13,1072
2020-07-14,1076
2020-07-15,1111
2020-07-16,1116
2020-07-17,1145
2020-07-18,1202
2020-07-19,1263
2020-07-20,1320
2020-07-21,1374
2020-07-22,1378
2020-07-23,1431
2020-07-24,1485
2020-07-25,1425
2020-07-26,1371
2020-07-27,1322
2020-07-28,1281
2020-07-29,1330
2020-07-30,1384
2020-07-31,1423
2020-08-01,1475
2020-08-02,1549
2020-08-03,1593
2020-08-04,1638
2020-08-05,1690
2020-08-06,1682
2020-08-07,1677
2020-08-08,1642
2020-08-09,1676
2020-08-10,1677
2020-08-11,1668
2020-08-12,1701
2020-08-13,1786
2020-08-14,1843
2020-08-15,1813
2020-08-16,1760
2020-08-17,1733
2020-08-18,1679
2020-08-19,1675
2020-08-20,1683
2020-08-21,1686
2020-08-22,1675
2020-08-23,1681
2020-08-24,1649
2020-08-25,1609
2020-08-26,1590
2020-08-27,1615
2020-08-28,1684
2020-08-29,1697
2020-08-30,1745
2020-08-31,1776
2020-09-01,1855
2020-09-02,1898
2020-09-03,1968
2020-09-04,2054
2020-09-05,2103
2020-09-06,2179
2020-09-07,2198
2020-09-08,2183
2020-09-09,2142
2020-09-10,2114
2020-09-11,2076
2020-09-12,2038
2020-09-13,1996
2020-09-14,1897
2020-09-15,1802
2020-09-16,1711
2020-09-17,1625
2020-09-18,1543
2020-09-19,1580
2020-09-20,1600
2020-09-21,1603
2020-09-22,1667
2020-09-23,1751
2020-09-24,1838
2020-09-25,1930
2020-09-26,1994
2020-09-27,2005
2020-09-28,2023
2020-09-29,2035
2020-09-30,2073
2020-10-01,2085
2020-10-02,2104
2020-10-03,2088
2020-10-04,2052
2020-10-05,2037
2020-10-06,1993
2020-10-07,1981
2020-10-08,1996
2020-10-09,2058
2020-10-10,2114
2020-10-11,2130
2020-10-12,2156
2020-10-13,2204
2020-10-14,2275
2020-10-15,2351
2020-10-16,2361
2020-10-17,2388
2020-10-18,2479
2020-10-19,2393
2020-10-20,2273
2020-10-21,2159
2020-10-22,2054
2020-10-23,2104
2020-10-24,2176
2020-10-25,2144
2020-10-26,2129
2020-10-27,2113
2020-10-28,2089
2020-10-29,2050
2020-10-30,2037
2020-10-31,2007
2020-11-01,1938
2020-11-02,1903
2020-11-03,1860
2020-11-04,1821
2020-11-05,1775
2020-11-06,1758
2020-11-07,1749
2020-11-08,1683
2020-11-09,1723
2020-11-10,1796
2020-11-11,1845
2020-11-12,1853
2020-11-13,1865
2020-11-14,1881
2020-11-15,1863
2020-11-16,1844
2020-11-17,1816
2020-11-18,1773
2020-11-19,1742
2020-11-20,1713
2020-11-21,1689
2020-11-22,1661
2020-11-23,1602
2020-11-24,1582
2020-11-25,1547
2020-11-26,1518
2020-11-27,1503
2020-11-28,1506
2020-11-29,1526
2020-11-30,1503
2020-12-01,1501
2020-12-02,1508
2020-12-03,1508
2020-12-04,1513
2020-12-05,1556
2020-12-06,1581
2020-12-07,1556
2020-12-08,1546
2020-12-09,1541
2020-12-10,1529
2020-12-11,1537
2020-12-12,1536
2020-12-13,1561
2020-12-14,1619
2020-12-15,1631
2020-12-16,1696
2020-12-17,1700
2020-12-18,1707
2020-12-19,1747
2020-12-20,1763
2020-12-21,1780
2020-12-22,1755
2020-12-23,1697
2020-12-24,1677
2020-12-25,1687
2020-12-26,1633
2020-12-27,1610
2020-12-28,1610
2020-12-29,1586
2020-12-30,1562
2020-12-31,1543
2021-01-01,1520
2021-01-02,1560
2021-01-03,1574
2021-01-04,1599
2021-01-05,1639
2021-01-06,1642
2021-01-07,1694
2021-01-08,1768
2021-01-09,1807
2021-01-10,1755
2021-01-11,1721
2021-01-12,1689
2021-01-13,1689
2021-01-14,1687
2021-01-15,1714
2021-01-16,1782
2021-01-17,1867
2021-01-18,1898
2021-01-19,1887
2021-01-20,1906
2021-01-21,1939
2021-01-22,1915
2021-01-23,1837
2021-01-24,1778
2021-01-25,1707
2021-01-26,1712
2021-01-27,1698
2021-01-28,1699
2021-01-29,1696
2021-01-30,1695
2021-01-31,1690
2021-02-01,1673
2021-02-02,1687
2021-02-03,1759
2021-02-04,1847
2021-02-05,1873
2021-02-06,1892
2021-02-07,1891
2021-02-08,1934
2021-02-09,1939
2021-02-10,1968
2021-02-11,2036
2021-02-12,2121
2021-02-13,2104
2021-02-14,2085
2021-02-15,2023
2021-02-16,1978
2021-02-17,1977
2021-02-18,1986
2021-02-19,1939
2021-02-20,1896
2021-02-21,1900
2021-02-22,1989
2021-02-23,2076
2021-02-24,2135
2021-02-25,2230
2021-02-26,2299
2021-02-27,2312
2021-02-28,2250
2021-03-01,2252
2021-03-02,2267
2021-03-03,2364
2021-03-04,2343
2021-03-05,2370
2021-03-06,2325
2021-03-07,2223
2021-03-08,2128
2021-03-09,2114
2021-03-10,2066
2021-03-11,1992
2021-03-12,1925
2021-03-13,1920
2021-03-14,1919
2021-03-15,1900
2021-03-16,1836
2021-03-17,1812
2021-03-18,1762
2021-03-19,1806
2021-03-20,1862
2021-03-21,1921
2021-03-22,1992
2021-03-23,2062
2021-03-24,2090
2021-03-25,2047
2021-03-26,1996
2021-03-27,1953
2021-03-28,1966
2021-03-29,1926
2021-03-30,1948
2021-03-31,2010
2021-04-01,2085
2021-04-02,2106
2021-04-03,2107
2021-04-04,2004
2021-04-05,1923
2021-04-06,1874
2021-04-07,1884
2021-04-08,1917
2021-04-09,1920
2021-04-10,1910
2021-04-11,1908
2021-04-12,1883
2021-04-13,1831
2021-04-14,1824
2021-04-15,1826
2021-04-16,1855
2021-04-17,1849
2021-04-18,1847
2021-04-19,1845
2021-04-20,1810
2021-04-21,1744
2021-04-22,1766
2021-04-23,1783
2021-04-24,1847
2021-04-25,1893
2021-04-26,1985
2021-04-27,2085
2021-04-28,2183
2021-04-29,2184
2021-04-30,2202
2021-05-01,2232
2021-05-02,2307
2021-05-03,2396
2021-05-04,2414
2021-05-05,2339
2021-05-06,2282
2021-05-07,2303
2021-05-08,2260
2021-05-09,2219
2021-05-10,2112
2021-05-11,2006
2021-05-12,1905
2021-05-13,1843
2021-05-14,1755
2021-05-15,1771
2021-05-16,1839
2021-05-17,1851
2021-05-18,1844
2021-05-19,1829
2021-05-20,1785
2021-05-21,1798
2021-05-22,1792
2021-05-23,1829
2021-05-24,1817
2021-05-25,1740
2021-05-26,1732
2021-05-27,1754
2021-05-28,1797
2021-05-29,1785
2021-05-30,1820
2021-05-31,1819
2021-06-01,1836
2021-06-02,1804
2021-06-03,1835
2021-06-04,1905
2021-06-05,1866
2021-06-06,1828
2021-06-07,1840
2021-06-08,1860
2021-06-09,1786
2021-06-10,1798
2021-06-11,1785
2021-06-12,1758
2021-06-13,1803
2021-06-14,1837
2021-06-15,1863
2021-06-16,1908
2021-06-17,1909
2021-06-18,1931
2021-06-19,1930
2021-06-20,1899
2021-06-21,1875
2021-06-22,1839
2021-06-23,1841
2021-06-24,1800
2021-06-25,1804
2021-06-26,1795
2021-06-27,1776
2021-06-28,1764
2021-06-29,1686
2021-06-30,1643
2021-07-01,1631
2021-07-02,1633
2021-07-03,1639
2021-07-04,1642
2021-07-05,1688
2021-07-06,1660
2021-07-07,1613
2021-07-08,1588
2021-07-09,1610
2021-07-10,1634
2021-07-11,1615
2021-07-12,1596
2021-07-13,1573
2021-07-14,1554
2021-07-15,1554
2021-07-16,1516
2021-07-17,1510
2021-07-18,1509
2021-07-19,1520
2021-07-20,1531
2021-07-21,1568
2021-07-22,1584
2021-07-23,1578
2021-07-24,1562
2021-07-25,1533
2021-07-26,1505
2021-07-27,1488
2021-07-28,1525
2021-07-29,1541
2021-07-30,1565
2021-07-31,1576
2021-08-01,1559
2021-08-02,1556
2021-08-03,1554
2021-08-04,1618
2021-08-05,1618
2021-08-06,1633
2021-08-07,1594
2021-08-08,1535
2021-08-09,1486
2021-08-10,1412
2021-08-11,1396
2021-08-12,1391
2021-08-13,1377
2021-08-14,1352
2021-08-15,1319
2021-08-16,1304
2021-08-17,1297
2021-08-18,1320
2021-08-19,1310
2021-08-20,1301
2021-08-21,1292
2021-08-22,1263
2021-08-23,1234
2021-08-24,1213
2021-08-25,1197
2021-08-26,1184
2021-08-27,1184
2021-08-28,1181
2021-08-29,1168
2021-08-30,1165
2021-08-31,1169
2021-09-01,1169
2021-09-02,1173
2021-09-03,1159
2021-09-04,1146
2021-09-05,1119
2021-09-06,1080
2021-09-07,1045
2021-09-08,1013
2021-09-09,985
2021-09-10,975
2021-09-11,1022
2021-09-12,1049
2021-09-13,1070
2021-09-14,1083
2021-09-15,1085
2021-09-16,1083
2021-09-17,1100
2021-09-18,1126
2021-09-19,1146
2021-09-20,1180
2021-09-21,1217
2021-09-22,1220
2021-09-23,1242
2021-09-24,1256
2021-09-25,1262
2021-09-26,1258
2021-09-27,1258
2021-09-28,1302
2021-09-29,1313
2021-09-30,1313
2021-10-01,1317
2021-10-02,1329
2021-10-03,1325
2021-10-04,1325
2021-10-05,1294
2021-10-06,1274
2021-10-07,1253
2021-10-08,1220
2021-10-09,1220
2021-10-10,1219
2021-10-11,1219
2021-10-12,1209
2021-10-13,1191
2021-10-14,1194
2021-10-15,1194
2021-10-16,1197
2021-10-17,1197
2021-10-18,1199
2021-10-19,1188
2021-10-20,1189
2021-10-21,1189
2021-10-22,1210
2021-10-23,1218
2021-10-24,1219
2021-10-25,1219
2021-10-26,1221
2021-10-27,1213
2021-10-28,1205
2021-10-29,1205
2021-10-30,1197
2021-10-31,1213
2021-11-01,1213
2021-11-02,1218
2021-11-03,1218
2021-11-04,1213
2021-11-05,1250
2021-11-06,1250
2021-11-07,1254
2021-11-08,1271
2021-11-09,1284
2021-11-10,1281
2021-11-11,1277
2021-11-12,1266
2021-11-13,1255
2021-11-14,1255
2021-11-15,1249
2021-11-16,1260
2021-11-17,1280
2021-11-18,1280
2021-11-19,1282
2021-11-20,1292
2021-11-21,1280
2021-11-22,1233
2021-11-23,1251
2021-11-24,1257
2021-11-25,1257
2021-11-26,1251
2021-11-27,1258
2021-11-28,1310
2021-11-29,1332
2021-11-30,1338
2021-12-01,1343
2021-12-02,1362
2021-12-03,1379
2021-12-04,1420
2021-12-05,1470
2021-12-06,1469
2021-12-07,1453
2021-12-08,1457
2021-12-09,1480
2021-12-10,1515
2021-12-11,1556
2021-12-12,1553
2021-12-13,1570
2021-12-14,1570
2021-12-15,1576
2021-12-16,1584
2021-12-17,1625
2021-12-18,1597
2021-12-19,1597
2021-12-20,1608
2021-12-21,1602
2021-12-22,1602
2021-12-23,1578
2021-12-24,1522
2021-12-25,1530
2021-12-26,1545
2021-12-27,1558
2021-12-28,1587
2021-12-29,1640
2021-12-30,1668
2021-12-31,1674
2022-01-01,1655
2022-01-02,1665
2022-01-03,1713
2022-01-04,1728
2022-01-05,1770
2022-01-06,1849
2022-01-07,1918
2022-01-08,2014
2022-01-09,2066
2022-01-10,2042
2022-01-11,2127
2022-01-12,2231
2022-01-13,2343
2022-01-14,2441
2022-01-15,2564
2022-01-16,2692
2022-01-17,2743
2022-01-18,2845
2022-01-19,2904
2022-01-20,2945
2022-01-21,2936
2022-01-22,2952
2022-01-23,2938
2022-01-24,2929
2022-01-25,2895
2022-01-26,2797
2022-01-27,2786
2022-01-28,2839
2022-01-29,2841
2022-01-30,2759
2022-01-31,2645
2022-02-01,2536
2022-02-02,2455
2022-02-03,2445
2022-02-04,2530
2022-02-05,2598
2022-02-06,2637
2022-02-07,2716
2022-02-08,2744
2022-02-09,2740
2022-02-10,2778
2022-02-11,2865
2022-02-12,2877
2022-02-13,2946
2022-02-14,3059
2022-02-15,3163
2022-02-16,3198
2022-02-17,3063
2022-02-18,2937
2022-02-19,2794
2022-02-20,2677
2022-02-21,2578
2022-02-22,2631
2022-02-23,2654
2022-02-24,2689
2022-02-25,2708
2022-02-26,2796
2022-02-27,2929
2022-02-28,2929
2022-03-01,3098
2022-03-02,3031
2022-03-03,3070
2022-03-04,3066
2022-03-05,3098
2022-03-06,3062
2022-03-07,3105
2022-03-08,3143
2022-03-09,3098
2022-03-10,3019
2022-03-11,2922
2022-03-12,2778
2022-03-13,2639
2022-03-14,2527
2022-03-15,2477
2022-03-16,2435
2022-03-17,2506
2022-03-18,2628
2022-03-19,2648
2022-03-20,2628
2022-03-21,2628
2022-03-22,2621
2022-03-23,2608
2022-03-24,2629
2022-03-25,2670
2022-03-26,2673
2022-03-27,2671
2022-03-28,2669
2022-03-29,2708
2022-03-30,2665
2022-03-31,2625
2022-04-01,2594
2022-04-02,2544
2022-04-03,2575
2022-04-04,2551
2022-04-05,2541
2022-04-06,2563
2022-04-07,2531
2022-04-08,2490
2022-04-09,2454
2022-04-10,2411
2022-04-11,2359
2022-04-12,2326
2022-04-13,2293
2022-04-14,2269
2022-04-15,2253
2022-04-16,2204
2022-04-17,2179
2022-04-18,2149
2022-04-19,2144
2022-04-20,2165
2022-04-21,2219
2022-04-22,2270
2022-04-23,2267
2022-04-24,2265
2022-04-25,2265
2022-04-26,2291
2022-04-27,2300
2022-04-28,2277
2022-04-29,2259
2022-04-30,2251
2022-05-01,2231
2022-05-02,2245
2022-05-03,2245
2022-05-04,2233
2022-05-05,2227
2022-05-06,2296
2022-05-07,2332
2022-05-08,2311
2022-05-09,2341
2022-05-10,2398
2022-05-11,2418
2022-05-12,2418
2022-05-13,2481
2022-05-14,2526
2022-05-15,2583
2022-05-16,2643
2022-05-17,2671
2022-05-18,2705
2022-05-19,2747
2022-05-20,2737
2022-05-21,2695
2022-05-22,2618
2022-05-23,2533
2022-05-24,2433
2022-05-25,2319
2022-05-26,2351
2022-05-27,2393
2022-05-28,2439
2022-05-29,2480
2022-05-30,2533
2022-05-31,2609
2022-06-01,2720
2022-06-02,2790
2022-06-03,2816
2022-06-04,2769
2022-06-05,2650
2022-06-06,2584
2022-06-07,2554
2022-06-08,2537
2022-06-09,2500
2022-06-10,2531
2022-06-11,2555
2022-06-12,2562
2022-06-13,2607
2022-06-14,2632
2022-06-15,2633
2022-06-16,2677
2022-06-17,2676
2022-06-18,2683
2022-06-19,2655
2022-06-20,2621
2022-06-21,2577
2022-06-22,2480
2022-06-23,2468
2022-06-24,2463
2022-06-25,2486
2022-06-26,2519
2022-06-27,2542
2022-06-28,2245
2022-06-29,2245
2022-06-30,2511
2022-07-01,2451
2022-07-02,2394
2022-07-03,2350
2022-07-04,2350
2022-07-05,2368
2022-07-06,2340
2022-07-07,2268
2022-07-08,2275
2022-07-09,2211
2022-07-10,2145
2022-07-11,2103
2022-07-12,2148
2022-07-13,2146
2022-07-14,2193
2022-07-15,2238
2022-07-16,2324
2022-07-17,2298
2022-07-18,2281
2022-07-19,2301
2022-07-20,2358
2022-07-21,2397
2022-07-22,2376
2022-07-23,2343
2022-07-24,2409
2022-07-25,2507
2022-07-26,2507
2022-07-27,2609
2022-07-28,2627
2022-07-29,2593
2022-07-30,2570
2022-07-31,2620
2022-08-01,2700
2022-08-02,2649
2022-08-03,2596
2022-08-04,2548
2022-08-05,2530
2022-08-06,2480
2022-08-07,2487
2022-08-08,2487
2022-08-09,2434
2022-08-10,2444
2022-08-11,2443
2022-08-12,2415
2022-08-13,2393
2022-08-14,2379
2022-08-15,2364
2022-08-16,2344
2022-08-17,2368
2022-08-18,2424
2022-08-19,2404
2022-08-20,2372
2022-08-21,2385
2022-08-22,2412
2022-08-23,2509
2022-08-24,2598
2022-08-25,2691
2022-08-26,2792
2022-08-27,2893
2022-08-28,2945
2022-08-29,2937
2022-08-30,2917
2022-08-31,2801
2022-09-01,2759
2022-09-02,2739
2022-09-03,2732
2022-09-04,2751
2022-09-05,2755
2022-09-06,2721
2022-09-07,2710
2022-09-08,2713
2022-09-09,2713
2022-09-10,2787
2022-09-11,2805
2022-09-12,2832
2022-09-13,2836
2022-09-14,2854
2022-09-15,2885
2022-09-16,2885
2022-09-17,2945
2022-09-18,2958
2022-09-19,3010
2022-09-20,2937
2022-09-21,2873
2022-09-22,2812
2022-09-23,2773
2022-09-24,2779
2022-09-25,2732
2022-09-26,2677
2022-09-27,2642
2022-09-28,2598
2022-09-29,2588
2022-09-30,2589
2022-10-01,2624
2022-10-02,2637
2022-10-03,2645
2022-10-04,2673
2022-10-05,2700
2022-10-06,2752
2022-10-07,2733
2022-10-08,2698
2022-10-09,2609
2022-10-10,2509
2022-10-11,2498
2022-10-12,2449
2022-10-13,2438
2022-10-14,2454
2022-10-15,2424
2022-10-16,2421
2022-10-17,2403
2022-10-18,2379
2022-10-19,2348
2022-10-20,2341
2022-10-21,2341
2022-10-22,2372
2022-10-23,2394
2022-10-24,2428
2022-10-25,2452
2022-10-26,2468
2022-10-27,2480
2022-10-28,2476
2022-10-29,2469
2022-10-30,2458
2022-10-31,2448
2022-11-01,2426
2022-11-02,2416
2022-11-03,2414
2022-11-04,2414
2022-11-05,2441
2022-11-06,2420
2022-11-07,2424
2022-11-08,2434
2022-11-09,2424
2022-11-10,2415
2022-11-11,2400
2022-11-12,2400
2022-11-13,2385
2022-11-14,2366
2022-11-15,2330
2022-11-16,2222
2022-11-17,2184
2022-11-18,2167
2022-11-19,2131
2022-11-20,2116
2022-11-21,2153
2022-11-22,2190
2022-11-23,2245
2022-11-24,2241
2022-11-25,2267
2022-11-26,2300
2022-11-27,2299
2022-11-28,2307
2022-11-29,2311
2022-11-30,2286
2022-12-01,2260
2022-12-02,2260
2022-12-03,2214
2022-12-04,2165
2022-12-05,2156
2022-12-06,2165
2022-12-07,2202
2022-12-08,2200
2022-12-09,2186
2022-12-10,2191
2022-12-11,2161
2022-12-12,2128
2022-12-13,2128
2022-12-14,2102
2022-12-15,2095
2022-12-16,2083
2022-12-17,2123
2022-12-18,2138
2022-12-19,2159
2022-12-20,2149
2022-12-21,2166
2022-12-22,2204
2022-12-23,2216
2022-12-24,2173
2022-12-25,2147
2022-12-26,2104
2022-12-27,2083
2022-12-28,2067
2022-12-29,2053
2022-12-30,2030
2022-12-31,2015
2023-01-01,1977
2023-01-02,1988
2023-01-03,2022
2023-01-04,2022
2023-01-05,2041
2023-01-06,2078
2023-01-07,2091
2023-01-08,2079
2023-01-09,2075
2023-01-10,2089
2023-01-11,2114
2023-01-12,2101
2023-01-13,2090
2023-01-14,2069
2023-01-15,2051
2023-01-16,2013
2023-01-17,2040
2023-01-18,2028
2023-01-19,2072
2023-01-20,2123
2023-01-21,2123
2023-01-22,2148
2023-01-23,2165
2023-01-24,2209
2023-01-25,2208
2023-01-26,2235
2023-01-27,2261
2023-01-28,2221
2023-01-29,2222
2023-01-30,2157
2023-01-31,2110
2023-02-01,2079
2023-02-02,2061
2023-02-03,2097
2023-02-04,2109
2023-02-05,2126
2023-02-06,2175
2023-02-07,2204
2023-02-08,2242
2023-02-09,2208
2023-02-10,2195
2023-02-11,2222
2023-02-12,2228
2023-02-13,2231
2023-02-14,2210
2023-02-15,2200
2023-02-16,2204
2023-02-17,2250
2023-02-18,2258
2023-02-19,2221
2023-02-20,2184
2023-02-21,2150
2023-02-22,2140
2023-02-23,2140
2023-02-24,2160
2023-02-25,2235
2023-02-26,2260
2023-02-27,2347
2023-02-28,2420
2023-03-01,2489
2023-03-02,2490
2023-03-03,2510
2023-03-04,2549
2023-03-05,2621
2023-03-06,2650
2023-03-07,2662
2023-03-08,2662
2023-03-09,2668
2023-03-10,2620
2023-03-11,2630
2023-03-12,2581
2023-03-13,2547
2023-03-14,2585
2023-03-15,2627
2023-03-16,2627
2023-03-17,2679
2023-03-18,2668
2023-03-19,2644
2023-03-20,2632
2023-03-21,2622
2023-03-22,2622
2023-03-23,2587
2023-03-24,2597
2023-03-25,2616
2023-03-26,2592
2023-03-27,2642
2023-03-28,2703
2023-03-29,2700
2023-03-30,2634
2023-03-31,2621
2023-04-01,2662
2023-04-02,2665
2023-04-03,2741
2023-04-04,2754
2023-04-05,2754
2023-04-06,2764
2023-04-07,2717
2023-04-08,2717
2023-04-09,2679
2023-04-10,2717
2023-04-11,2717
2023-04-12,2749
2023-04-13,2817
2023-04-14,2896
2023-04-15,2909
2023-04-16,2943
2023-04-17,2930
2023-04-18,2920
2023-04-19,2951
2023-04-20,2951
2023-04-21,2990
2023-04-22,3062
2023-04-23,3147
2023-04-24,3228
2023-04-25,3171
2023-04-26,3171
2023-04-27,3213
2023-04-28,3213
2023-04-29,3337
2023-04-30,3315
2023-05-01,3282
2023-05-02,3232
2023-05-03,3205
2023-05-04,3164
2023-05-05,3211
2023-05-06,3249
2023-05-07,3311
2023-05-08,3340
2023-05-09,3336
2023-05-10,3272
2023-05-11,3303
2023-05-12,3314
2023-05-13,3320
2023-05-14,3313
2023-05-15,3304
2023-05-16,3320
2023-05-17,3273
2023-05-18,3211
2023-05-19,3174
2023-05-20,3129
2023-05-21,3091
2023-05-22,3014
2023-05-23,2918
2023-05-24,2843
2023-05-25,2841
2023-05-26,2748
2023-05-27,2761
2023-05-28,2780
2023-05-29,2821
2023-05-30,2854
2023-05-31,2910
2023-06-01,2872
2023-06-02,2899
2023-06-03,2898
2023-06-04,2852
2023-06-05,2927
2023-06-06,2904
2023-06-07,2904
2023-06-08,2893
2023-06-09,2885
2023-06-10,2899
2023-06-11,2899
2023-06-12,2920
2023-06-14,2922
2023-06-15,2902
2023-06-16,2842
2023-06-17,2798
2023-06-18,2693
2023-06-19,2623
2023-06-21,2502
2023-06-22,2445
2023-06-23,2388
2023-06-24,2388
2023-06-25,2417
2023-06-26,2417
2023-06-27,2447
2023-06-28,2518
2023-06-29,2518
2023-06-30,2581
2023-07-01,2581
2023-07-02,2581
2023-07-03,2630
2023-07-04,2661
2023-07-05,2695
2023-07-06,2695
2023-07-07,2704
2023-07-08,2758
2023-07-09,2751
2023-07-10,2681
2023-07-11,2649
2023-07-12,2622
2023-07-13,2605
2023-07-14,2586
2023-07-15,2593
2023-07-16,2585
2023-07-17,2585
2023-07-18,2649
2023-07-19,2713
2023-07-20,2770
2023-07-21,2770
2023-07-22,2777
2023-07-23,2739
2023-07-27,2844
2023-07-30,2855
2023-07-31,2814
2023-08-01,2792
2023-08-02,2786
2023-08-03,2814
2023-08-04,2852
2023-08-05,2886
2023-08-06,2909
2023-08-09,2931
2023-08-10,2854
2023-08-11,2762
2023-08-12,2762
2023-08-13,2660
2023-08-14,2564
2023-08-19,2239
2023-08-20,2146
2023-08-21,2063
2023-08-22,2063
2023-08-23,2072
2023-08-24,2154
2023-08-25,2154
2023-08-26,2246
2023-08-27,2307
2023-08-28,2294
2023-08-29,2342
2023-08-30,2342
2023-08-31,2358
2023-09-01,2358
2023-09-02,2384
2023-09-03,2350
2023-09-04,2350
2023-09-05,2343
2023-09-06,2327
2023-09-07,2371
2023-09-08,2371
2023-09-09,2412
2023-09-10,2412
2023-09-11,2413
2023-09-12,2413
2023-09-13,2429
2023-09-14,2438
2023-09-15,2438
2023-09-16,2462
2023-09-17,2461
2023-09-18,2481
2023-09-19,2481
2023-09-20,2552
2023-09-21,2552
2023-09-22,2656
2023-09-23,2656
2023-09-24,2613
2023-09-25,2552
2023-09-26,2514
2023-09-27,2493
2023-09-28,2503
2023-09-29,2513
2023-09-30,2513
2023-10-01,2560
2023-10-02,2536
2023-10-03,2577
2023-10-04,2585
2023-10-05,2585
2023-10-06,2572
2023-10-07,2572
2023-10-08,2567
2023-10-09,2611
2023-10-10,2642
2023-10-11,2609
2023-10-12,2609
2023-10-13,2630
2023-10-14,2633
2023-10-15,2643
2023-10-16,2636
2023-10-17,2636
2023-10-18,2659
2023-10-19,2554
2023-10-20,2562
2023-10-21,2554
2023-10-22,2554
2023-10-23,2631
2023-10-24,2619
2023-10-25,2633
2023-10-26,2691
2023-10-27,2691
2023-10-28,2715
2023-10-29,2715
2023-10-30,2735
2023-10-31,2762
2023-11-01,2743
2023-11-02,2654
2023-11-03,2573
2023-11-04,2469
2023-11-05,2391
2023-11-06,2353
2023-11-07,2355
2023-11-08,2448
2023-11-09,2525
2023-11-10,2557
2023-11-11,2554
2023-11-12,2494
2023-11-13,2441
2023-11-14,2443
2023-11-15,2407
2023-11-16,2407
2023-11-17,2440
2023-11-18,2471
2023-11-19,2499
2023-11-20,2562
2023-11-21,2657
2023-11-22,2695
2023-11-23,2714
2023-11-24,2714
2023-11-25,2654
2023-11-26,2603
2023-11-27,2629
2023-11-28,2602
2023-11-29,2618
2023-11-30,2528
2023-12-01,2435
2023-12-02,2314
2023-12-03,2198
2023-12-04,2088
2023-12-05,1986
2023-12-06,2020
2023-12-07,2020
2023-12-08,2059
2023-12-09,2059
2023-12-10,2105
2023-12-11,2149
2023-12-12,2149
2023-12-13,2243
2023-12-14,2243
2023-12-15,2319
2023-12-16,2319
2023-12-17,2350
2023-12-18,2356
2023-12-19,2378
2023-12-20,2390
2023-12-21,2390
2023-12-22,2397
2023-12-23,2444
2023-12-24,2472
2023-12-25,2472
2023-12-26,2561
2023-12-27,2650
2023-12-28,2650
2023-12-29,2658
2023-12-30,2684
2023-12-31,2708
2024-01-01,2700
2024-01-02,2695
2024-01-03,2761
2024-01-04,2693
2024-01-05,2575
2024-01-06,2499
2024-01-07,2481
2024-01-08,2450
2024-01-09,2498
2024-01-10,2516
2024-01-11,2574
2024-01-12,2574
2024-01-13,2624
2024-01-14,2686
2024-01-15,2725
2024-01-16,2686
2024-01-17,2697
2024-01-18,2731
2024-01-19,2784
2024-01-20,2813
2024-01-21,2823
2024-01-22,2861
2024-01-23,2904
2024-01-24,3016
2024-01-25,3027
2024-01-26,2997
2024-01-27,2997
2024-01-28,2913
2024-01-29,2884
2024-01-30,2817
2024-01-31,2759
2024-02-01,2748
2024-02-02,2847
2024-02-03,2883
2024-02-04,2883
2024-02-05,2974
2024-02-06,2974
2024-02-07,2895
2024-02-08,2780
2024-02-09,2780
2024-02-10,2701
2024-02-11,2634
2024-02-12,2563
2024-02-13,2588
2024-02-14,2630
2024-02-15,2630
2024-02-16,2652
2024-02-17,2652
2024-02-18,2581
2024-02-19,2566
2024-02-20,2571
2024-02-21,2571
2024-02-22,2536
2024-02-23,2534
2024-02-24,2493
2024-02-25,2493
2024-02-26,2491
2024-02-27,2521
2024-02-28,2506
2024-02-29,2506
2024-03-01,2496
2024-03-02,2528
2024-03-03,2550
2024-03-04,2550
2024-03-05,2514
2024-03-06,2471
2024-03-07,2471
2024-03-08,2457
2024-03-09,2457
2024-03-10,2469
2024-03-11,2532
2024-03-12,2602
2024-03-13,2606
2024-03-14,2606
2024-03-15,2580
2024-03-16,2580
2024-03-17,2551
2024-03-18,2549
2024-03-19,2541
2024-03-20,2510
2024-03-21,2510
2024-03-22,2479
2024-03-23,2474
2024-03-24,2481
2024-03-25,2561
2024-03-26,2590
2024-03-27,2590
2024-03-28,2597
2024-03-29,2597
2024-03-30,2616
2024-03-31,2616
2024-04-01,2657
2024-04-02,2728
2024-04-03,2723
2024-04-04,2723
2024-04-05,2697
2024-04-06,2704
2024-04-07,2688
2024-04-08,2688
2024-04-09,2697
2024-04-10,2764
2024-04-11,2876
2024-04-12,2982
2024-04-13,3064
2024-04-14,3032
2024-04-15,3032
2024-04-16,2982
2024-04-17,2982
2024-04-18,2992
2024-04-19,2993
2024-04-20,2993
2024-04-21,2994
2024-04-22,2994
2024-04-23,3068
2024-04-24,3106
2024-04-25,3106
2024-04-26,3221
2024-04-27,3264
2024-04-28,3264
2024-04-29,3214
2024-04-30,3103
2024-05-01,3026
2024-05-02,2974
2024-05-03,2926
2024-05-08,3000
2024-05-09,2914
2024-05-10,2950
2024-05-11,2936
2024-05-12,2927
2024-05-13,2927
2024-05-14,2968
2024-05-15,3029
2024-05-16,3050
2024-05-17,3098
2024-05-18,3111
2024-05-19,3157
2024-05-20,3157
2024-05-21,3091
2024-05-22,3065
2024-05-23,2982
2024-05-24,2904
2024-05-25,2904
2024-05-26,2811
2024-05-27,2857
2024-05-28,2904
2024-05-29,2935
2024-05-30,2959
2024-05-31,3060
2024-06-01,3162
2024-06-02,3162
2024-06-03,3288
2024-06-04,3340
2024-06-05,3340
2024-06-06,3334
2024-06-07,3341
2024-06-08,3341
2024-06-09,3379
2024-06-10,3449
2024-06-11,3510
2024-06-12,3510
2024-06-14,3632
2024-06-15,3718
2024-06-16,3813
2024-06-17,3728
2024-06-18,3728
2024-06-19,3583
2024-06-20,3526
2024-06-21,3526
2024-06-22,3424
2024-06-23,3412
2024-06-24,3453
2024-06-25,3525
2024-06-26,3415
2024-06-27,3415
2024-06-28,3349
2024-06-29,3328
2024-06-30,3328
2024-07-01,3201
2024-07-02,3201
2024-07-03,3208
2024-07-04,3208
2024-07-05,3185
2024-07-06,3263
2024-07-07,3285
2024-07-08,3289
2024-07-09,3289
2024-07-10,3364
2024-07-11,3326
2024-07-12,3352
2024-07-13,3352
2024-07-14,3433
2024-07-15,3433
2024-07-16,3579
2024-07-17,3647
2024-07-18,3632
2024-07-19,3657
2024-07-20,3657
2024-07-21,3660
2024-07-22,3661
2024-07-23,3581
2024-07-24,3557
2024-07-25,3583
2024-07-26,3583
2024-07-27,3660
2024-07-28,3694
2024-07-29,3694
2024-07-30,3682
2024-07-31,3682
2024-08-01,3689
2024-08-02,3699
2024-08-03,3709
2024-08-04,3709
2024-08-05,3734
2024-08-06,3667
2024-08-07,3664
2024-08-08,3676
2024-08-09,3675
2024-08-10,3668
2024-08-11,3670
2024-08-12,3691
2024-08-13,3610
2024-08-14,3549
2024-08-15,3632
2024-08-16,3708
2024-08-17,3736
2024-08-18,3690
2024-08-19,3727
2024-08-20,3896
2024-08-21,3989
2024-08-22,3989
2024-08-23,4124
2024-08-24,4154
2024-08-25,4111
2024-08-26,4209
2024-08-27,4395
2024-08-28,4583
2024-08-29,4812
2024-08-30,5052
2024-08-31,5295
2024-09-01,5363
2024-09-02,5489
2024-09-03,5679
2024-09-04,5630
2024-09-05,5496
2024-09-06,5306
2024-09-07,5086
2024-09-08,4864
2024-09-09,4675
2024-09-10,4545
2024-09-11,4475
2024-09-12,4456
2024-09-13,4451
2024-09-14,4646
2024-09-15,4692
2024-09-16,4692
2024-09-17,4585
2024-09-18,4495
2024-09-19,4381
2024-09-20,4288
2024-09-21,4198
2024-09-22,4140
2024-09-23,4014
2024-09-24,3940
2024-09-25,3884
2024-09-26,3798
2024-09-27,3874
2024-09-28,3969
2024-09-29,4064
2024-09-30,4079
2024-10-01,4174
2024-10-02,4273
2024-10-03,4289
2024-10-04,4300
2024-10-05,4289
2024-10-06,4228
2024-10-07,4197
2024-10-08,4197
2024-10-09,4135
2024-10-10,4090
2024-10-11,4008
2024-10-12,3909
2024-10-13,3840
2024-10-14,3862
2024-10-15,3899
2024-10-16,3864
2024-10-17,3864
2024-10-18,3872
2024-10-19,3969
2024-10-20,3969
2024-10-21,3948
2024-10-22,3952
2024-10-23,4101
2024-10-24,4101
2024-10-25,4188
2024-10-26,4194
2024-10-27,4195
2024-10-28,4196
2024-10-29,4123
2024-10-30,4002
2024-10-31,3839
2024-11-01,3839
2024-11-02,3884
2024-11-03,3884
2024-11-04,4024
2024-11-05,4149
2024-11-06,4346
2024-11-07,4552
2024-11-08,4552
2024-11-09,4702
2024-11-10,4785
2024-11-11,4818
2024-11-12,4785
2024-11-13,4722
2024-11-14,4715
2024-11-15,4591
2024-11-16,4471
2024-11-17,4324
2024-11-18,4199
2024-11-19,4075
2024-11-20,4058
2024-11-21,4092
2024-11-22,4127
2024-11-23,4176
2024-11-24,4247
2024-11-25,4306
2024-11-26,4304
2024-11-27,4275
2024-11-28,4228
2024-11-29,4135
2024-11-30,4149
2024-12-01,4195
2024-12-02,4197
2024-12-03,4279
2024-12-04,4300
2024-12-05,4304
2024-12-06,4224
2024-12-07,4060
2024-12-08,4060
2024-12-09,4007
2024-12-10,3908
2024-12-11,3908
2024-12-12,3800
2024-12-13,3691
2024-12-14,3593
2024-12-15,3602
2024-12-16,3637
2024-12-17,3561
2024-12-18,3463
2024-12-19,3463
2024-12-20,3381
2024-12-21,3304
2024-12-22,3304
2024-12-23,3230
2024-12-24,3243
2024-12-25,3242
2024-12-26,3245
2024-12-27,3252
2024-12-28,3251
2024-12-29,3225
2024-12-30,3267
2024-12-31,3241
2025-01-01,3280
2025-01-02,3331
2025-01-03,3331
2025-01-04,3417
2025-01-05,3459
2025-01-06,3468
2025-01-07,3457
2025-01-08,3479
2025-01-09,3468
2025-01-10,3484
2025-01-11,3484
2025-01-12,3506
2025-01-13,3509
2025-01-14,3509
2025-01-15,3611
2025-01-16,3777
2025-01-17,3840
2025-01-18,3893
2025-01-19,3928
2025-01-20,3956
2025-01-21,4015
2025-01-22,3947
2025-01-23,3942
2025-01-24,3980
2025-01-25,3980
2025-01-26,3988
2025-01-27,3974
2025-01-28,3967
2025-01-29,3927
2025-01-30,3915
2025-01-31,3850
2025-02-01,3827
2025-02-02,3824
2025-02-03,3811
2025-02-04,3798
2025-02-05,3801
2025-02-06,3794
2025-02-07,3772
2025-02-08,3772
2025-02-09,3767
2025-02-10,3821
2025-02-11,3817
2025-02-12,3854
2025-02-13,3854
2025-02-14,3930
2025-02-15,4014
2025-02-16,3990
2025-02-17,3985
2025-02-18,3985
2025-02-19,3985
2025-02-20,3990
2025-02-21,3917
2025-02-22,3924
2025-02-23,3882
2025-02-24,3882
2025-02-25,3866
2025-02-26,3866
2025-02-27,3841
2025-02-28,3827
2025-03-01,3798
2025-03-02,3798
2025-03-03,3801
2025-03-04,3777
2025-03-05,3798
2025-03-06,3798
2025-03-07,3807
2025-03-08,3807
2025-03-09,3784
2025-03-10,3777
2025-03-11,3777
2025-03-12,3770
2025-03-13,3770
2025-03-14,3786
2025-03-15,3786
2025-03-16,3839
2025-03-17,3821
2025-03-18,3777
2025-03-19,3803
2025-03-20,3803
2025-03-21,3938
2025-03-22,3938
2025-03-23,3958
2025-03-24,3974
2025-03-25,3974
2025-03-26,4020
2025-03-27,3998
2025-03-28,3998
2025-03-29,3946
2025-03-30,3847
2025-03-31,3772
2025-04-01,3717
2025-04-02,3667
2025-04-03,3670
2025-04-04,3670
2025-04-05,3633
2025-04-06,3633
2025-04-07,3624
2025-04-08,3624
2025-04-09,3675
2025-04-10,3733
2025-04-11,3816
2025-04-12,3852
2025-04-13,3852
2025-04-14,3753
2025-04-15,3713
2025-04-16,3688
2025-04-17,3688
2025-04-18,3672
2025-04-19,3672
2025-04-20,3670
2025-04-21,3668
2025-04-22,3668
2025-04-23,3666
2025-04-24,3699
2025-04-25,3708
2025-04-26,3711
2025-04-27,3676
2025-04-28,3612
2025-04-29,3594
2025-04-30,3594
2025-05-01,3570
2025-05-02,3550
2025-05-03,3581
2025-05-04,3607
2025-05-05,3607
2025-05-06,3598
2025-05-07,3628
2025-05-08,3628
2025-05-09,3671
2025-05-10,3699
2025-05-11,3699
2025-05-12,3666
2025-05-13,3666
2025-05-14,3651
2025-05-15,3649
2025-05-16,3649
2025-05-17,3619
2025-05-18,3619
2025-05-19,3604
2025-05-20,3568
2025-05-21,3568
2025-05-22,3515
2025-05-23,3472
2025-05-24,3395
2025-05-25,3390
2025-05-26,3390
2025-05-27,3377
2025-05-28,3377
2025-05-29,3390
2025-05-30,3404
2025-05-31,3404
2025-06-01,3384
2025-06-02,3287
2025-06-03,3287
2025-06-04,3263
2025-06-05,3221
2025-06-06,3227
2025-06-07,3227
2025-06-08,3167
2025-06-09,3176
2025-06-10,3258
2025-06-11,3258
2025-06-12,3302
2025-06-13,3349
2025-06-14,3349
2025-06-15,3391
2025-06-16,3430
2025-06-17,3430
2025-06-18,3391
2025-06-19,3352
2025-06-20,3352
2025-06-21,3323
2025-06-22,3323
2025-06-23,3321
2025-06-24,3337
2025-06-25,3386
2025-06-26,3386
2025-06-27,3407
2025-06-28,3444
2025-06-29,3444
2025-06-30,3427
2025-07-01,3427
2025-07-02,3399
2025-07-03,3393
2025-07-04,3393
2025-07-05,3346
2025-07-06,3372
2025-07-07,3372
2025-07-08,3386
2025-07-09,3386
2025-07-10,3401
2025-07-11,3453
2025-07-12,3453
2025-07-13,3468
2025-07-14,3468
2025-07-15,3527
2025-07-16,3527
2025-07-17,3540
2025-07-18,3540
2025-07-19,3573
2025-07-20,3474
2025-07-21,3474
2025-07-22,3347
2025-07-23,3278
2025-07-24,3278
2025-07-25,3225
2025-07-26,3302
2025-07-27,3296
2025-07-28,3296
2025-07-29,3351
2025-07-30,3377
